scope,station,from_line,from_direction_key,to_line,to_direction_key,position_primary,position_alternatives,status,source_kind,canonical_namu_url,evidence_url,note,pair_default_seconds,record_seconds
current_app,가락시장,3호선,경찰병원,8호선,문정,2-1,,verified_legacy,legacy_app,https://namu.wiki/w/%EC%88%98%EB%8F%84%EA%B6%8C%20%EC%A0%84%EC%B2%A0%20%ED%99%98%EC%8A%B9%20%EC%A0%95%EB%B3%B4/%EC%88%98%EB%8F%84%EA%B6%8C%20%EC%A0%84%EC%B2%A0%203%ED%98%B8%EC%84%A0,https://namu.wiki/w/%EC%88%98%EB%8F%84%EA%B6%8C%20%EC%A0%84%EC%B2%A0%20%ED%99%98%EC%8A%B9%20%EC%A0%95%EB%B3%B4/%EC%88%98%EB%8F%84%EA%B6%8C%20%EC%A0%84%EC%B2%A0%203%ED%98%B8%EC%84%A0,,89,89
current_app,가락시장,3호선,경찰병원,8호선,송파,2-1,,verified_legacy,legacy_app,https://namu.wiki/w/%EC%88%98%EB%8F%84%EA%B6%8C%20%EC%A0%84%EC%B2%A0%20%ED%99%98%EC%8A%B9%20%EC%A0%95%EB%B3%B4/%EC%88%98%EB%8F%84%EA%B6%8C%20%EC%A0%84%EC%B2%A0%203%ED%98%B8%EC%84%A0,https://namu.wiki/w/%EC%88%98%EB%8F%84%EA%B6%8C%20%EC%A0%84%EC%B2%A0%20%ED%99%98%EC%8A%B9%20%EC%A0%95%EB%B3%B4/%EC%88%98%EB%8F%84%EA%B6%8C%20%EC%A0%84%EC%B2%A0%203%ED%98%B8%EC%84%A0,,89,89
current_app,가락시장,3호선,수서,8호선,문정,10-1,,verified_legacy,legacy_app,https://namu.wiki/w/%EC%88%98%EB%8F%84%EA%B6%8C%20%EC%A0%84%EC%B2%A0%20%ED%99%98%EC%8A%B9%20%EC%A0%95%EB%B3%B4/%EC%88%98%EB%8F%84%EA%B6%8C%20%EC%A0%84%EC%B2%A0%203%ED%98%B8%EC%84%A0,https://namu.wiki/w/%EC%88%98%EB%8F%84%EA%B6%8C%20%EC%A0%84%EC%B2%A0%20%ED%99%98%EC%8A%B9%20%EC%A0%95%EB%B3%B4/%EC%88%98%EB%8F%84%EA%B6%8C%20%EC%A0%84%EC%B2%A0%203%ED%98%B8%EC%84%A0,,89,89
current_app,가락시장,3호선,수서,8호선,송파,10-1,,verified_legacy,legacy_app,https://namu.wiki/w/%EC%88%98%EB%8F%84%EA%B6%8C%20%EC%A0%84%EC%B2%A0%20%ED%99%98%EC%8A%B9%20%EC%A0%95%EB%B3%B4/%EC%88%98%EB%8F%84%EA%B6%8C%20%EC%A0%84%EC%B2%A0%203%ED%98%B8%EC%84%A0,https://namu.wiki/w/%EC%88%98%EB%8F%84%EA%B6%8C%20%EC%A0%84%EC%B2%A0%20%ED%99%98%EC%8A%B9%20%EC%A0%95%EB%B3%B4/%EC%88%98%EB%8F%84%EA%B6%8C%20%EC%A0%84%EC%B2%A0%203%ED%98%B8%EC%84%A0,,89,89
current_app,가락시장,8호선,문정,3호선,경찰병원,1-1,,verified_legacy,legacy_app,https://namu.wiki/w/%EC%88%98%EB%8F%84%EA%B6%8C%20%EC%A0%84%EC%B2%A0%20%ED%99%98%EC%8A%B9%20%EC%A0%95%EB%B3%B4,https://namu.wiki/w/%EC%88%98%EB%8F%84%EA%B6%8C%20%EC%A0%84%EC%B2%A0%20%ED%99%98%EC%8A%B9%20%EC%A0%95%EB%B3%B4,,89,89
current_app,가락시장,8호선,문정,3호선,수서,1-1,,verified_legacy,legacy_app,https://namu.wiki/w/%EC%88%98%EB%8F%84%EA%B6%8C%20%EC%A0%84%EC%B2%A0%20%ED%99%98%EC%8A%B9%20%EC%A0%95%EB%B3%B4,https://namu.wiki/w/%EC%88%98%EB%8F%84%EA%B6%8C%20%EC%A0%84%EC%B2%A0%20%ED%99%98%EC%8A%B9%20%EC%A0%95%EB%B3%B4,,89,89
current_app,가락시장,8호선,송파,3호선,경찰병원,6-4,,verified_legacy,legacy_app,https://namu.wiki/w/%EC%88%98%EB%8F%84%EA%B6%8C%20%EC%A0%84%EC%B2%A0%20%ED%99%98%EC%8A%B9%20%EC%A0%95%EB%B3%B4,https://namu.wiki/w/%EC%88%98%EB%8F%84%EA%B6%8C%20%EC%A0%84%EC%B2%A0%20%ED%99%98%EC%8A%B9%20%EC%A0%95%EB%B3%B4,,89,89
current_app,가락시장,8호선,송파,3호선,수서,6-4,,verified_legacy,legacy_app,https://namu.wiki/w/%EC%88%98%EB%8F%84%EA%B6%8C%20%EC%A0%84%EC%B2%A0%20%ED%99%98%EC%8A%B9%20%EC%A0%95%EB%B3%B4,https://namu.wiki/w/%EC%88%98%EB%8F%84%EA%B6%8C%20%EC%A0%84%EC%B2%A0%20%ED%99%98%EC%8A%B9%20%EC%A0%95%EB%B3%B4,,89,89
current_app,가산디지털단지,1호선,구로,7호선,남구로,10-3,,verified_legacy,legacy_app,https://namu.wiki/w/%EC%88%98%EB%8F%84%EA%B6%8C%20%EC%A0%84%EC%B2%A0%20%ED%99%98%EC%8A%B9%20%EC%A0%95%EB%B3%B4/%EC%88%98%EB%8F%84%EA%B6%8C%20%EC%A0%84%EC%B2%A0%201%ED%98%B8%EC%84%A0,https://namu.wiki/w/%EC%88%98%EB%8F%84%EA%B6%8C%20%EC%A0%84%EC%B2%A0%20%ED%99%98%EC%8A%B9%20%EC%A0%95%EB%B3%B4/%EC%88%98%EB%8F%84%EA%B6%8C%20%EC%A0%84%EC%B2%A0%201%ED%98%B8%EC%84%A0,,196,196
current_app,가산디지털단지,1호선,구로,7호선,철산,10-3,,verified_legacy,legacy_app,https://namu.wiki/w/%EC%88%98%EB%8F%84%EA%B6%8C%20%EC%A0%84%EC%B2%A0%20%ED%99%98%EC%8A%B9%20%EC%A0%95%EB%B3%B4/%EC%88%98%EB%8F%84%EA%B6%8C%20%EC%A0%84%EC%B2%A0%201%ED%98%B8%EC%84%A0,https://namu.wiki/w/%EC%88%98%EB%8F%84%EA%B6%8C%20%EC%A0%84%EC%B2%A0%20%ED%99%98%EC%8A%B9%20%EC%A0%95%EB%B3%B4/%EC%88%98%EB%8F%84%EA%B6%8C%20%EC%A0%84%EC%B2%A0%201%ED%98%B8%EC%84%A0,,196,196
current_app,가산디지털단지,1호선,독산,7호선,남구로,1-2,,verified_legacy,legacy_app,https://namu.wiki/w/%EC%88%98%EB%8F%84%EA%B6%8C%20%EC%A0%84%EC%B2%A0%20%ED%99%98%EC%8A%B9%20%EC%A0%95%EB%B3%B4/%EC%88%98%EB%8F%84%EA%B6%8C%20%EC%A0%84%EC%B2%A0%201%ED%98%B8%EC%84%A0,https://namu.wiki/w/%EC%88%98%EB%8F%84%EA%B6%8C%20%EC%A0%84%EC%B2%A0%20%ED%99%98%EC%8A%B9%20%EC%A0%95%EB%B3%B4/%EC%88%98%EB%8F%84%EA%B6%8C%20%EC%A0%84%EC%B2%A0%201%ED%98%B8%EC%84%A0,,196,196
current_app,가산디지털단지,1호선,독산,7호선,철산,1-2,,verified_legacy,legacy_app,https://namu.wiki/w/%EC%88%98%EB%8F%84%EA%B6%8C%20%EC%A0%84%EC%B2%A0%20%ED%99%98%EC%8A%B9%20%EC%A0%95%EB%B3%B4/%EC%88%98%EB%8F%84%EA%B6%8C%20%EC%A0%84%EC%B2%A0%201%ED%98%B8%EC%84%A0,https://namu.wiki/w/%EC%88%98%EB%8F%84%EA%B6%8C%20%EC%A0%84%EC%B2%A0%20%ED%99%98%EC%8A%B9%20%EC%A0%95%EB%B3%B4/%EC%88%98%EB%8F%84%EA%B6%8C%20%EC%A0%84%EC%B2%A0%201%ED%98%B8%EC%84%A0,,196,196
current_app,가산디지털단지,7호선,남구로,1호선,구로,4-3,,verified_legacy,legacy_app,https://namu.wiki/w/%EC%88%98%EB%8F%84%EA%B6%8C%20%EC%A0%84%EC%B2%A0%20%ED%99%98%EC%8A%B9%20%EC%A0%95%EB%B3%B4/%EC%84%9C%EC%9A%B8%20%EC%A7%80%ED%95%98%EC%B2%A0%207%ED%98%B8%EC%84%A0,https://namu.wiki/w/%EC%88%98%EB%8F%84%EA%B6%8C%20%EC%A0%84%EC%B2%A0%20%ED%99%98%EC%8A%B9%20%EC%A0%95%EB%B3%B4/%EC%84%9C%EC%9A%B8%20%EC%A7%80%ED%95%98%EC%B2%A0%207%ED%98%B8%EC%84%A0,,196,196
current_app,가산디지털단지,7호선,남구로,1호선,독산,4-3,,verified_legacy,legacy_app,https://namu.wiki/w/%EC%88%98%EB%8F%84%EA%B6%8C%20%EC%A0%84%EC%B2%A0%20%ED%99%98%EC%8A%B9%20%EC%A0%95%EB%B3%B4/%EC%84%9C%EC%9A%B8%20%EC%A7%80%ED%95%98%EC%B2%A0%207%ED%98%B8%EC%84%A0,https://namu.wiki/w/%EC%88%98%EB%8F%84%EA%B6%8C%20%EC%A0%84%EC%B2%A0%20%ED%99%98%EC%8A%B9%20%EC%A0%95%EB%B3%B4/%EC%84%9C%EC%9A%B8%20%EC%A7%80%ED%95%98%EC%B2%A0%207%ED%98%B8%EC%84%A0,,196,196
current_app,가산디지털단지,7호선,철산,1호선,구로,5-1,,verified_legacy,legacy_app,https://namu.wiki/w/%EC%88%98%EB%8F%84%EA%B6%8C%20%EC%A0%84%EC%B2%A0%20%ED%99%98%EC%8A%B9%20%EC%A0%95%EB%B3%B4/%EC%84%9C%EC%9A%B8%20%EC%A7%80%ED%95%98%EC%B2%A0%207%ED%98%B8%EC%84%A0,https://namu.wiki/w/%EC%88%98%EB%8F%84%EA%B6%8C%20%EC%A0%84%EC%B2%A0%20%ED%99%98%EC%8A%B9%20%EC%A0%95%EB%B3%B4/%EC%84%9C%EC%9A%B8%20%EC%A7%80%ED%95%98%EC%B2%A0%207%ED%98%B8%EC%84%A0,,196,196
current_app,가산디지털단지,7호선,철산,1호선,독산,5-1,,verified_legacy,legacy_app,https://namu.wiki/w/%EC%88%98%EB%8F%84%EA%B6%8C%20%EC%A0%84%EC%B2%A0%20%ED%99%98%EC%8A%B9%20%EC%A0%95%EB%B3%B4/%EC%84%9C%EC%9A%B8%20%EC%A7%80%ED%95%98%EC%B2%A0%207%ED%98%B8%EC%84%A0,https://namu.wiki/w/%EC%88%98%EB%8F%84%EA%B6%8C%20%EC%A0%84%EC%B2%A0%20%ED%99%98%EC%8A%B9%20%EC%A0%95%EB%B3%B4/%EC%84%9C%EC%9A%B8%20%EC%A7%80%ED%95%98%EC%B2%A0%207%ED%98%B8%EC%84%A0,,196,196
current_app,가좌,경의중앙선,가좌,경의중앙선,신촌,1-1,,verified_legacy,legacy_app,https://namu.wiki/w/%EC%88%98%EB%8F%84%EA%B6%8C%20%EC%A0%84%EC%B2%A0%20%ED%99%98%EC%8A%B9%20%EC%A0%95%EB%B3%B4/%EC%88%98%EB%8F%84%EA%B6%8C%20%EC%A0%84%EC%B2%A0%20%EA%B2%BD%EC%9D%98%C2%B7%EC%A4%91%EC%95%99%EC%84%A0,https://namu.wiki/w/%EC%88%98%EB%8F%84%EA%B6%8C%20%EC%A0%84%EC%B2%A0%20%ED%99%98%EC%8A%B9%20%EC%A0%95%EB%B3%B4/%EC%88%98%EB%8F%84%EA%B6%8C%20%EC%A0%84%EC%B2%A0%20%EA%B2%BD%EC%9D%98%C2%B7%EC%A4%91%EC%95%99%EC%84%A0,,600,600
current_app,가좌,경의중앙선,가좌,경의중앙선,홍대입구,1-1,,verified_legacy,legacy_app,https://namu.wiki/w/%EC%88%98%EB%8F%84%EA%B6%8C%20%EC%A0%84%EC%B2%A0%20%ED%99%98%EC%8A%B9%20%EC%A0%95%EB%B3%B4/%EC%88%98%EB%8F%84%EA%B6%8C%20%EC%A0%84%EC%B2%A0%20%EA%B2%BD%EC%9D%98%C2%B7%EC%A4%91%EC%95%99%EC%84%A0,https://namu.wiki/w/%EC%88%98%EB%8F%84%EA%B6%8C%20%EC%A0%84%EC%B2%A0%20%ED%99%98%EC%8A%B9%20%EC%A0%95%EB%B3%B4/%EC%88%98%EB%8F%84%EA%B6%8C%20%EC%A0%84%EC%B2%A0%20%EA%B2%BD%EC%9D%98%C2%B7%EC%A4%91%EC%95%99%EC%84%A0,,600,600
current_app,강남,2호선,교대,신분당선,신논현,6-3,,verified,namu,https://namu.wiki/w/%EC%88%98%EB%8F%84%EA%B6%8C%20%EC%A0%84%EC%B2%A0%20%ED%99%98%EC%8A%B9%20%EC%A0%95%EB%B3%B4/%EC%84%9C%EC%9A%B8%20%EC%A7%80%ED%95%98%EC%B2%A0%202%ED%98%B8%EC%84%A0,https://namu.wiki/w/%EC%88%98%EB%8F%84%EA%B6%8C%20%EC%A0%84%EC%B2%A0%20%ED%99%98%EC%8A%B9%20%EC%A0%95%EB%B3%B4/%EC%84%9C%EC%9A%B8%20%EC%A7%80%ED%95%98%EC%B2%A0%202%ED%98%B8%EC%84%A0,2호선 내선순환,240,
current_app,강남,2호선,교대,신분당선,양재,6-3,,verified,namu,https://namu.wiki/w/%EC%88%98%EB%8F%84%EA%B6%8C%20%EC%A0%84%EC%B2%A0%20%ED%99%98%EC%8A%B9%20%EC%A0%95%EB%B3%B4/%EC%84%9C%EC%9A%B8%20%EC%A7%80%ED%95%98%EC%B2%A0%202%ED%98%B8%EC%84%A0,https://namu.wiki/w/%EC%88%98%EB%8F%84%EA%B6%8C%20%EC%A0%84%EC%B2%A0%20%ED%99%98%EC%8A%B9%20%EC%A0%95%EB%B3%B4/%EC%84%9C%EC%9A%B8%20%EC%A7%80%ED%95%98%EC%B2%A0%202%ED%98%B8%EC%84%A0,2호선 내선순환,240,
current_app,강남,2호선,역삼,신분당선,신논현,5-1,,verified,namu,https://namu.wiki/w/%EC%88%98%EB%8F%84%EA%B6%8C%20%EC%A0%84%EC%B2%A0%20%ED%99%98%EC%8A%B9%20%EC%A0%95%EB%B3%B4/%EC%84%9C%EC%9A%B8%20%EC%A7%80%ED%95%98%EC%B2%A0%202%ED%98%B8%EC%84%A0,https://namu.wiki/w/%EC%88%98%EB%8F%84%EA%B6%8C%20%EC%A0%84%EC%B2%A0%20%ED%99%98%EC%8A%B9%20%EC%A0%95%EB%B3%B4/%EC%84%9C%EC%9A%B8%20%EC%A7%80%ED%95%98%EC%B2%A0%202%ED%98%B8%EC%84%A0,2호선 외선순환,240,
current_app,강남,2호선,역삼,신분당선,양재,5-1,,verified,namu,https://namu.wiki/w/%EC%88%98%EB%8F%84%EA%B6%8C%20%EC%A0%84%EC%B2%A0%20%ED%99%98%EC%8A%B9%20%EC%A0%95%EB%B3%B4/%EC%84%9C%EC%9A%B8%20%EC%A7%80%ED%95%98%EC%B2%A0%202%ED%98%B8%EC%84%A0,https://namu.wiki/w/%EC%88%98%EB%8F%84%EA%B6%8C%20%EC%A0%84%EC%B2%A0%20%ED%99%98%EC%8A%B9%20%EC%A0%95%EB%B3%B4/%EC%84%9C%EC%9A%B8%20%EC%A7%80%ED%95%98%EC%B2%A0%202%ED%98%B8%EC%84%A0,2호선 외선순환,240,
current_app,강남,신분당선,신논현,2호선,교대,1-1,3-2,verified,namu_station,https://namu.wiki/w/%EC%88%98%EB%8F%84%EA%B6%8C%20%EC%A0%84%EC%B2%A0%20%ED%99%98%EC%8A%B9%20%EC%A0%95%EB%B3%B4,https://www.namu.moe/w/%EA%B0%95%EB%82%A8%EC%97%AD,신분당선 신사 방면,240,
current_app,강남,신분당선,신논현,2호선,역삼,1-1,3-2,verified,namu_station,https://namu.wiki/w/%EC%88%98%EB%8F%84%EA%B6%8C%20%EC%A0%84%EC%B2%A0%20%ED%99%98%EC%8A%B9%20%EC%A0%95%EB%B3%B4,https://www.namu.moe/w/%EA%B0%95%EB%82%A8%EC%97%AD,신분당선 신사 방면,240,
current_app,강남,신분당선,양재,2호선,교대,4-3,6-4,verified,namu_station,https://namu.wiki/w/%EC%88%98%EB%8F%84%EA%B6%8C%20%EC%A0%84%EC%B2%A0%20%ED%99%98%EC%8A%B9%20%EC%A0%95%EB%B3%B4,https://www.namu.moe/w/%EA%B0%95%EB%82%A8%EC%97%AD,신분당선 광교 방면,240,
current_app,강남,신분당선,양재,2호선,역삼,4-3,6-4,verified,namu_station,https://namu.wiki/w/%EC%88%98%EB%8F%84%EA%B6%8C%20%EC%A0%84%EC%B2%A0%20%ED%99%98%EC%8A%B9%20%EC%A0%95%EB%B3%B4,https://www.namu.moe/w/%EA%B0%95%EB%82%A8%EC%97%AD,신분당선 광교 방면,240,
current_app,강남구청,7호선,청담,수인분당선,선정릉,4-3,,verified_legacy,legacy_app,https://namu.wiki/w/%EC%88%98%EB%8F%84%EA%B6%8C%20%EC%A0%84%EC%B2%A0%20%ED%99%98%EC%8A%B9%20%EC%A0%95%EB%B3%B4/%EC%84%9C%EC%9A%B8%20%EC%A7%80%ED%95%98%EC%B2%A0%207%ED%98%B8%EC%84%A0,https://namu.wiki/w/%EC%88%98%EB%8F%84%EA%B6%8C%20%EC%A0%84%EC%B2%A0%20%ED%99%98%EC%8A%B9%20%EC%A0%95%EB%B3%B4/%EC%84%9C%EC%9A%B8%20%EC%A7%80%ED%95%98%EC%B2%A0%207%ED%98%B8%EC%84%A0,,420,420
current_app,강남구청,7호선,청담,수인분당선,압구정로데오,4-3,,verified_legacy,legacy_app,https://namu.wiki/w/%EC%88%98%EB%8F%84%EA%B6%8C%20%EC%A0%84%EC%B2%A0%20%ED%99%98%EC%8A%B9%20%EC%A0%95%EB%B3%B4/%EC%84%9C%EC%9A%B8%20%EC%A7%80%ED%95%98%EC%B2%A0%207%ED%98%B8%EC%84%A0,https://namu.wiki/w/%EC%88%98%EB%8F%84%EA%B6%8C%20%EC%A0%84%EC%B2%A0%20%ED%99%98%EC%8A%B9%20%EC%A0%95%EB%B3%B4/%EC%84%9C%EC%9A%B8%20%EC%A7%80%ED%95%98%EC%B2%A0%207%ED%98%B8%EC%84%A0,,420,420
current_app,강남구청,7호선,학동,수인분당선,선정릉,5-3,,verified_legacy,legacy_app,https://namu.wiki/w/%EC%88%98%EB%8F%84%EA%B6%8C%20%EC%A0%84%EC%B2%A0%20%ED%99%98%EC%8A%B9%20%EC%A0%95%EB%B3%B4/%EC%84%9C%EC%9A%B8%20%EC%A7%80%ED%95%98%EC%B2%A0%207%ED%98%B8%EC%84%A0,https://namu.wiki/w/%EC%88%98%EB%8F%84%EA%B6%8C%20%EC%A0%84%EC%B2%A0%20%ED%99%98%EC%8A%B9%20%EC%A0%95%EB%B3%B4/%EC%84%9C%EC%9A%B8%20%EC%A7%80%ED%95%98%EC%B2%A0%207%ED%98%B8%EC%84%A0,,420,420
current_app,강남구청,7호선,학동,수인분당선,압구정로데오,5-3,,verified_legacy,legacy_app,https://namu.wiki/w/%EC%88%98%EB%8F%84%EA%B6%8C%20%EC%A0%84%EC%B2%A0%20%ED%99%98%EC%8A%B9%20%EC%A0%95%EB%B3%B4/%EC%84%9C%EC%9A%B8%20%EC%A7%80%ED%95%98%EC%B2%A0%207%ED%98%B8%EC%84%A0,https://namu.wiki/w/%EC%88%98%EB%8F%84%EA%B6%8C%20%EC%A0%84%EC%B2%A0%20%ED%99%98%EC%8A%B9%20%EC%A0%95%EB%B3%B4/%EC%84%9C%EC%9A%B8%20%EC%A7%80%ED%95%98%EC%B2%A0%207%ED%98%B8%EC%84%A0,,420,420
current_app,강남구청,수인분당선,선정릉,7호선,청담,5-3,,verified_legacy,legacy_app,https://namu.wiki/w/%EC%88%98%EB%8F%84%EA%B6%8C%20%EC%A0%84%EC%B2%A0%20%ED%99%98%EC%8A%B9%20%EC%A0%95%EB%B3%B4/%EC%88%98%EB%8F%84%EA%B6%8C%20%EC%A0%84%EC%B2%A0%20%EC%88%98%EC%9D%B8%C2%B7%EB%B6%84%EB%8B%B9%EC%84%A0,https://namu.wiki/w/%EC%88%98%EB%8F%84%EA%B6%8C%20%EC%A0%84%EC%B2%A0%20%ED%99%98%EC%8A%B9%20%EC%A0%95%EB%B3%B4/%EC%88%98%EB%8F%84%EA%B6%8C%20%EC%A0%84%EC%B2%A0%20%EC%88%98%EC%9D%B8%C2%B7%EB%B6%84%EB%8B%B9%EC%84%A0,,420,420
current_app,강남구청,수인분당선,선정릉,7호선,학동,5-3,,verified_legacy,legacy_app,https://namu.wiki/w/%EC%88%98%EB%8F%84%EA%B6%8C%20%EC%A0%84%EC%B2%A0%20%ED%99%98%EC%8A%B9%20%EC%A0%95%EB%B3%B4/%EC%88%98%EB%8F%84%EA%B6%8C%20%EC%A0%84%EC%B2%A0%20%EC%88%98%EC%9D%B8%C2%B7%EB%B6%84%EB%8B%B9%EC%84%A0,https://namu.wiki/w/%EC%88%98%EB%8F%84%EA%B6%8C%20%EC%A0%84%EC%B2%A0%20%ED%99%98%EC%8A%B9%20%EC%A0%95%EB%B3%B4/%EC%88%98%EB%8F%84%EA%B6%8C%20%EC%A0%84%EC%B2%A0%20%EC%88%98%EC%9D%B8%C2%B7%EB%B6%84%EB%8B%B9%EC%84%A0,,420,420
current_app,강남구청,수인분당선,압구정로데오,7호선,청담,3-1,,verified_legacy,legacy_app,https://namu.wiki/w/%EC%88%98%EB%8F%84%EA%B6%8C%20%EC%A0%84%EC%B2%A0%20%ED%99%98%EC%8A%B9%20%EC%A0%95%EB%B3%B4/%EC%88%98%EB%8F%84%EA%B6%8C%20%EC%A0%84%EC%B2%A0%20%EC%88%98%EC%9D%B8%C2%B7%EB%B6%84%EB%8B%B9%EC%84%A0,https://namu.wiki/w/%EC%88%98%EB%8F%84%EA%B6%8C%20%EC%A0%84%EC%B2%A0%20%ED%99%98%EC%8A%B9%20%EC%A0%95%EB%B3%B4/%EC%88%98%EB%8F%84%EA%B6%8C%20%EC%A0%84%EC%B2%A0%20%EC%88%98%EC%9D%B8%C2%B7%EB%B6%84%EB%8B%B9%EC%84%A0,,420,420
current_app,강남구청,수인분당선,압구정로데오,7호선,학동,3-1,,verified_legacy,legacy_app,https://namu.wiki/w/%EC%88%98%EB%8F%84%EA%B6%8C%20%EC%A0%84%EC%B2%A0%20%ED%99%98%EC%8A%B9%20%EC%A0%95%EB%B3%B4/%EC%88%98%EB%8F%84%EA%B6%8C%20%EC%A0%84%EC%B2%A0%20%EC%88%98%EC%9D%B8%C2%B7%EB%B6%84%EB%8B%B9%EC%84%A0,https://namu.wiki/w/%EC%88%98%EB%8F%84%EA%B6%8C%20%EC%A0%84%EC%B2%A0%20%ED%99%98%EC%8A%B9%20%EC%A0%95%EB%B3%B4/%EC%88%98%EB%8F%84%EA%B6%8C%20%EC%A0%84%EC%B2%A0%20%EC%88%98%EC%9D%B8%C2%B7%EB%B6%84%EB%8B%B9%EC%84%A0,,420,420
current_app,강동,5호선,강동,5호선,길동,1-1,,verified_legacy,legacy_app,https://namu.wiki/w/%EC%88%98%EB%8F%84%EA%B6%8C%20%EC%A0%84%EC%B2%A0%20%ED%99%98%EC%8A%B9%20%EC%A0%95%EB%B3%B4/%EC%88%98%EB%8F%84%EA%B6%8C%20%EC%A0%84%EC%B2%A0%205%ED%98%B8%EC%84%A0,https://namu.wiki/w/%EC%88%98%EB%8F%84%EA%B6%8C%20%EC%A0%84%EC%B2%A0%20%ED%99%98%EC%8A%B9%20%EC%A0%95%EB%B3%B4/%EC%88%98%EB%8F%84%EA%B6%8C%20%EC%A0%84%EC%B2%A0%205%ED%98%B8%EC%84%A0,,155,155
current_app,강동,5호선,강동,5호선,둔촌동,1-1,,verified_legacy,legacy_app,https://namu.wiki/w/%EC%88%98%EB%8F%84%EA%B6%8C%20%EC%A0%84%EC%B2%A0%20%ED%99%98%EC%8A%B9%20%EC%A0%95%EB%B3%B4/%EC%88%98%EB%8F%84%EA%B6%8C%20%EC%A0%84%EC%B2%A0%205%ED%98%B8%EC%84%A0,https://namu.wiki/w/%EC%88%98%EB%8F%84%EA%B6%8C%20%EC%A0%84%EC%B2%A0%20%ED%99%98%EC%8A%B9%20%EC%A0%95%EB%B3%B4/%EC%88%98%EB%8F%84%EA%B6%8C%20%EC%A0%84%EC%B2%A0%205%ED%98%B8%EC%84%A0,,155,155
current_app,건대입구,2호선,구의,7호선,어린이대공원,3-2,,verified_legacy,legacy_app,https://namu.wiki/w/%EC%88%98%EB%8F%84%EA%B6%8C%20%EC%A0%84%EC%B2%A0%20%ED%99%98%EC%8A%B9%20%EC%A0%95%EB%B3%B4/%EC%84%9C%EC%9A%B8%20%EC%A7%80%ED%95%98%EC%B2%A0%202%ED%98%B8%EC%84%A0,https://namu.wiki/w/%EC%88%98%EB%8F%84%EA%B6%8C%20%EC%A0%84%EC%B2%A0%20%ED%99%98%EC%8A%B9%20%EC%A0%95%EB%B3%B4/%EC%84%9C%EC%9A%B8%20%EC%A7%80%ED%95%98%EC%B2%A0%202%ED%98%B8%EC%84%A0,,152,152
current_app,건대입구,2호선,구의,7호선,자양,3-2,,verified_legacy,legacy_app,https://namu.wiki/w/%EC%88%98%EB%8F%84%EA%B6%8C%20%EC%A0%84%EC%B2%A0%20%ED%99%98%EC%8A%B9%20%EC%A0%95%EB%B3%B4/%EC%84%9C%EC%9A%B8%20%EC%A7%80%ED%95%98%EC%B2%A0%202%ED%98%B8%EC%84%A0,https://namu.wiki/w/%EC%88%98%EB%8F%84%EA%B6%8C%20%EC%A0%84%EC%B2%A0%20%ED%99%98%EC%8A%B9%20%EC%A0%95%EB%B3%B4/%EC%84%9C%EC%9A%B8%20%EC%A7%80%ED%95%98%EC%B2%A0%202%ED%98%B8%EC%84%A0,,152,152
current_app,건대입구,2호선,성수,7호선,어린이대공원,8-3,,verified_legacy,legacy_app,https://namu.wiki/w/%EC%88%98%EB%8F%84%EA%B6%8C%20%EC%A0%84%EC%B2%A0%20%ED%99%98%EC%8A%B9%20%EC%A0%95%EB%B3%B4/%EC%84%9C%EC%9A%B8%20%EC%A7%80%ED%95%98%EC%B2%A0%202%ED%98%B8%EC%84%A0,https://namu.wiki/w/%EC%88%98%EB%8F%84%EA%B6%8C%20%EC%A0%84%EC%B2%A0%20%ED%99%98%EC%8A%B9%20%EC%A0%95%EB%B3%B4/%EC%84%9C%EC%9A%B8%20%EC%A7%80%ED%95%98%EC%B2%A0%202%ED%98%B8%EC%84%A0,,152,152
current_app,건대입구,2호선,성수,7호선,자양,8-3,,verified_legacy,legacy_app,https://namu.wiki/w/%EC%88%98%EB%8F%84%EA%B6%8C%20%EC%A0%84%EC%B2%A0%20%ED%99%98%EC%8A%B9%20%EC%A0%95%EB%B3%B4/%EC%84%9C%EC%9A%B8%20%EC%A7%80%ED%95%98%EC%B2%A0%202%ED%98%B8%EC%84%A0,https://namu.wiki/w/%EC%88%98%EB%8F%84%EA%B6%8C%20%EC%A0%84%EC%B2%A0%20%ED%99%98%EC%8A%B9%20%EC%A0%95%EB%B3%B4/%EC%84%9C%EC%9A%B8%20%EC%A7%80%ED%95%98%EC%B2%A0%202%ED%98%B8%EC%84%A0,,152,152
current_app,건대입구,7호선,어린이대공원,2호선,구의,8-4,,verified_legacy,legacy_app,https://namu.wiki/w/%EC%88%98%EB%8F%84%EA%B6%8C%20%EC%A0%84%EC%B2%A0%20%ED%99%98%EC%8A%B9%20%EC%A0%95%EB%B3%B4/%EC%84%9C%EC%9A%B8%20%EC%A7%80%ED%95%98%EC%B2%A0%207%ED%98%B8%EC%84%A0,https://namu.wiki/w/%EC%88%98%EB%8F%84%EA%B6%8C%20%EC%A0%84%EC%B2%A0%20%ED%99%98%EC%8A%B9%20%EC%A0%95%EB%B3%B4/%EC%84%9C%EC%9A%B8%20%EC%A7%80%ED%95%98%EC%B2%A0%207%ED%98%B8%EC%84%A0,,152,152
current_app,건대입구,7호선,어린이대공원,2호선,성수,8-4,,verified_legacy,legacy_app,https://namu.wiki/w/%EC%88%98%EB%8F%84%EA%B6%8C%20%EC%A0%84%EC%B2%A0%20%ED%99%98%EC%8A%B9%20%EC%A0%95%EB%B3%B4/%EC%84%9C%EC%9A%B8%20%EC%A7%80%ED%95%98%EC%B2%A0%207%ED%98%B8%EC%84%A0,https://namu.wiki/w/%EC%88%98%EB%8F%84%EA%B6%8C%20%EC%A0%84%EC%B2%A0%20%ED%99%98%EC%8A%B9%20%EC%A0%95%EB%B3%B4/%EC%84%9C%EC%9A%B8%20%EC%A7%80%ED%95%98%EC%B2%A0%207%ED%98%B8%EC%84%A0,,152,152
current_app,건대입구,7호선,자양,2호선,구의,1-1,,verified_legacy,legacy_app,https://namu.wiki/w/%EC%88%98%EB%8F%84%EA%B6%8C%20%EC%A0%84%EC%B2%A0%20%ED%99%98%EC%8A%B9%20%EC%A0%95%EB%B3%B4/%EC%84%9C%EC%9A%B8%20%EC%A7%80%ED%95%98%EC%B2%A0%207%ED%98%B8%EC%84%A0,https://namu.wiki/w/%EC%88%98%EB%8F%84%EA%B6%8C%20%EC%A0%84%EC%B2%A0%20%ED%99%98%EC%8A%B9%20%EC%A0%95%EB%B3%B4/%EC%84%9C%EC%9A%B8%20%EC%A7%80%ED%95%98%EC%B2%A0%207%ED%98%B8%EC%84%A0,,152,152
current_app,건대입구,7호선,자양,2호선,성수,1-1,,verified_legacy,legacy_app,https://namu.wiki/w/%EC%88%98%EB%8F%84%EA%B6%8C%20%EC%A0%84%EC%B2%A0%20%ED%99%98%EC%8A%B9%20%EC%A0%95%EB%B3%B4/%EC%84%9C%EC%9A%B8%20%EC%A7%80%ED%95%98%EC%B2%A0%207%ED%98%B8%EC%84%A0,https://namu.wiki/w/%EC%88%98%EB%8F%84%EA%B6%8C%20%EC%A0%84%EC%B2%A0%20%ED%99%98%EC%8A%B9%20%EC%A0%95%EB%B3%B4/%EC%84%9C%EC%9A%B8%20%EC%A7%80%ED%95%98%EC%B2%A0%207%ED%98%B8%EC%84%A0,,152,152
current_app,고속터미널,3호선,교대,7호선,내방,2-3,,verified_legacy,legacy_app,https://namu.wiki/w/%EC%88%98%EB%8F%84%EA%B6%8C%20%EC%A0%84%EC%B2%A0%20%ED%99%98%EC%8A%B9%20%EC%A0%95%EB%B3%B4/%EC%88%98%EB%8F%84%EA%B6%8C%20%EC%A0%84%EC%B2%A0%203%ED%98%B8%EC%84%A0,https://namu.wiki/w/%EC%88%98%EB%8F%84%EA%B6%8C%20%EC%A0%84%EC%B2%A0%20%ED%99%98%EC%8A%B9%20%EC%A0%95%EB%B3%B4/%EC%88%98%EB%8F%84%EA%B6%8C%20%EC%A0%84%EC%B2%A0%203%ED%98%B8%EC%84%A0,,262,262
current_app,고속터미널,3호선,교대,7호선,반포,2-3,,verified_legacy,legacy_app,https://namu.wiki/w/%EC%88%98%EB%8F%84%EA%B6%8C%20%EC%A0%84%EC%B2%A0%20%ED%99%98%EC%8A%B9%20%EC%A0%95%EB%B3%B4/%EC%88%98%EB%8F%84%EA%B6%8C%20%EC%A0%84%EC%B2%A0%203%ED%98%B8%EC%84%A0,https://namu.wiki/w/%EC%88%98%EB%8F%84%EA%B6%8C%20%EC%A0%84%EC%B2%A0%20%ED%99%98%EC%8A%B9%20%EC%A0%95%EB%B3%B4/%EC%88%98%EB%8F%84%EA%B6%8C%20%EC%A0%84%EC%B2%A0%203%ED%98%B8%EC%84%A0,,262,262
current_app,고속터미널,3호선,교대,9호선,사평,9-2,,verified_legacy,legacy_app,https://namu.wiki/w/%EC%88%98%EB%8F%84%EA%B6%8C%20%EC%A0%84%EC%B2%A0%20%ED%99%98%EC%8A%B9%20%EC%A0%95%EB%B3%B4/%EC%88%98%EB%8F%84%EA%B6%8C%20%EC%A0%84%EC%B2%A0%203%ED%98%B8%EC%84%A0,https://namu.wiki/w/%EC%88%98%EB%8F%84%EA%B6%8C%20%EC%A0%84%EC%B2%A0%20%ED%99%98%EC%8A%B9%20%EC%A0%95%EB%B3%B4/%EC%88%98%EB%8F%84%EA%B6%8C%20%EC%A0%84%EC%B2%A0%203%ED%98%B8%EC%84%A0,,600,600
current_app,고속터미널,3호선,교대,9호선,신반포,9-2,,verified_legacy,legacy_app,https://namu.wiki/w/%EC%88%98%EB%8F%84%EA%B6%8C%20%EC%A0%84%EC%B2%A0%20%ED%99%98%EC%8A%B9%20%EC%A0%95%EB%B3%B4/%EC%88%98%EB%8F%84%EA%B6%8C%20%EC%A0%84%EC%B2%A0%203%ED%98%B8%EC%84%A0,https://namu.wiki/w/%EC%88%98%EB%8F%84%EA%B6%8C%20%EC%A0%84%EC%B2%A0%20%ED%99%98%EC%8A%B9%20%EC%A0%95%EB%B3%B4/%EC%88%98%EB%8F%84%EA%B6%8C%20%EC%A0%84%EC%B2%A0%203%ED%98%B8%EC%84%A0,,600,600
current_app,고속터미널,3호선,잠원,7호선,내방,7-2,,verified_legacy,legacy_app,https://namu.wiki/w/%EC%88%98%EB%8F%84%EA%B6%8C%20%EC%A0%84%EC%B2%A0%20%ED%99%98%EC%8A%B9%20%EC%A0%95%EB%B3%B4/%EC%88%98%EB%8F%84%EA%B6%8C%20%EC%A0%84%EC%B2%A0%203%ED%98%B8%EC%84%A0,https://namu.wiki/w/%EC%88%98%EB%8F%84%EA%B6%8C%20%EC%A0%84%EC%B2%A0%20%ED%99%98%EC%8A%B9%20%EC%A0%95%EB%B3%B4/%EC%88%98%EB%8F%84%EA%B6%8C%20%EC%A0%84%EC%B2%A0%203%ED%98%B8%EC%84%A0,,262,262
current_app,고속터미널,3호선,잠원,7호선,반포,7-2,,verified_legacy,legacy_app,https://namu.wiki/w/%EC%88%98%EB%8F%84%EA%B6%8C%20%EC%A0%84%EC%B2%A0%20%ED%99%98%EC%8A%B9%20%EC%A0%95%EB%B3%B4/%EC%88%98%EB%8F%84%EA%B6%8C%20%EC%A0%84%EC%B2%A0%203%ED%98%B8%EC%84%A0,https://namu.wiki/w/%EC%88%98%EB%8F%84%EA%B6%8C%20%EC%A0%84%EC%B2%A0%20%ED%99%98%EC%8A%B9%20%EC%A0%95%EB%B3%B4/%EC%88%98%EB%8F%84%EA%B6%8C%20%EC%A0%84%EC%B2%A0%203%ED%98%B8%EC%84%A0,,262,262
current_app,고속터미널,3호선,잠원,9호선,사평,2-3,,verified_legacy,legacy_app,https://namu.wiki/w/%EC%88%98%EB%8F%84%EA%B6%8C%20%EC%A0%84%EC%B2%A0%20%ED%99%98%EC%8A%B9%20%EC%A0%95%EB%B3%B4/%EC%88%98%EB%8F%84%EA%B6%8C%20%EC%A0%84%EC%B2%A0%203%ED%98%B8%EC%84%A0,https://namu.wiki/w/%EC%88%98%EB%8F%84%EA%B6%8C%20%EC%A0%84%EC%B2%A0%20%ED%99%98%EC%8A%B9%20%EC%A0%95%EB%B3%B4/%EC%88%98%EB%8F%84%EA%B6%8C%20%EC%A0%84%EC%B2%A0%203%ED%98%B8%EC%84%A0,,600,600
current_app,고속터미널,3호선,잠원,9호선,신반포,2-3,,verified_legacy,legacy_app,https://namu.wiki/w/%EC%88%98%EB%8F%84%EA%B6%8C%20%EC%A0%84%EC%B2%A0%20%ED%99%98%EC%8A%B9%20%EC%A0%95%EB%B3%B4/%EC%88%98%EB%8F%84%EA%B6%8C%20%EC%A0%84%EC%B2%A0%203%ED%98%B8%EC%84%A0,https://namu.wiki/w/%EC%88%98%EB%8F%84%EA%B6%8C%20%EC%A0%84%EC%B2%A0%20%ED%99%98%EC%8A%B9%20%EC%A0%95%EB%B3%B4/%EC%88%98%EB%8F%84%EA%B6%8C%20%EC%A0%84%EC%B2%A0%203%ED%98%B8%EC%84%A0,,600,600
current_app,고속터미널,7호선,내방,3호선,교대,7-1,,verified_legacy,legacy_app,https://namu.wiki/w/%EC%88%98%EB%8F%84%EA%B6%8C%20%EC%A0%84%EC%B2%A0%20%ED%99%98%EC%8A%B9%20%EC%A0%95%EB%B3%B4/%EC%84%9C%EC%9A%B8%20%EC%A7%80%ED%95%98%EC%B2%A0%207%ED%98%B8%EC%84%A0,https://namu.wiki/w/%EC%88%98%EB%8F%84%EA%B6%8C%20%EC%A0%84%EC%B2%A0%20%ED%99%98%EC%8A%B9%20%EC%A0%95%EB%B3%B4/%EC%84%9C%EC%9A%B8%20%EC%A7%80%ED%95%98%EC%B2%A0%207%ED%98%B8%EC%84%A0,,262,262
current_app,고속터미널,7호선,내방,3호선,잠원,7-1,,verified_legacy,legacy_app,https://namu.wiki/w/%EC%88%98%EB%8F%84%EA%B6%8C%20%EC%A0%84%EC%B2%A0%20%ED%99%98%EC%8A%B9%20%EC%A0%95%EB%B3%B4/%EC%84%9C%EC%9A%B8%20%EC%A7%80%ED%95%98%EC%B2%A0%207%ED%98%B8%EC%84%A0,https://namu.wiki/w/%EC%88%98%EB%8F%84%EA%B6%8C%20%EC%A0%84%EC%B2%A0%20%ED%99%98%EC%8A%B9%20%EC%A0%95%EB%B3%B4/%EC%84%9C%EC%9A%B8%20%EC%A7%80%ED%95%98%EC%B2%A0%207%ED%98%B8%EC%84%A0,,262,262
current_app,고속터미널,7호선,내방,9호선,사평,7-1,,verified_legacy,legacy_app,https://namu.wiki/w/%EC%88%98%EB%8F%84%EA%B6%8C%20%EC%A0%84%EC%B2%A0%20%ED%99%98%EC%8A%B9%20%EC%A0%95%EB%B3%B4/%EC%84%9C%EC%9A%B8%20%EC%A7%80%ED%95%98%EC%B2%A0%207%ED%98%B8%EC%84%A0,https://namu.wiki/w/%EC%88%98%EB%8F%84%EA%B6%8C%20%EC%A0%84%EC%B2%A0%20%ED%99%98%EC%8A%B9%20%EC%A0%95%EB%B3%B4/%EC%84%9C%EC%9A%B8%20%EC%A7%80%ED%95%98%EC%B2%A0%207%ED%98%B8%EC%84%A0,,600,600
current_app,고속터미널,7호선,내방,9호선,신반포,7-1,,verified_legacy,legacy_app,https://namu.wiki/w/%EC%88%98%EB%8F%84%EA%B6%8C%20%EC%A0%84%EC%B2%A0%20%ED%99%98%EC%8A%B9%20%EC%A0%95%EB%B3%B4/%EC%84%9C%EC%9A%B8%20%EC%A7%80%ED%95%98%EC%B2%A0%207%ED%98%B8%EC%84%A0,https://namu.wiki/w/%EC%88%98%EB%8F%84%EA%B6%8C%20%EC%A0%84%EC%B2%A0%20%ED%99%98%EC%8A%B9%20%EC%A0%95%EB%B3%B4/%EC%84%9C%EC%9A%B8%20%EC%A7%80%ED%95%98%EC%B2%A0%207%ED%98%B8%EC%84%A0,,600,600
current_app,고속터미널,7호선,반포,3호선,교대,2-3,,verified_legacy,legacy_app,https://namu.wiki/w/%EC%88%98%EB%8F%84%EA%B6%8C%20%EC%A0%84%EC%B2%A0%20%ED%99%98%EC%8A%B9%20%EC%A0%95%EB%B3%B4/%EC%84%9C%EC%9A%B8%20%EC%A7%80%ED%95%98%EC%B2%A0%207%ED%98%B8%EC%84%A0,https://namu.wiki/w/%EC%88%98%EB%8F%84%EA%B6%8C%20%EC%A0%84%EC%B2%A0%20%ED%99%98%EC%8A%B9%20%EC%A0%95%EB%B3%B4/%EC%84%9C%EC%9A%B8%20%EC%A7%80%ED%95%98%EC%B2%A0%207%ED%98%B8%EC%84%A0,,262,262
current_app,고속터미널,7호선,반포,3호선,잠원,2-3,,verified_legacy,legacy_app,https://namu.wiki/w/%EC%88%98%EB%8F%84%EA%B6%8C%20%EC%A0%84%EC%B2%A0%20%ED%99%98%EC%8A%B9%20%EC%A0%95%EB%B3%B4/%EC%84%9C%EC%9A%B8%20%EC%A7%80%ED%95%98%EC%B2%A0%207%ED%98%B8%EC%84%A0,https://namu.wiki/w/%EC%88%98%EB%8F%84%EA%B6%8C%20%EC%A0%84%EC%B2%A0%20%ED%99%98%EC%8A%B9%20%EC%A0%95%EB%B3%B4/%EC%84%9C%EC%9A%B8%20%EC%A7%80%ED%95%98%EC%B2%A0%207%ED%98%B8%EC%84%A0,,262,262
current_app,고속터미널,7호선,반포,9호선,사평,2-3,,verified_legacy,legacy_app,https://namu.wiki/w/%EC%88%98%EB%8F%84%EA%B6%8C%20%EC%A0%84%EC%B2%A0%20%ED%99%98%EC%8A%B9%20%EC%A0%95%EB%B3%B4/%EC%84%9C%EC%9A%B8%20%EC%A7%80%ED%95%98%EC%B2%A0%207%ED%98%B8%EC%84%A0,https://namu.wiki/w/%EC%88%98%EB%8F%84%EA%B6%8C%20%EC%A0%84%EC%B2%A0%20%ED%99%98%EC%8A%B9%20%EC%A0%95%EB%B3%B4/%EC%84%9C%EC%9A%B8%20%EC%A7%80%ED%95%98%EC%B2%A0%207%ED%98%B8%EC%84%A0,,600,600
current_app,고속터미널,7호선,반포,9호선,신반포,2-3,,verified_legacy,legacy_app,https://namu.wiki/w/%EC%88%98%EB%8F%84%EA%B6%8C%20%EC%A0%84%EC%B2%A0%20%ED%99%98%EC%8A%B9%20%EC%A0%95%EB%B3%B4/%EC%84%9C%EC%9A%B8%20%EC%A7%80%ED%95%98%EC%B2%A0%207%ED%98%B8%EC%84%A0,https://namu.wiki/w/%EC%88%98%EB%8F%84%EA%B6%8C%20%EC%A0%84%EC%B2%A0%20%ED%99%98%EC%8A%B9%20%EC%A0%95%EB%B3%B4/%EC%84%9C%EC%9A%B8%20%EC%A7%80%ED%95%98%EC%B2%A0%207%ED%98%B8%EC%84%A0,,600,600
current_app,고속터미널,9호선,사평,3호선,교대,2-1,,verified_legacy,legacy_app,https://namu.wiki/w/%EC%88%98%EB%8F%84%EA%B6%8C%20%EC%A0%84%EC%B2%A0%20%ED%99%98%EC%8A%B9%20%EC%A0%95%EB%B3%B4/%EC%84%9C%EC%9A%B8%20%EC%A7%80%ED%95%98%EC%B2%A0%209%ED%98%B8%EC%84%A0,https://namu.wiki/w/%EC%88%98%EB%8F%84%EA%B6%8C%20%EC%A0%84%EC%B2%A0%20%ED%99%98%EC%8A%B9%20%EC%A0%95%EB%B3%B4/%EC%84%9C%EC%9A%B8%20%EC%A7%80%ED%95%98%EC%B2%A0%209%ED%98%B8%EC%84%A0,,600,600
current_app,고속터미널,9호선,사평,3호선,잠원,2-1,,verified_legacy,legacy_app,https://namu.wiki/w/%EC%88%98%EB%8F%84%EA%B6%8C%20%EC%A0%84%EC%B2%A0%20%ED%99%98%EC%8A%B9%20%EC%A0%95%EB%B3%B4/%EC%84%9C%EC%9A%B8%20%EC%A7%80%ED%95%98%EC%B2%A0%209%ED%98%B8%EC%84%A0,https://namu.wiki/w/%EC%88%98%EB%8F%84%EA%B6%8C%20%EC%A0%84%EC%B2%A0%20%ED%99%98%EC%8A%B9%20%EC%A0%95%EB%B3%B4/%EC%84%9C%EC%9A%B8%20%EC%A7%80%ED%95%98%EC%B2%A0%209%ED%98%B8%EC%84%A0,,600,600
current_app,고속터미널,9호선,사평,7호선,내방,2-1,,verified_legacy,legacy_app,https://namu.wiki/w/%EC%88%98%EB%8F%84%EA%B6%8C%20%EC%A0%84%EC%B2%A0%20%ED%99%98%EC%8A%B9%20%EC%A0%95%EB%B3%B4/%EC%84%9C%EC%9A%B8%20%EC%A7%80%ED%95%98%EC%B2%A0%209%ED%98%B8%EC%84%A0,https://namu.wiki/w/%EC%88%98%EB%8F%84%EA%B6%8C%20%EC%A0%84%EC%B2%A0%20%ED%99%98%EC%8A%B9%20%EC%A0%95%EB%B3%B4/%EC%84%9C%EC%9A%B8%20%EC%A7%80%ED%95%98%EC%B2%A0%209%ED%98%B8%EC%84%A0,,600,600
current_app,고속터미널,9호선,사평,7호선,반포,2-1,,verified_legacy,legacy_app,https://namu.wiki/w/%EC%88%98%EB%8F%84%EA%B6%8C%20%EC%A0%84%EC%B2%A0%20%ED%99%98%EC%8A%B9%20%EC%A0%95%EB%B3%B4/%EC%84%9C%EC%9A%B8%20%EC%A7%80%ED%95%98%EC%B2%A0%209%ED%98%B8%EC%84%A0,https://namu.wiki/w/%EC%88%98%EB%8F%84%EA%B6%8C%20%EC%A0%84%EC%B2%A0%20%ED%99%98%EC%8A%B9%20%EC%A0%95%EB%B3%B4/%EC%84%9C%EC%9A%B8%20%EC%A7%80%ED%95%98%EC%B2%A0%209%ED%98%B8%EC%84%A0,,600,600
current_app,고속터미널,9호선,신반포,3호선,교대,4-1,,verified_legacy,legacy_app,https://namu.wiki/w/%EC%88%98%EB%8F%84%EA%B6%8C%20%EC%A0%84%EC%B2%A0%20%ED%99%98%EC%8A%B9%20%EC%A0%95%EB%B3%B4/%EC%84%9C%EC%9A%B8%20%EC%A7%80%ED%95%98%EC%B2%A0%209%ED%98%B8%EC%84%A0,https://namu.wiki/w/%EC%88%98%EB%8F%84%EA%B6%8C%20%EC%A0%84%EC%B2%A0%20%ED%99%98%EC%8A%B9%20%EC%A0%95%EB%B3%B4/%EC%84%9C%EC%9A%B8%20%EC%A7%80%ED%95%98%EC%B2%A0%209%ED%98%B8%EC%84%A0,,600,600
current_app,고속터미널,9호선,신반포,3호선,잠원,4-1,,verified_legacy,legacy_app,https://namu.wiki/w/%EC%88%98%EB%8F%84%EA%B6%8C%20%EC%A0%84%EC%B2%A0%20%ED%99%98%EC%8A%B9%20%EC%A0%95%EB%B3%B4/%EC%84%9C%EC%9A%B8%20%EC%A7%80%ED%95%98%EC%B2%A0%209%ED%98%B8%EC%84%A0,https://namu.wiki/w/%EC%88%98%EB%8F%84%EA%B6%8C%20%EC%A0%84%EC%B2%A0%20%ED%99%98%EC%8A%B9%20%EC%A0%95%EB%B3%B4/%EC%84%9C%EC%9A%B8%20%EC%A7%80%ED%95%98%EC%B2%A0%209%ED%98%B8%EC%84%A0,,600,600
current_app,고속터미널,9호선,신반포,7호선,내방,4-1,,verified_legacy,legacy_app,https://namu.wiki/w/%EC%88%98%EB%8F%84%EA%B6%8C%20%EC%A0%84%EC%B2%A0%20%ED%99%98%EC%8A%B9%20%EC%A0%95%EB%B3%B4/%EC%84%9C%EC%9A%B8%20%EC%A7%80%ED%95%98%EC%B2%A0%209%ED%98%B8%EC%84%A0,https://namu.wiki/w/%EC%88%98%EB%8F%84%EA%B6%8C%20%EC%A0%84%EC%B2%A0%20%ED%99%98%EC%8A%B9%20%EC%A0%95%EB%B3%B4/%EC%84%9C%EC%9A%B8%20%EC%A7%80%ED%95%98%EC%B2%A0%209%ED%98%B8%EC%84%A0,,600,600
current_app,고속터미널,9호선,신반포,7호선,반포,4-1,,verified_legacy,legacy_app,https://namu.wiki/w/%EC%88%98%EB%8F%84%EA%B6%8C%20%EC%A0%84%EC%B2%A0%20%ED%99%98%EC%8A%B9%20%EC%A0%95%EB%B3%B4/%EC%84%9C%EC%9A%B8%20%EC%A7%80%ED%95%98%EC%B2%A0%209%ED%98%B8%EC%84%A0,https://namu.wiki/w/%EC%88%98%EB%8F%84%EA%B6%8C%20%EC%A0%84%EC%B2%A0%20%ED%99%98%EC%8A%B9%20%EC%A0%95%EB%B3%B4/%EC%84%9C%EC%9A%B8%20%EC%A7%80%ED%95%98%EC%B2%A0%209%ED%98%B8%EC%84%A0,,600,600
current_app,고잔,4호선,중앙,수인분당선,중앙,5-2,,verified_legacy,legacy_app,https://namu.wiki/w/%EC%88%98%EB%8F%84%EA%B6%8C%20%EC%A0%84%EC%B2%A0%20%ED%99%98%EC%8A%B9%20%EC%A0%95%EB%B3%B4/%EC%88%98%EB%8F%84%EA%B6%8C%20%EC%A0%84%EC%B2%A0%204%ED%98%B8%EC%84%A0,https://namu.wiki/w/%EC%88%98%EB%8F%84%EA%B6%8C%20%EC%A0%84%EC%B2%A0%20%ED%99%98%EC%8A%B9%20%EC%A0%95%EB%B3%B4/%EC%88%98%EB%8F%84%EA%B6%8C%20%EC%A0%84%EC%B2%A0%204%ED%98%B8%EC%84%A0,,420,420
current_app,고잔,4호선,중앙,수인분당선,초지,5-2,,verified_legacy,legacy_app,https://namu.wiki/w/%EC%88%98%EB%8F%84%EA%B6%8C%20%EC%A0%84%EC%B2%A0%20%ED%99%98%EC%8A%B9%20%EC%A0%95%EB%B3%B4/%EC%88%98%EB%8F%84%EA%B6%8C%20%EC%A0%84%EC%B2%A0%204%ED%98%B8%EC%84%A0,https://namu.wiki/w/%EC%88%98%EB%8F%84%EA%B6%8C%20%EC%A0%84%EC%B2%A0%20%ED%99%98%EC%8A%B9%20%EC%A0%95%EB%B3%B4/%EC%88%98%EB%8F%84%EA%B6%8C%20%EC%A0%84%EC%B2%A0%204%ED%98%B8%EC%84%A0,,420,420
current_app,고잔,4호선,초지,수인분당선,중앙,5-2,,verified_legacy,legacy_app,https://namu.wiki/w/%EC%88%98%EB%8F%84%EA%B6%8C%20%EC%A0%84%EC%B2%A0%20%ED%99%98%EC%8A%B9%20%EC%A0%95%EB%B3%B4/%EC%88%98%EB%8F%84%EA%B6%8C%20%EC%A0%84%EC%B2%A0%204%ED%98%B8%EC%84%A0,https://namu.wiki/w/%EC%88%98%EB%8F%84%EA%B6%8C%20%EC%A0%84%EC%B2%A0%20%ED%99%98%EC%8A%B9%20%EC%A0%95%EB%B3%B4/%EC%88%98%EB%8F%84%EA%B6%8C%20%EC%A0%84%EC%B2%A0%204%ED%98%B8%EC%84%A0,,420,420
current_app,고잔,4호선,초지,수인분당선,초지,5-2,,verified_legacy,legacy_app,https://namu.wiki/w/%EC%88%98%EB%8F%84%EA%B6%8C%20%EC%A0%84%EC%B2%A0%20%ED%99%98%EC%8A%B9%20%EC%A0%95%EB%B3%B4/%EC%88%98%EB%8F%84%EA%B6%8C%20%EC%A0%84%EC%B2%A0%204%ED%98%B8%EC%84%A0,https://namu.wiki/w/%EC%88%98%EB%8F%84%EA%B6%8C%20%EC%A0%84%EC%B2%A0%20%ED%99%98%EC%8A%B9%20%EC%A0%95%EB%B3%B4/%EC%88%98%EB%8F%84%EA%B6%8C%20%EC%A0%84%EC%B2%A0%204%ED%98%B8%EC%84%A0,,420,420
current_app,고잔,수인분당선,중앙,4호선,중앙,5-2,,verified_legacy,legacy_app,https://namu.wiki/w/%EC%88%98%EB%8F%84%EA%B6%8C%20%EC%A0%84%EC%B2%A0%20%ED%99%98%EC%8A%B9%20%EC%A0%95%EB%B3%B4/%EC%88%98%EB%8F%84%EA%B6%8C%20%EC%A0%84%EC%B2%A0%20%EC%88%98%EC%9D%B8%C2%B7%EB%B6%84%EB%8B%B9%EC%84%A0,https://namu.wiki/w/%EC%88%98%EB%8F%84%EA%B6%8C%20%EC%A0%84%EC%B2%A0%20%ED%99%98%EC%8A%B9%20%EC%A0%95%EB%B3%B4/%EC%88%98%EB%8F%84%EA%B6%8C%20%EC%A0%84%EC%B2%A0%20%EC%88%98%EC%9D%B8%C2%B7%EB%B6%84%EB%8B%B9%EC%84%A0,,420,420
current_app,고잔,수인분당선,중앙,4호선,초지,5-2,,verified_legacy,legacy_app,https://namu.wiki/w/%EC%88%98%EB%8F%84%EA%B6%8C%20%EC%A0%84%EC%B2%A0%20%ED%99%98%EC%8A%B9%20%EC%A0%95%EB%B3%B4/%EC%88%98%EB%8F%84%EA%B6%8C%20%EC%A0%84%EC%B2%A0%20%EC%88%98%EC%9D%B8%C2%B7%EB%B6%84%EB%8B%B9%EC%84%A0,https://namu.wiki/w/%EC%88%98%EB%8F%84%EA%B6%8C%20%EC%A0%84%EC%B2%A0%20%ED%99%98%EC%8A%B9%20%EC%A0%95%EB%B3%B4/%EC%88%98%EB%8F%84%EA%B6%8C%20%EC%A0%84%EC%B2%A0%20%EC%88%98%EC%9D%B8%C2%B7%EB%B6%84%EB%8B%B9%EC%84%A0,,420,420
current_app,고잔,수인분당선,초지,4호선,중앙,5-2,,verified_legacy,legacy_app,https://namu.wiki/w/%EC%88%98%EB%8F%84%EA%B6%8C%20%EC%A0%84%EC%B2%A0%20%ED%99%98%EC%8A%B9%20%EC%A0%95%EB%B3%B4/%EC%88%98%EB%8F%84%EA%B6%8C%20%EC%A0%84%EC%B2%A0%20%EC%88%98%EC%9D%B8%C2%B7%EB%B6%84%EB%8B%B9%EC%84%A0,https://namu.wiki/w/%EC%88%98%EB%8F%84%EA%B6%8C%20%EC%A0%84%EC%B2%A0%20%ED%99%98%EC%8A%B9%20%EC%A0%95%EB%B3%B4/%EC%88%98%EB%8F%84%EA%B6%8C%20%EC%A0%84%EC%B2%A0%20%EC%88%98%EC%9D%B8%C2%B7%EB%B6%84%EB%8B%B9%EC%84%A0,,420,420
current_app,고잔,수인분당선,초지,4호선,초지,5-2,,verified_legacy,legacy_app,https://namu.wiki/w/%EC%88%98%EB%8F%84%EA%B6%8C%20%EC%A0%84%EC%B2%A0%20%ED%99%98%EC%8A%B9%20%EC%A0%95%EB%B3%B4/%EC%88%98%EB%8F%84%EA%B6%8C%20%EC%A0%84%EC%B2%A0%20%EC%88%98%EC%9D%B8%C2%B7%EB%B6%84%EB%8B%B9%EC%84%A0,https://namu.wiki/w/%EC%88%98%EB%8F%84%EA%B6%8C%20%EC%A0%84%EC%B2%A0%20%ED%99%98%EC%8A%B9%20%EC%A0%95%EB%B3%B4/%EC%88%98%EB%8F%84%EA%B6%8C%20%EC%A0%84%EC%B2%A0%20%EC%88%98%EC%9D%B8%C2%B7%EB%B6%84%EB%8B%B9%EC%84%A0,,420,420
current_app,곡산,경의중앙선,,서해선,,모든 문,,verified_legacy,legacy_app,https://namu.wiki/w/%EC%88%98%EB%8F%84%EA%B6%8C%20%EC%A0%84%EC%B2%A0%20%ED%99%98%EC%8A%B9%20%EC%A0%95%EB%B3%B4/%EC%88%98%EB%8F%84%EA%B6%8C%20%EC%A0%84%EC%B2%A0%20%EA%B2%BD%EC%9D%98%C2%B7%EC%A4%91%EC%95%99%EC%84%A0,https://namu.wiki/w/%EC%88%98%EB%8F%84%EA%B6%8C%20%EC%A0%84%EC%B2%A0%20%ED%99%98%EC%8A%B9%20%EC%A0%95%EB%B3%B4/%EC%88%98%EB%8F%84%EA%B6%8C%20%EC%A0%84%EC%B2%A0%20%EA%B2%BD%EC%9D%98%C2%B7%EC%A4%91%EC%95%99%EC%84%A0,,0,0
current_app,곡산,서해선,,경의중앙선,,모든 문,,verified_legacy,legacy_app,https://namu.wiki/w/%EC%88%98%EB%8F%84%EA%B6%8C%20%EC%A0%84%EC%B2%A0%20%ED%99%98%EC%8A%B9%20%EC%A0%95%EB%B3%B4,https://namu.wiki/w/%EC%88%98%EB%8F%84%EA%B6%8C%20%EC%A0%84%EC%B2%A0%20%ED%99%98%EC%8A%B9%20%EC%A0%95%EB%B3%B4,,0,0
current_app,공덕,5호선,마포,6호선,대흥,1-1,,verified_legacy,legacy_app,https://namu.wiki/w/%EC%88%98%EB%8F%84%EA%B6%8C%20%EC%A0%84%EC%B2%A0%20%ED%99%98%EC%8A%B9%20%EC%A0%95%EB%B3%B4/%EC%88%98%EB%8F%84%EA%B6%8C%20%EC%A0%84%EC%B2%A0%205%ED%98%B8%EC%84%A0,https://namu.wiki/w/%EC%88%98%EB%8F%84%EA%B6%8C%20%EC%A0%84%EC%B2%A0%20%ED%99%98%EC%8A%B9%20%EC%A0%95%EB%B3%B4/%EC%88%98%EB%8F%84%EA%B6%8C%20%EC%A0%84%EC%B2%A0%205%ED%98%B8%EC%84%A0,,174,174
current_app,공덕,5호선,마포,6호선,효창공원앞,1-1,,verified_legacy,legacy_app,https://namu.wiki/w/%EC%88%98%EB%8F%84%EA%B6%8C%20%EC%A0%84%EC%B2%A0%20%ED%99%98%EC%8A%B9%20%EC%A0%95%EB%B3%B4/%EC%88%98%EB%8F%84%EA%B6%8C%20%EC%A0%84%EC%B2%A0%205%ED%98%B8%EC%84%A0,https://namu.wiki/w/%EC%88%98%EB%8F%84%EA%B6%8C%20%EC%A0%84%EC%B2%A0%20%ED%99%98%EC%8A%B9%20%EC%A0%95%EB%B3%B4/%EC%88%98%EB%8F%84%EA%B6%8C%20%EC%A0%84%EC%B2%A0%205%ED%98%B8%EC%84%A0,,174,174
current_app,공덕,5호선,마포,경의중앙선,서강대,모든 호차-모든 문,,verified_legacy,legacy_app,https://namu.wiki/w/%EC%88%98%EB%8F%84%EA%B6%8C%20%EC%A0%84%EC%B2%A0%20%ED%99%98%EC%8A%B9%20%EC%A0%95%EB%B3%B4/%EC%88%98%EB%8F%84%EA%B6%8C%20%EC%A0%84%EC%B2%A0%205%ED%98%B8%EC%84%A0,https://namu.wiki/w/%EC%88%98%EB%8F%84%EA%B6%8C%20%EC%A0%84%EC%B2%A0%20%ED%99%98%EC%8A%B9%20%EC%A0%95%EB%B3%B4/%EC%88%98%EB%8F%84%EA%B6%8C%20%EC%A0%84%EC%B2%A0%205%ED%98%B8%EC%84%A0,,600,600
current_app,공덕,5호선,마포,경의중앙선,효창공원앞,8-4,,verified_legacy,legacy_app,https://namu.wiki/w/%EC%88%98%EB%8F%84%EA%B6%8C%20%EC%A0%84%EC%B2%A0%20%ED%99%98%EC%8A%B9%20%EC%A0%95%EB%B3%B4/%EC%88%98%EB%8F%84%EA%B6%8C%20%EC%A0%84%EC%B2%A0%205%ED%98%B8%EC%84%A0,https://namu.wiki/w/%EC%88%98%EB%8F%84%EA%B6%8C%20%EC%A0%84%EC%B2%A0%20%ED%99%98%EC%8A%B9%20%EC%A0%95%EB%B3%B4/%EC%88%98%EB%8F%84%EA%B6%8C%20%EC%A0%84%EC%B2%A0%205%ED%98%B8%EC%84%A0,,600,600
current_app,공덕,5호선,마포,공항철도,서울역,1-1,,verified_legacy,legacy_app,https://namu.wiki/w/%EC%88%98%EB%8F%84%EA%B6%8C%20%EC%A0%84%EC%B2%A0%20%ED%99%98%EC%8A%B9%20%EC%A0%95%EB%B3%B4/%EC%88%98%EB%8F%84%EA%B6%8C%20%EC%A0%84%EC%B2%A0%205%ED%98%B8%EC%84%A0,https://namu.wiki/w/%EC%88%98%EB%8F%84%EA%B6%8C%20%EC%A0%84%EC%B2%A0%20%ED%99%98%EC%8A%B9%20%EC%A0%95%EB%B3%B4/%EC%88%98%EB%8F%84%EA%B6%8C%20%EC%A0%84%EC%B2%A0%205%ED%98%B8%EC%84%A0,,600,600
current_app,공덕,5호선,마포,공항철도,홍대입구,1-1,,verified_legacy,legacy_app,https://namu.wiki/w/%EC%88%98%EB%8F%84%EA%B6%8C%20%EC%A0%84%EC%B2%A0%20%ED%99%98%EC%8A%B9%20%EC%A0%95%EB%B3%B4/%EC%88%98%EB%8F%84%EA%B6%8C%20%EC%A0%84%EC%B2%A0%205%ED%98%B8%EC%84%A0,https://namu.wiki/w/%EC%88%98%EB%8F%84%EA%B6%8C%20%EC%A0%84%EC%B2%A0%20%ED%99%98%EC%8A%B9%20%EC%A0%95%EB%B3%B4/%EC%88%98%EB%8F%84%EA%B6%8C%20%EC%A0%84%EC%B2%A0%205%ED%98%B8%EC%84%A0,,600,600
current_app,공덕,5호선,애오개,6호선,대흥,8-4,,verified_legacy,legacy_app,https://namu.wiki/w/%EC%88%98%EB%8F%84%EA%B6%8C%20%EC%A0%84%EC%B2%A0%20%ED%99%98%EC%8A%B9%20%EC%A0%95%EB%B3%B4/%EC%88%98%EB%8F%84%EA%B6%8C%20%EC%A0%84%EC%B2%A0%205%ED%98%B8%EC%84%A0,https://namu.wiki/w/%EC%88%98%EB%8F%84%EA%B6%8C%20%EC%A0%84%EC%B2%A0%20%ED%99%98%EC%8A%B9%20%EC%A0%95%EB%B3%B4/%EC%88%98%EB%8F%84%EA%B6%8C%20%EC%A0%84%EC%B2%A0%205%ED%98%B8%EC%84%A0,,174,174
current_app,공덕,5호선,애오개,6호선,효창공원앞,8-4,,verified_legacy,legacy_app,https://namu.wiki/w/%EC%88%98%EB%8F%84%EA%B6%8C%20%EC%A0%84%EC%B2%A0%20%ED%99%98%EC%8A%B9%20%EC%A0%95%EB%B3%B4/%EC%88%98%EB%8F%84%EA%B6%8C%20%EC%A0%84%EC%B2%A0%205%ED%98%B8%EC%84%A0,https://namu.wiki/w/%EC%88%98%EB%8F%84%EA%B6%8C%20%EC%A0%84%EC%B2%A0%20%ED%99%98%EC%8A%B9%20%EC%A0%95%EB%B3%B4/%EC%88%98%EB%8F%84%EA%B6%8C%20%EC%A0%84%EC%B2%A0%205%ED%98%B8%EC%84%A0,,174,174
current_app,공덕,5호선,애오개,경의중앙선,서강대,모든 호차-모든 문,,verified_legacy,legacy_app,https://namu.wiki/w/%EC%88%98%EB%8F%84%EA%B6%8C%20%EC%A0%84%EC%B2%A0%20%ED%99%98%EC%8A%B9%20%EC%A0%95%EB%B3%B4/%EC%88%98%EB%8F%84%EA%B6%8C%20%EC%A0%84%EC%B2%A0%205%ED%98%B8%EC%84%A0,https://namu.wiki/w/%EC%88%98%EB%8F%84%EA%B6%8C%20%EC%A0%84%EC%B2%A0%20%ED%99%98%EC%8A%B9%20%EC%A0%95%EB%B3%B4/%EC%88%98%EB%8F%84%EA%B6%8C%20%EC%A0%84%EC%B2%A0%205%ED%98%B8%EC%84%A0,,600,600
current_app,공덕,5호선,애오개,경의중앙선,효창공원앞,1-1,,verified_legacy,legacy_app,https://namu.wiki/w/%EC%88%98%EB%8F%84%EA%B6%8C%20%EC%A0%84%EC%B2%A0%20%ED%99%98%EC%8A%B9%20%EC%A0%95%EB%B3%B4/%EC%88%98%EB%8F%84%EA%B6%8C%20%EC%A0%84%EC%B2%A0%205%ED%98%B8%EC%84%A0,https://namu.wiki/w/%EC%88%98%EB%8F%84%EA%B6%8C%20%EC%A0%84%EC%B2%A0%20%ED%99%98%EC%8A%B9%20%EC%A0%95%EB%B3%B4/%EC%88%98%EB%8F%84%EA%B6%8C%20%EC%A0%84%EC%B2%A0%205%ED%98%B8%EC%84%A0,,600,600
current_app,공덕,5호선,애오개,공항철도,서울역,8-4,,verified_legacy,legacy_app,https://namu.wiki/w/%EC%88%98%EB%8F%84%EA%B6%8C%20%EC%A0%84%EC%B2%A0%20%ED%99%98%EC%8A%B9%20%EC%A0%95%EB%B3%B4/%EC%88%98%EB%8F%84%EA%B6%8C%20%EC%A0%84%EC%B2%A0%205%ED%98%B8%EC%84%A0,https://namu.wiki/w/%EC%88%98%EB%8F%84%EA%B6%8C%20%EC%A0%84%EC%B2%A0%20%ED%99%98%EC%8A%B9%20%EC%A0%95%EB%B3%B4/%EC%88%98%EB%8F%84%EA%B6%8C%20%EC%A0%84%EC%B2%A0%205%ED%98%B8%EC%84%A0,,600,600
current_app,공덕,5호선,애오개,공항철도,홍대입구,8-4,,verified_legacy,legacy_app,https://namu.wiki/w/%EC%88%98%EB%8F%84%EA%B6%8C%20%EC%A0%84%EC%B2%A0%20%ED%99%98%EC%8A%B9%20%EC%A0%95%EB%B3%B4/%EC%88%98%EB%8F%84%EA%B6%8C%20%EC%A0%84%EC%B2%A0%205%ED%98%B8%EC%84%A0,https://namu.wiki/w/%EC%88%98%EB%8F%84%EA%B6%8C%20%EC%A0%84%EC%B2%A0%20%ED%99%98%EC%8A%B9%20%EC%A0%95%EB%B3%B4/%EC%88%98%EB%8F%84%EA%B6%8C%20%EC%A0%84%EC%B2%A0%205%ED%98%B8%EC%84%A0,,600,600
current_app,공덕,6호선,대흥,5호선,마포,1-1,,verified_legacy,legacy_app,https://namu.wiki/w/%EC%88%98%EB%8F%84%EA%B6%8C%20%EC%A0%84%EC%B2%A0%20%ED%99%98%EC%8A%B9%20%EC%A0%95%EB%B3%B4/%EC%84%9C%EC%9A%B8%20%EC%A7%80%ED%95%98%EC%B2%A0%206%ED%98%B8%EC%84%A0,https://namu.wiki/w/%EC%88%98%EB%8F%84%EA%B6%8C%20%EC%A0%84%EC%B2%A0%20%ED%99%98%EC%8A%B9%20%EC%A0%95%EB%B3%B4/%EC%84%9C%EC%9A%B8%20%EC%A7%80%ED%95%98%EC%B2%A0%206%ED%98%B8%EC%84%A0,,174,174
current_app,공덕,6호선,대흥,5호선,애오개,1-1,,verified_legacy,legacy_app,https://namu.wiki/w/%EC%88%98%EB%8F%84%EA%B6%8C%20%EC%A0%84%EC%B2%A0%20%ED%99%98%EC%8A%B9%20%EC%A0%95%EB%B3%B4/%EC%84%9C%EC%9A%B8%20%EC%A7%80%ED%95%98%EC%B2%A0%206%ED%98%B8%EC%84%A0,https://namu.wiki/w/%EC%88%98%EB%8F%84%EA%B6%8C%20%EC%A0%84%EC%B2%A0%20%ED%99%98%EC%8A%B9%20%EC%A0%95%EB%B3%B4/%EC%84%9C%EC%9A%B8%20%EC%A7%80%ED%95%98%EC%B2%A0%206%ED%98%B8%EC%84%A0,,174,174
current_app,공덕,6호선,대흥,경의중앙선,서강대,모든 호차-모든 문,,verified_legacy,legacy_app,https://namu.wiki/w/%EC%88%98%EB%8F%84%EA%B6%8C%20%EC%A0%84%EC%B2%A0%20%ED%99%98%EC%8A%B9%20%EC%A0%95%EB%B3%B4/%EC%84%9C%EC%9A%B8%20%EC%A7%80%ED%95%98%EC%B2%A0%206%ED%98%B8%EC%84%A0,https://namu.wiki/w/%EC%88%98%EB%8F%84%EA%B6%8C%20%EC%A0%84%EC%B2%A0%20%ED%99%98%EC%8A%B9%20%EC%A0%95%EB%B3%B4/%EC%84%9C%EC%9A%B8%20%EC%A7%80%ED%95%98%EC%B2%A0%206%ED%98%B8%EC%84%A0,,600,600
current_app,공덕,6호선,대흥,경의중앙선,효창공원앞,8-4,,verified_legacy,legacy_app,https://namu.wiki/w/%EC%88%98%EB%8F%84%EA%B6%8C%20%EC%A0%84%EC%B2%A0%20%ED%99%98%EC%8A%B9%20%EC%A0%95%EB%B3%B4/%EC%84%9C%EC%9A%B8%20%EC%A7%80%ED%95%98%EC%B2%A0%206%ED%98%B8%EC%84%A0,https://namu.wiki/w/%EC%88%98%EB%8F%84%EA%B6%8C%20%EC%A0%84%EC%B2%A0%20%ED%99%98%EC%8A%B9%20%EC%A0%95%EB%B3%B4/%EC%84%9C%EC%9A%B8%20%EC%A7%80%ED%95%98%EC%B2%A0%206%ED%98%B8%EC%84%A0,,600,600
current_app,공덕,6호선,대흥,공항철도,서울역,1-1,,verified_legacy,legacy_app,https://namu.wiki/w/%EC%88%98%EB%8F%84%EA%B6%8C%20%EC%A0%84%EC%B2%A0%20%ED%99%98%EC%8A%B9%20%EC%A0%95%EB%B3%B4/%EC%84%9C%EC%9A%B8%20%EC%A7%80%ED%95%98%EC%B2%A0%206%ED%98%B8%EC%84%A0,https://namu.wiki/w/%EC%88%98%EB%8F%84%EA%B6%8C%20%EC%A0%84%EC%B2%A0%20%ED%99%98%EC%8A%B9%20%EC%A0%95%EB%B3%B4/%EC%84%9C%EC%9A%B8%20%EC%A7%80%ED%95%98%EC%B2%A0%206%ED%98%B8%EC%84%A0,,600,600
current_app,공덕,6호선,대흥,공항철도,홍대입구,1-1,,verified_legacy,legacy_app,https://namu.wiki/w/%EC%88%98%EB%8F%84%EA%B6%8C%20%EC%A0%84%EC%B2%A0%20%ED%99%98%EC%8A%B9%20%EC%A0%95%EB%B3%B4/%EC%84%9C%EC%9A%B8%20%EC%A7%80%ED%95%98%EC%B2%A0%206%ED%98%B8%EC%84%A0,https://namu.wiki/w/%EC%88%98%EB%8F%84%EA%B6%8C%20%EC%A0%84%EC%B2%A0%20%ED%99%98%EC%8A%B9%20%EC%A0%95%EB%B3%B4/%EC%84%9C%EC%9A%B8%20%EC%A7%80%ED%95%98%EC%B2%A0%206%ED%98%B8%EC%84%A0,,600,600
current_app,공덕,6호선,효창공원앞,5호선,마포,8-4,,verified_legacy,legacy_app,https://namu.wiki/w/%EC%88%98%EB%8F%84%EA%B6%8C%20%EC%A0%84%EC%B2%A0%20%ED%99%98%EC%8A%B9%20%EC%A0%95%EB%B3%B4/%EC%84%9C%EC%9A%B8%20%EC%A7%80%ED%95%98%EC%B2%A0%206%ED%98%B8%EC%84%A0,https://namu.wiki/w/%EC%88%98%EB%8F%84%EA%B6%8C%20%EC%A0%84%EC%B2%A0%20%ED%99%98%EC%8A%B9%20%EC%A0%95%EB%B3%B4/%EC%84%9C%EC%9A%B8%20%EC%A7%80%ED%95%98%EC%B2%A0%206%ED%98%B8%EC%84%A0,,174,174
current_app,공덕,6호선,효창공원앞,5호선,애오개,8-4,,verified_legacy,legacy_app,https://namu.wiki/w/%EC%88%98%EB%8F%84%EA%B6%8C%20%EC%A0%84%EC%B2%A0%20%ED%99%98%EC%8A%B9%20%EC%A0%95%EB%B3%B4/%EC%84%9C%EC%9A%B8%20%EC%A7%80%ED%95%98%EC%B2%A0%206%ED%98%B8%EC%84%A0,https://namu.wiki/w/%EC%88%98%EB%8F%84%EA%B6%8C%20%EC%A0%84%EC%B2%A0%20%ED%99%98%EC%8A%B9%20%EC%A0%95%EB%B3%B4/%EC%84%9C%EC%9A%B8%20%EC%A7%80%ED%95%98%EC%B2%A0%206%ED%98%B8%EC%84%A0,,174,174
current_app,공덕,6호선,효창공원앞,경의중앙선,서강대,모든 호차-모든 문,,verified_legacy,legacy_app,https://namu.wiki/w/%EC%88%98%EB%8F%84%EA%B6%8C%20%EC%A0%84%EC%B2%A0%20%ED%99%98%EC%8A%B9%20%EC%A0%95%EB%B3%B4/%EC%84%9C%EC%9A%B8%20%EC%A7%80%ED%95%98%EC%B2%A0%206%ED%98%B8%EC%84%A0,https://namu.wiki/w/%EC%88%98%EB%8F%84%EA%B6%8C%20%EC%A0%84%EC%B2%A0%20%ED%99%98%EC%8A%B9%20%EC%A0%95%EB%B3%B4/%EC%84%9C%EC%9A%B8%20%EC%A7%80%ED%95%98%EC%B2%A0%206%ED%98%B8%EC%84%A0,,600,600
current_app,공덕,6호선,효창공원앞,경의중앙선,효창공원앞,1-1,,verified_legacy,legacy_app,https://namu.wiki/w/%EC%88%98%EB%8F%84%EA%B6%8C%20%EC%A0%84%EC%B2%A0%20%ED%99%98%EC%8A%B9%20%EC%A0%95%EB%B3%B4/%EC%84%9C%EC%9A%B8%20%EC%A7%80%ED%95%98%EC%B2%A0%206%ED%98%B8%EC%84%A0,https://namu.wiki/w/%EC%88%98%EB%8F%84%EA%B6%8C%20%EC%A0%84%EC%B2%A0%20%ED%99%98%EC%8A%B9%20%EC%A0%95%EB%B3%B4/%EC%84%9C%EC%9A%B8%20%EC%A7%80%ED%95%98%EC%B2%A0%206%ED%98%B8%EC%84%A0,,600,600
current_app,공덕,6호선,효창공원앞,공항철도,서울역,8-4,,verified_legacy,legacy_app,https://namu.wiki/w/%EC%88%98%EB%8F%84%EA%B6%8C%20%EC%A0%84%EC%B2%A0%20%ED%99%98%EC%8A%B9%20%EC%A0%95%EB%B3%B4/%EC%84%9C%EC%9A%B8%20%EC%A7%80%ED%95%98%EC%B2%A0%206%ED%98%B8%EC%84%A0,https://namu.wiki/w/%EC%88%98%EB%8F%84%EA%B6%8C%20%EC%A0%84%EC%B2%A0%20%ED%99%98%EC%8A%B9%20%EC%A0%95%EB%B3%B4/%EC%84%9C%EC%9A%B8%20%EC%A7%80%ED%95%98%EC%B2%A0%206%ED%98%B8%EC%84%A0,,600,600
current_app,공덕,6호선,효창공원앞,공항철도,홍대입구,8-4,,verified_legacy,legacy_app,https://namu.wiki/w/%EC%88%98%EB%8F%84%EA%B6%8C%20%EC%A0%84%EC%B2%A0%20%ED%99%98%EC%8A%B9%20%EC%A0%95%EB%B3%B4/%EC%84%9C%EC%9A%B8%20%EC%A7%80%ED%95%98%EC%B2%A0%206%ED%98%B8%EC%84%A0,https://namu.wiki/w/%EC%88%98%EB%8F%84%EA%B6%8C%20%EC%A0%84%EC%B2%A0%20%ED%99%98%EC%8A%B9%20%EC%A0%95%EB%B3%B4/%EC%84%9C%EC%9A%B8%20%EC%A7%80%ED%95%98%EC%B2%A0%206%ED%98%B8%EC%84%A0,,600,600
current_app,공덕,경의중앙선,서강대,5호선,마포,모든 호차-모든 문,,verified_legacy,legacy_app,https://namu.wiki/w/%EC%88%98%EB%8F%84%EA%B6%8C%20%EC%A0%84%EC%B2%A0%20%ED%99%98%EC%8A%B9%20%EC%A0%95%EB%B3%B4/%EC%88%98%EB%8F%84%EA%B6%8C%20%EC%A0%84%EC%B2%A0%20%EA%B2%BD%EC%9D%98%C2%B7%EC%A4%91%EC%95%99%EC%84%A0,https://namu.wiki/w/%EC%88%98%EB%8F%84%EA%B6%8C%20%EC%A0%84%EC%B2%A0%20%ED%99%98%EC%8A%B9%20%EC%A0%95%EB%B3%B4/%EC%88%98%EB%8F%84%EA%B6%8C%20%EC%A0%84%EC%B2%A0%20%EA%B2%BD%EC%9D%98%C2%B7%EC%A4%91%EC%95%99%EC%84%A0,,174,174
current_app,공덕,경의중앙선,서강대,5호선,애오개,모든 호차-모든 문,,verified_legacy,legacy_app,https://namu.wiki/w/%EC%88%98%EB%8F%84%EA%B6%8C%20%EC%A0%84%EC%B2%A0%20%ED%99%98%EC%8A%B9%20%EC%A0%95%EB%B3%B4/%EC%88%98%EB%8F%84%EA%B6%8C%20%EC%A0%84%EC%B2%A0%20%EA%B2%BD%EC%9D%98%C2%B7%EC%A4%91%EC%95%99%EC%84%A0,https://namu.wiki/w/%EC%88%98%EB%8F%84%EA%B6%8C%20%EC%A0%84%EC%B2%A0%20%ED%99%98%EC%8A%B9%20%EC%A0%95%EB%B3%B4/%EC%88%98%EB%8F%84%EA%B6%8C%20%EC%A0%84%EC%B2%A0%20%EA%B2%BD%EC%9D%98%C2%B7%EC%A4%91%EC%95%99%EC%84%A0,,174,174
current_app,공덕,경의중앙선,서강대,6호선,대흥,모든 호차-모든 문,,verified_legacy,legacy_app,https://namu.wiki/w/%EC%88%98%EB%8F%84%EA%B6%8C%20%EC%A0%84%EC%B2%A0%20%ED%99%98%EC%8A%B9%20%EC%A0%95%EB%B3%B4/%EC%88%98%EB%8F%84%EA%B6%8C%20%EC%A0%84%EC%B2%A0%20%EA%B2%BD%EC%9D%98%C2%B7%EC%A4%91%EC%95%99%EC%84%A0,https://namu.wiki/w/%EC%88%98%EB%8F%84%EA%B6%8C%20%EC%A0%84%EC%B2%A0%20%ED%99%98%EC%8A%B9%20%EC%A0%95%EB%B3%B4/%EC%88%98%EB%8F%84%EA%B6%8C%20%EC%A0%84%EC%B2%A0%20%EA%B2%BD%EC%9D%98%C2%B7%EC%A4%91%EC%95%99%EC%84%A0,,174,174
current_app,공덕,경의중앙선,서강대,6호선,효창공원앞,모든 호차-모든 문,,verified_legacy,legacy_app,https://namu.wiki/w/%EC%88%98%EB%8F%84%EA%B6%8C%20%EC%A0%84%EC%B2%A0%20%ED%99%98%EC%8A%B9%20%EC%A0%95%EB%B3%B4/%EC%88%98%EB%8F%84%EA%B6%8C%20%EC%A0%84%EC%B2%A0%20%EA%B2%BD%EC%9D%98%C2%B7%EC%A4%91%EC%95%99%EC%84%A0,https://namu.wiki/w/%EC%88%98%EB%8F%84%EA%B6%8C%20%EC%A0%84%EC%B2%A0%20%ED%99%98%EC%8A%B9%20%EC%A0%95%EB%B3%B4/%EC%88%98%EB%8F%84%EA%B6%8C%20%EC%A0%84%EC%B2%A0%20%EA%B2%BD%EC%9D%98%C2%B7%EC%A4%91%EC%95%99%EC%84%A0,,174,174
current_app,공덕,경의중앙선,서강대,공항철도,서울역,모든 호차-모든 문,,verified_legacy,legacy_app,https://namu.wiki/w/%EC%88%98%EB%8F%84%EA%B6%8C%20%EC%A0%84%EC%B2%A0%20%ED%99%98%EC%8A%B9%20%EC%A0%95%EB%B3%B4/%EC%88%98%EB%8F%84%EA%B6%8C%20%EC%A0%84%EC%B2%A0%20%EA%B2%BD%EC%9D%98%C2%B7%EC%A4%91%EC%95%99%EC%84%A0,https://namu.wiki/w/%EC%88%98%EB%8F%84%EA%B6%8C%20%EC%A0%84%EC%B2%A0%20%ED%99%98%EC%8A%B9%20%EC%A0%95%EB%B3%B4/%EC%88%98%EB%8F%84%EA%B6%8C%20%EC%A0%84%EC%B2%A0%20%EA%B2%BD%EC%9D%98%C2%B7%EC%A4%91%EC%95%99%EC%84%A0,,600,600
current_app,공덕,경의중앙선,서강대,공항철도,홍대입구,모든 호차-모든 문,,verified_legacy,legacy_app,https://namu.wiki/w/%EC%88%98%EB%8F%84%EA%B6%8C%20%EC%A0%84%EC%B2%A0%20%ED%99%98%EC%8A%B9%20%EC%A0%95%EB%B3%B4/%EC%88%98%EB%8F%84%EA%B6%8C%20%EC%A0%84%EC%B2%A0%20%EA%B2%BD%EC%9D%98%C2%B7%EC%A4%91%EC%95%99%EC%84%A0,https://namu.wiki/w/%EC%88%98%EB%8F%84%EA%B6%8C%20%EC%A0%84%EC%B2%A0%20%ED%99%98%EC%8A%B9%20%EC%A0%95%EB%B3%B4/%EC%88%98%EB%8F%84%EA%B6%8C%20%EC%A0%84%EC%B2%A0%20%EA%B2%BD%EC%9D%98%C2%B7%EC%A4%91%EC%95%99%EC%84%A0,,600,600
current_app,공덕,경의중앙선,효창공원앞,5호선,마포,8-4,,verified_legacy,legacy_app,https://namu.wiki/w/%EC%88%98%EB%8F%84%EA%B6%8C%20%EC%A0%84%EC%B2%A0%20%ED%99%98%EC%8A%B9%20%EC%A0%95%EB%B3%B4/%EC%88%98%EB%8F%84%EA%B6%8C%20%EC%A0%84%EC%B2%A0%20%EA%B2%BD%EC%9D%98%C2%B7%EC%A4%91%EC%95%99%EC%84%A0,https://namu.wiki/w/%EC%88%98%EB%8F%84%EA%B6%8C%20%EC%A0%84%EC%B2%A0%20%ED%99%98%EC%8A%B9%20%EC%A0%95%EB%B3%B4/%EC%88%98%EB%8F%84%EA%B6%8C%20%EC%A0%84%EC%B2%A0%20%EA%B2%BD%EC%9D%98%C2%B7%EC%A4%91%EC%95%99%EC%84%A0,,174,174
current_app,공덕,경의중앙선,효창공원앞,5호선,애오개,8-4,,verified_legacy,legacy_app,https://namu.wiki/w/%EC%88%98%EB%8F%84%EA%B6%8C%20%EC%A0%84%EC%B2%A0%20%ED%99%98%EC%8A%B9%20%EC%A0%95%EB%B3%B4/%EC%88%98%EB%8F%84%EA%B6%8C%20%EC%A0%84%EC%B2%A0%20%EA%B2%BD%EC%9D%98%C2%B7%EC%A4%91%EC%95%99%EC%84%A0,https://namu.wiki/w/%EC%88%98%EB%8F%84%EA%B6%8C%20%EC%A0%84%EC%B2%A0%20%ED%99%98%EC%8A%B9%20%EC%A0%95%EB%B3%B4/%EC%88%98%EB%8F%84%EA%B6%8C%20%EC%A0%84%EC%B2%A0%20%EA%B2%BD%EC%9D%98%C2%B7%EC%A4%91%EC%95%99%EC%84%A0,,174,174
current_app,공덕,경의중앙선,효창공원앞,6호선,대흥,8-4,,verified_legacy,legacy_app,https://namu.wiki/w/%EC%88%98%EB%8F%84%EA%B6%8C%20%EC%A0%84%EC%B2%A0%20%ED%99%98%EC%8A%B9%20%EC%A0%95%EB%B3%B4/%EC%88%98%EB%8F%84%EA%B6%8C%20%EC%A0%84%EC%B2%A0%20%EA%B2%BD%EC%9D%98%C2%B7%EC%A4%91%EC%95%99%EC%84%A0,https://namu.wiki/w/%EC%88%98%EB%8F%84%EA%B6%8C%20%EC%A0%84%EC%B2%A0%20%ED%99%98%EC%8A%B9%20%EC%A0%95%EB%B3%B4/%EC%88%98%EB%8F%84%EA%B6%8C%20%EC%A0%84%EC%B2%A0%20%EA%B2%BD%EC%9D%98%C2%B7%EC%A4%91%EC%95%99%EC%84%A0,,174,174
current_app,공덕,경의중앙선,효창공원앞,6호선,효창공원앞,8-4,,verified_legacy,legacy_app,https://namu.wiki/w/%EC%88%98%EB%8F%84%EA%B6%8C%20%EC%A0%84%EC%B2%A0%20%ED%99%98%EC%8A%B9%20%EC%A0%95%EB%B3%B4/%EC%88%98%EB%8F%84%EA%B6%8C%20%EC%A0%84%EC%B2%A0%20%EA%B2%BD%EC%9D%98%C2%B7%EC%A4%91%EC%95%99%EC%84%A0,https://namu.wiki/w/%EC%88%98%EB%8F%84%EA%B6%8C%20%EC%A0%84%EC%B2%A0%20%ED%99%98%EC%8A%B9%20%EC%A0%95%EB%B3%B4/%EC%88%98%EB%8F%84%EA%B6%8C%20%EC%A0%84%EC%B2%A0%20%EA%B2%BD%EC%9D%98%C2%B7%EC%A4%91%EC%95%99%EC%84%A0,,174,174
current_app,공덕,경의중앙선,효창공원앞,공항철도,서울역,8-4,,verified_legacy,legacy_app,https://namu.wiki/w/%EC%88%98%EB%8F%84%EA%B6%8C%20%EC%A0%84%EC%B2%A0%20%ED%99%98%EC%8A%B9%20%EC%A0%95%EB%B3%B4/%EC%88%98%EB%8F%84%EA%B6%8C%20%EC%A0%84%EC%B2%A0%20%EA%B2%BD%EC%9D%98%C2%B7%EC%A4%91%EC%95%99%EC%84%A0,https://namu.wiki/w/%EC%88%98%EB%8F%84%EA%B6%8C%20%EC%A0%84%EC%B2%A0%20%ED%99%98%EC%8A%B9%20%EC%A0%95%EB%B3%B4/%EC%88%98%EB%8F%84%EA%B6%8C%20%EC%A0%84%EC%B2%A0%20%EA%B2%BD%EC%9D%98%C2%B7%EC%A4%91%EC%95%99%EC%84%A0,,600,600
current_app,공덕,경의중앙선,효창공원앞,공항철도,홍대입구,8-4,,verified_legacy,legacy_app,https://namu.wiki/w/%EC%88%98%EB%8F%84%EA%B6%8C%20%EC%A0%84%EC%B2%A0%20%ED%99%98%EC%8A%B9%20%EC%A0%95%EB%B3%B4/%EC%88%98%EB%8F%84%EA%B6%8C%20%EC%A0%84%EC%B2%A0%20%EA%B2%BD%EC%9D%98%C2%B7%EC%A4%91%EC%95%99%EC%84%A0,https://namu.wiki/w/%EC%88%98%EB%8F%84%EA%B6%8C%20%EC%A0%84%EC%B2%A0%20%ED%99%98%EC%8A%B9%20%EC%A0%95%EB%B3%B4/%EC%88%98%EB%8F%84%EA%B6%8C%20%EC%A0%84%EC%B2%A0%20%EA%B2%BD%EC%9D%98%C2%B7%EC%A4%91%EC%95%99%EC%84%A0,,600,600
current_app,공덕,공항철도,서울역,5호선,마포,6-1,,verified_legacy,legacy_app,https://namu.wiki/w/%EC%88%98%EB%8F%84%EA%B6%8C%20%EC%A0%84%EC%B2%A0%20%ED%99%98%EC%8A%B9%20%EC%A0%95%EB%B3%B4,https://namu.wiki/w/%EC%88%98%EB%8F%84%EA%B6%8C%20%EC%A0%84%EC%B2%A0%20%ED%99%98%EC%8A%B9%20%EC%A0%95%EB%B3%B4,,420,420
current_app,공덕,공항철도,서울역,5호선,애오개,6-1,,verified_legacy,legacy_app,https://namu.wiki/w/%EC%88%98%EB%8F%84%EA%B6%8C%20%EC%A0%84%EC%B2%A0%20%ED%99%98%EC%8A%B9%20%EC%A0%95%EB%B3%B4,https://namu.wiki/w/%EC%88%98%EB%8F%84%EA%B6%8C%20%EC%A0%84%EC%B2%A0%20%ED%99%98%EC%8A%B9%20%EC%A0%95%EB%B3%B4,,420,420
current_app,공덕,공항철도,서울역,6호선,대흥,6-1,,verified_legacy,legacy_app,https://namu.wiki/w/%EC%88%98%EB%8F%84%EA%B6%8C%20%EC%A0%84%EC%B2%A0%20%ED%99%98%EC%8A%B9%20%EC%A0%95%EB%B3%B4,https://namu.wiki/w/%EC%88%98%EB%8F%84%EA%B6%8C%20%EC%A0%84%EC%B2%A0%20%ED%99%98%EC%8A%B9%20%EC%A0%95%EB%B3%B4,,420,420
current_app,공덕,공항철도,서울역,6호선,효창공원앞,6-1,,verified_legacy,legacy_app,https://namu.wiki/w/%EC%88%98%EB%8F%84%EA%B6%8C%20%EC%A0%84%EC%B2%A0%20%ED%99%98%EC%8A%B9%20%EC%A0%95%EB%B3%B4,https://namu.wiki/w/%EC%88%98%EB%8F%84%EA%B6%8C%20%EC%A0%84%EC%B2%A0%20%ED%99%98%EC%8A%B9%20%EC%A0%95%EB%B3%B4,,420,420
current_app,공덕,공항철도,서울역,경의중앙선,서강대,6-1,,verified_legacy,legacy_app,https://namu.wiki/w/%EC%88%98%EB%8F%84%EA%B6%8C%20%EC%A0%84%EC%B2%A0%20%ED%99%98%EC%8A%B9%20%EC%A0%95%EB%B3%B4,https://namu.wiki/w/%EC%88%98%EB%8F%84%EA%B6%8C%20%EC%A0%84%EC%B2%A0%20%ED%99%98%EC%8A%B9%20%EC%A0%95%EB%B3%B4,,600,600
current_app,공덕,공항철도,서울역,경의중앙선,효창공원앞,6-1,,verified_legacy,legacy_app,https://namu.wiki/w/%EC%88%98%EB%8F%84%EA%B6%8C%20%EC%A0%84%EC%B2%A0%20%ED%99%98%EC%8A%B9%20%EC%A0%95%EB%B3%B4,https://namu.wiki/w/%EC%88%98%EB%8F%84%EA%B6%8C%20%EC%A0%84%EC%B2%A0%20%ED%99%98%EC%8A%B9%20%EC%A0%95%EB%B3%B4,,600,600
current_app,공덕,공항철도,홍대입구,5호선,마포,1-4,,verified_legacy,legacy_app,https://namu.wiki/w/%EC%88%98%EB%8F%84%EA%B6%8C%20%EC%A0%84%EC%B2%A0%20%ED%99%98%EC%8A%B9%20%EC%A0%95%EB%B3%B4,https://namu.wiki/w/%EC%88%98%EB%8F%84%EA%B6%8C%20%EC%A0%84%EC%B2%A0%20%ED%99%98%EC%8A%B9%20%EC%A0%95%EB%B3%B4,,420,420
current_app,공덕,공항철도,홍대입구,5호선,애오개,1-4,,verified_legacy,legacy_app,https://namu.wiki/w/%EC%88%98%EB%8F%84%EA%B6%8C%20%EC%A0%84%EC%B2%A0%20%ED%99%98%EC%8A%B9%20%EC%A0%95%EB%B3%B4,https://namu.wiki/w/%EC%88%98%EB%8F%84%EA%B6%8C%20%EC%A0%84%EC%B2%A0%20%ED%99%98%EC%8A%B9%20%EC%A0%95%EB%B3%B4,,420,420
current_app,공덕,공항철도,홍대입구,6호선,대흥,1-4,,verified_legacy,legacy_app,https://namu.wiki/w/%EC%88%98%EB%8F%84%EA%B6%8C%20%EC%A0%84%EC%B2%A0%20%ED%99%98%EC%8A%B9%20%EC%A0%95%EB%B3%B4,https://namu.wiki/w/%EC%88%98%EB%8F%84%EA%B6%8C%20%EC%A0%84%EC%B2%A0%20%ED%99%98%EC%8A%B9%20%EC%A0%95%EB%B3%B4,,420,420
current_app,공덕,공항철도,홍대입구,6호선,효창공원앞,1-4,,verified_legacy,legacy_app,https://namu.wiki/w/%EC%88%98%EB%8F%84%EA%B6%8C%20%EC%A0%84%EC%B2%A0%20%ED%99%98%EC%8A%B9%20%EC%A0%95%EB%B3%B4,https://namu.wiki/w/%EC%88%98%EB%8F%84%EA%B6%8C%20%EC%A0%84%EC%B2%A0%20%ED%99%98%EC%8A%B9%20%EC%A0%95%EB%B3%B4,,420,420
current_app,공덕,공항철도,홍대입구,경의중앙선,서강대,1-4,,verified_legacy,legacy_app,https://namu.wiki/w/%EC%88%98%EB%8F%84%EA%B6%8C%20%EC%A0%84%EC%B2%A0%20%ED%99%98%EC%8A%B9%20%EC%A0%95%EB%B3%B4,https://namu.wiki/w/%EC%88%98%EB%8F%84%EA%B6%8C%20%EC%A0%84%EC%B2%A0%20%ED%99%98%EC%8A%B9%20%EC%A0%95%EB%B3%B4,,600,600
current_app,공덕,공항철도,홍대입구,경의중앙선,효창공원앞,1-4,,verified_legacy,legacy_app,https://namu.wiki/w/%EC%88%98%EB%8F%84%EA%B6%8C%20%EC%A0%84%EC%B2%A0%20%ED%99%98%EC%8A%B9%20%EC%A0%95%EB%B3%B4,https://namu.wiki/w/%EC%88%98%EB%8F%84%EA%B6%8C%20%EC%A0%84%EC%B2%A0%20%ED%99%98%EC%8A%B9%20%EC%A0%95%EB%B3%B4,,600,600
current_app,광운대,1호선,석계,경춘선,,10-2,,verified_legacy,legacy_app,https://namu.wiki/w/%EC%88%98%EB%8F%84%EA%B6%8C%20%EC%A0%84%EC%B2%A0%20%ED%99%98%EC%8A%B9%20%EC%A0%95%EB%B3%B4/%EC%88%98%EB%8F%84%EA%B6%8C%20%EC%A0%84%EC%B2%A0%201%ED%98%B8%EC%84%A0,https://namu.wiki/w/%EC%88%98%EB%8F%84%EA%B6%8C%20%EC%A0%84%EC%B2%A0%20%ED%99%98%EC%8A%B9%20%EC%A0%95%EB%B3%B4/%EC%88%98%EB%8F%84%EA%B6%8C%20%EC%A0%84%EC%B2%A0%201%ED%98%B8%EC%84%A0,,120,120
current_app,광운대,1호선,월계,경춘선,,1-3,,verified_legacy,legacy_app,https://namu.wiki/w/%EC%88%98%EB%8F%84%EA%B6%8C%20%EC%A0%84%EC%B2%A0%20%ED%99%98%EC%8A%B9%20%EC%A0%95%EB%B3%B4/%EC%88%98%EB%8F%84%EA%B6%8C%20%EC%A0%84%EC%B2%A0%201%ED%98%B8%EC%84%A0,https://namu.wiki/w/%EC%88%98%EB%8F%84%EA%B6%8C%20%EC%A0%84%EC%B2%A0%20%ED%99%98%EC%8A%B9%20%EC%A0%95%EB%B3%B4/%EC%88%98%EB%8F%84%EA%B6%8C%20%EC%A0%84%EC%B2%A0%201%ED%98%B8%EC%84%A0,,120,120
current_app,광운대,경춘선,,1호선,,5-4,,verified_legacy,legacy_app,https://namu.wiki/w/%EC%88%98%EB%8F%84%EA%B6%8C%20%EC%A0%84%EC%B2%A0%20%ED%99%98%EC%8A%B9%20%EC%A0%95%EB%B3%B4,https://namu.wiki/w/%EC%88%98%EB%8F%84%EA%B6%8C%20%EC%A0%84%EC%B2%A0%20%ED%99%98%EC%8A%B9%20%EC%A0%95%EB%B3%B4,,120,120
current_app,교대,2호선,강남,3호선,고속터미널,10-4,,verified_legacy,legacy_app,https://namu.wiki/w/%EC%88%98%EB%8F%84%EA%B6%8C%20%EC%A0%84%EC%B2%A0%20%ED%99%98%EC%8A%B9%20%EC%A0%95%EB%B3%B4/%EC%84%9C%EC%9A%B8%20%EC%A7%80%ED%95%98%EC%B2%A0%202%ED%98%B8%EC%84%A0,https://namu.wiki/w/%EC%88%98%EB%8F%84%EA%B6%8C%20%EC%A0%84%EC%B2%A0%20%ED%99%98%EC%8A%B9%20%EC%A0%95%EB%B3%B4/%EC%84%9C%EC%9A%B8%20%EC%A7%80%ED%95%98%EC%B2%A0%202%ED%98%B8%EC%84%A0,,144,144
current_app,교대,2호선,강남,3호선,남부터미널,10-4,,verified_legacy,legacy_app,https://namu.wiki/w/%EC%88%98%EB%8F%84%EA%B6%8C%20%EC%A0%84%EC%B2%A0%20%ED%99%98%EC%8A%B9%20%EC%A0%95%EB%B3%B4/%EC%84%9C%EC%9A%B8%20%EC%A7%80%ED%95%98%EC%B2%A0%202%ED%98%B8%EC%84%A0,https://namu.wiki/w/%EC%88%98%EB%8F%84%EA%B6%8C%20%EC%A0%84%EC%B2%A0%20%ED%99%98%EC%8A%B9%20%EC%A0%95%EB%B3%B4/%EC%84%9C%EC%9A%B8%20%EC%A7%80%ED%95%98%EC%B2%A0%202%ED%98%B8%EC%84%A0,,144,144
current_app,교대,2호선,서초,3호선,고속터미널,1-2,,verified_legacy,legacy_app,https://namu.wiki/w/%EC%88%98%EB%8F%84%EA%B6%8C%20%EC%A0%84%EC%B2%A0%20%ED%99%98%EC%8A%B9%20%EC%A0%95%EB%B3%B4/%EC%84%9C%EC%9A%B8%20%EC%A7%80%ED%95%98%EC%B2%A0%202%ED%98%B8%EC%84%A0,https://namu.wiki/w/%EC%88%98%EB%8F%84%EA%B6%8C%20%EC%A0%84%EC%B2%A0%20%ED%99%98%EC%8A%B9%20%EC%A0%95%EB%B3%B4/%EC%84%9C%EC%9A%B8%20%EC%A7%80%ED%95%98%EC%B2%A0%202%ED%98%B8%EC%84%A0,,144,144
current_app,교대,2호선,서초,3호선,남부터미널,1-2,,verified_legacy,legacy_app,https://namu.wiki/w/%EC%88%98%EB%8F%84%EA%B6%8C%20%EC%A0%84%EC%B2%A0%20%ED%99%98%EC%8A%B9%20%EC%A0%95%EB%B3%B4/%EC%84%9C%EC%9A%B8%20%EC%A7%80%ED%95%98%EC%B2%A0%202%ED%98%B8%EC%84%A0,https://namu.wiki/w/%EC%88%98%EB%8F%84%EA%B6%8C%20%EC%A0%84%EC%B2%A0%20%ED%99%98%EC%8A%B9%20%EC%A0%95%EB%B3%B4/%EC%84%9C%EC%9A%B8%20%EC%A7%80%ED%95%98%EC%B2%A0%202%ED%98%B8%EC%84%A0,,144,144
current_app,교대,3호선,고속터미널,2호선,강남,7-4,,verified_legacy,legacy_app,https://namu.wiki/w/%EC%88%98%EB%8F%84%EA%B6%8C%20%EC%A0%84%EC%B2%A0%20%ED%99%98%EC%8A%B9%20%EC%A0%95%EB%B3%B4/%EC%88%98%EB%8F%84%EA%B6%8C%20%EC%A0%84%EC%B2%A0%203%ED%98%B8%EC%84%A0,https://namu.wiki/w/%EC%88%98%EB%8F%84%EA%B6%8C%20%EC%A0%84%EC%B2%A0%20%ED%99%98%EC%8A%B9%20%EC%A0%95%EB%B3%B4/%EC%88%98%EB%8F%84%EA%B6%8C%20%EC%A0%84%EC%B2%A0%203%ED%98%B8%EC%84%A0,,144,144
current_app,교대,3호선,고속터미널,2호선,서초,3-2,,verified_legacy,legacy_app,https://namu.wiki/w/%EC%88%98%EB%8F%84%EA%B6%8C%20%EC%A0%84%EC%B2%A0%20%ED%99%98%EC%8A%B9%20%EC%A0%95%EB%B3%B4/%EC%88%98%EB%8F%84%EA%B6%8C%20%EC%A0%84%EC%B2%A0%203%ED%98%B8%EC%84%A0,https://namu.wiki/w/%EC%88%98%EB%8F%84%EA%B6%8C%20%EC%A0%84%EC%B2%A0%20%ED%99%98%EC%8A%B9%20%EC%A0%95%EB%B3%B4/%EC%88%98%EB%8F%84%EA%B6%8C%20%EC%A0%84%EC%B2%A0%203%ED%98%B8%EC%84%A0,,144,144
current_app,교대,3호선,남부터미널,2호선,강남,4-2,,verified_legacy,legacy_app,https://namu.wiki/w/%EC%88%98%EB%8F%84%EA%B6%8C%20%EC%A0%84%EC%B2%A0%20%ED%99%98%EC%8A%B9%20%EC%A0%95%EB%B3%B4/%EC%88%98%EB%8F%84%EA%B6%8C%20%EC%A0%84%EC%B2%A0%203%ED%98%B8%EC%84%A0,https://namu.wiki/w/%EC%88%98%EB%8F%84%EA%B6%8C%20%EC%A0%84%EC%B2%A0%20%ED%99%98%EC%8A%B9%20%EC%A0%95%EB%B3%B4/%EC%88%98%EB%8F%84%EA%B6%8C%20%EC%A0%84%EC%B2%A0%203%ED%98%B8%EC%84%A0,,144,144
current_app,교대,3호선,남부터미널,2호선,서초,8-3,,verified_legacy,legacy_app,https://namu.wiki/w/%EC%88%98%EB%8F%84%EA%B6%8C%20%EC%A0%84%EC%B2%A0%20%ED%99%98%EC%8A%B9%20%EC%A0%95%EB%B3%B4/%EC%88%98%EB%8F%84%EA%B6%8C%20%EC%A0%84%EC%B2%A0%203%ED%98%B8%EC%84%A0,https://namu.wiki/w/%EC%88%98%EB%8F%84%EA%B6%8C%20%EC%A0%84%EC%B2%A0%20%ED%99%98%EC%8A%B9%20%EC%A0%95%EB%B3%B4/%EC%88%98%EB%8F%84%EA%B6%8C%20%EC%A0%84%EC%B2%A0%203%ED%98%B8%EC%84%A0,,144,144
current_app,구로,1호선,구로,1호선,가산디지털단지,10-4,,verified_legacy,legacy_app,https://namu.wiki/w/%EC%88%98%EB%8F%84%EA%B6%8C%20%EC%A0%84%EC%B2%A0%20%ED%99%98%EC%8A%B9%20%EC%A0%95%EB%B3%B4/%EC%88%98%EB%8F%84%EA%B6%8C%20%EC%A0%84%EC%B2%A0%201%ED%98%B8%EC%84%A0,https://namu.wiki/w/%EC%88%98%EB%8F%84%EA%B6%8C%20%EC%A0%84%EC%B2%A0%20%ED%99%98%EC%8A%B9%20%EC%A0%95%EB%B3%B4/%EC%88%98%EB%8F%84%EA%B6%8C%20%EC%A0%84%EC%B2%A0%201%ED%98%B8%EC%84%A0,,58,58
current_app,구로,1호선,구로,1호선,구일,10-4,,verified_legacy,legacy_app,https://namu.wiki/w/%EC%88%98%EB%8F%84%EA%B6%8C%20%EC%A0%84%EC%B2%A0%20%ED%99%98%EC%8A%B9%20%EC%A0%95%EB%B3%B4/%EC%88%98%EB%8F%84%EA%B6%8C%20%EC%A0%84%EC%B2%A0%201%ED%98%B8%EC%84%A0,https://namu.wiki/w/%EC%88%98%EB%8F%84%EA%B6%8C%20%EC%A0%84%EC%B2%A0%20%ED%99%98%EC%8A%B9%20%EC%A0%95%EB%B3%B4/%EC%88%98%EB%8F%84%EA%B6%8C%20%EC%A0%84%EC%B2%A0%201%ED%98%B8%EC%84%A0,,58,58
current_app,구리,8호선,동구릉,경의중앙선,도농,6-1,,verified_legacy,legacy_app,https://namu.wiki/w/%EC%88%98%EB%8F%84%EA%B6%8C%20%EC%A0%84%EC%B2%A0%20%ED%99%98%EC%8A%B9%20%EC%A0%95%EB%B3%B4,https://namu.wiki/w/%EC%88%98%EB%8F%84%EA%B6%8C%20%EC%A0%84%EC%B2%A0%20%ED%99%98%EC%8A%B9%20%EC%A0%95%EB%B3%B4,,43,43
current_app,구리,8호선,동구릉,경의중앙선,양원,6-1,,verified_legacy,legacy_app,https://namu.wiki/w/%EC%88%98%EB%8F%84%EA%B6%8C%20%EC%A0%84%EC%B2%A0%20%ED%99%98%EC%8A%B9%20%EC%A0%95%EB%B3%B4,https://namu.wiki/w/%EC%88%98%EB%8F%84%EA%B6%8C%20%EC%A0%84%EC%B2%A0%20%ED%99%98%EC%8A%B9%20%EC%A0%95%EB%B3%B4,,43,43
current_app,구리,8호선,장자호수공원,경의중앙선,도농,6-1,,verified_legacy,legacy_app,https://namu.wiki/w/%EC%88%98%EB%8F%84%EA%B6%8C%20%EC%A0%84%EC%B2%A0%20%ED%99%98%EC%8A%B9%20%EC%A0%95%EB%B3%B4,https://namu.wiki/w/%EC%88%98%EB%8F%84%EA%B6%8C%20%EC%A0%84%EC%B2%A0%20%ED%99%98%EC%8A%B9%20%EC%A0%95%EB%B3%B4,,43,43
current_app,구리,8호선,장자호수공원,경의중앙선,양원,6-1,,verified_legacy,legacy_app,https://namu.wiki/w/%EC%88%98%EB%8F%84%EA%B6%8C%20%EC%A0%84%EC%B2%A0%20%ED%99%98%EC%8A%B9%20%EC%A0%95%EB%B3%B4,https://namu.wiki/w/%EC%88%98%EB%8F%84%EA%B6%8C%20%EC%A0%84%EC%B2%A0%20%ED%99%98%EC%8A%B9%20%EC%A0%95%EB%B3%B4,,43,43
current_app,구리,경의중앙선,도농,8호선,동구릉,6-1,,verified_legacy,legacy_app,https://namu.wiki/w/%EC%88%98%EB%8F%84%EA%B6%8C%20%EC%A0%84%EC%B2%A0%20%ED%99%98%EC%8A%B9%20%EC%A0%95%EB%B3%B4/%EC%88%98%EB%8F%84%EA%B6%8C%20%EC%A0%84%EC%B2%A0%20%EA%B2%BD%EC%9D%98%C2%B7%EC%A4%91%EC%95%99%EC%84%A0,https://namu.wiki/w/%EC%88%98%EB%8F%84%EA%B6%8C%20%EC%A0%84%EC%B2%A0%20%ED%99%98%EC%8A%B9%20%EC%A0%95%EB%B3%B4/%EC%88%98%EB%8F%84%EA%B6%8C%20%EC%A0%84%EC%B2%A0%20%EA%B2%BD%EC%9D%98%C2%B7%EC%A4%91%EC%95%99%EC%84%A0,,43,43
current_app,구리,경의중앙선,도농,8호선,장자호수공원,6-1,,verified_legacy,legacy_app,https://namu.wiki/w/%EC%88%98%EB%8F%84%EA%B6%8C%20%EC%A0%84%EC%B2%A0%20%ED%99%98%EC%8A%B9%20%EC%A0%95%EB%B3%B4/%EC%88%98%EB%8F%84%EA%B6%8C%20%EC%A0%84%EC%B2%A0%20%EA%B2%BD%EC%9D%98%C2%B7%EC%A4%91%EC%95%99%EC%84%A0,https://namu.wiki/w/%EC%88%98%EB%8F%84%EA%B6%8C%20%EC%A0%84%EC%B2%A0%20%ED%99%98%EC%8A%B9%20%EC%A0%95%EB%B3%B4/%EC%88%98%EB%8F%84%EA%B6%8C%20%EC%A0%84%EC%B2%A0%20%EA%B2%BD%EC%9D%98%C2%B7%EC%A4%91%EC%95%99%EC%84%A0,,43,43
current_app,구리,경의중앙선,양원,8호선,동구릉,1-1,,verified_legacy,legacy_app,https://namu.wiki/w/%EC%88%98%EB%8F%84%EA%B6%8C%20%EC%A0%84%EC%B2%A0%20%ED%99%98%EC%8A%B9%20%EC%A0%95%EB%B3%B4/%EC%88%98%EB%8F%84%EA%B6%8C%20%EC%A0%84%EC%B2%A0%20%EA%B2%BD%EC%9D%98%C2%B7%EC%A4%91%EC%95%99%EC%84%A0,https://namu.wiki/w/%EC%88%98%EB%8F%84%EA%B6%8C%20%EC%A0%84%EC%B2%A0%20%ED%99%98%EC%8A%B9%20%EC%A0%95%EB%B3%B4/%EC%88%98%EB%8F%84%EA%B6%8C%20%EC%A0%84%EC%B2%A0%20%EA%B2%BD%EC%9D%98%C2%B7%EC%A4%91%EC%95%99%EC%84%A0,,43,43
current_app,구리,경의중앙선,양원,8호선,장자호수공원,6-1,,verified_legacy,legacy_app,https://namu.wiki/w/%EC%88%98%EB%8F%84%EA%B6%8C%20%EC%A0%84%EC%B2%A0%20%ED%99%98%EC%8A%B9%20%EC%A0%95%EB%B3%B4/%EC%88%98%EB%8F%84%EA%B6%8C%20%EC%A0%84%EC%B2%A0%20%EA%B2%BD%EC%9D%98%C2%B7%EC%A4%91%EC%95%99%EC%84%A0,https://namu.wiki/w/%EC%88%98%EB%8F%84%EA%B6%8C%20%EC%A0%84%EC%B2%A0%20%ED%99%98%EC%8A%B9%20%EC%A0%95%EB%B3%B4/%EC%88%98%EB%8F%84%EA%B6%8C%20%EC%A0%84%EC%B2%A0%20%EA%B2%BD%EC%9D%98%C2%B7%EC%A4%91%EC%95%99%EC%84%A0,,43,43
current_app,군자,5호선,아차산,7호선,어린이대공원,8-4,,verified_legacy,legacy_app,https://namu.wiki/w/%EC%88%98%EB%8F%84%EA%B6%8C%20%EC%A0%84%EC%B2%A0%20%ED%99%98%EC%8A%B9%20%EC%A0%95%EB%B3%B4/%EC%88%98%EB%8F%84%EA%B6%8C%20%EC%A0%84%EC%B2%A0%205%ED%98%B8%EC%84%A0,https://namu.wiki/w/%EC%88%98%EB%8F%84%EA%B6%8C%20%EC%A0%84%EC%B2%A0%20%ED%99%98%EC%8A%B9%20%EC%A0%95%EB%B3%B4/%EC%88%98%EB%8F%84%EA%B6%8C%20%EC%A0%84%EC%B2%A0%205%ED%98%B8%EC%84%A0,,109,109
current_app,군자,5호선,아차산,7호선,중곡,1-1,,verified_legacy,legacy_app,https://namu.wiki/w/%EC%88%98%EB%8F%84%EA%B6%8C%20%EC%A0%84%EC%B2%A0%20%ED%99%98%EC%8A%B9%20%EC%A0%95%EB%B3%B4/%EC%88%98%EB%8F%84%EA%B6%8C%20%EC%A0%84%EC%B2%A0%205%ED%98%B8%EC%84%A0,https://namu.wiki/w/%EC%88%98%EB%8F%84%EA%B6%8C%20%EC%A0%84%EC%B2%A0%20%ED%99%98%EC%8A%B9%20%EC%A0%95%EB%B3%B4/%EC%88%98%EB%8F%84%EA%B6%8C%20%EC%A0%84%EC%B2%A0%205%ED%98%B8%EC%84%A0,,109,109
current_app,군자,5호선,장한평,7호선,어린이대공원,1-1,,verified_legacy,legacy_app,https://namu.wiki/w/%EC%88%98%EB%8F%84%EA%B6%8C%20%EC%A0%84%EC%B2%A0%20%ED%99%98%EC%8A%B9%20%EC%A0%95%EB%B3%B4/%EC%88%98%EB%8F%84%EA%B6%8C%20%EC%A0%84%EC%B2%A0%205%ED%98%B8%EC%84%A0,https://namu.wiki/w/%EC%88%98%EB%8F%84%EA%B6%8C%20%EC%A0%84%EC%B2%A0%20%ED%99%98%EC%8A%B9%20%EC%A0%95%EB%B3%B4/%EC%88%98%EB%8F%84%EA%B6%8C%20%EC%A0%84%EC%B2%A0%205%ED%98%B8%EC%84%A0,,109,109
current_app,군자,5호선,장한평,7호선,중곡,8-4,,verified_legacy,legacy_app,https://namu.wiki/w/%EC%88%98%EB%8F%84%EA%B6%8C%20%EC%A0%84%EC%B2%A0%20%ED%99%98%EC%8A%B9%20%EC%A0%95%EB%B3%B4/%EC%88%98%EB%8F%84%EA%B6%8C%20%EC%A0%84%EC%B2%A0%205%ED%98%B8%EC%84%A0,https://namu.wiki/w/%EC%88%98%EB%8F%84%EA%B6%8C%20%EC%A0%84%EC%B2%A0%20%ED%99%98%EC%8A%B9%20%EC%A0%95%EB%B3%B4/%EC%88%98%EB%8F%84%EA%B6%8C%20%EC%A0%84%EC%B2%A0%205%ED%98%B8%EC%84%A0,,109,109
current_app,군자,7호선,어린이대공원,5호선,아차산,5-1,,verified_legacy,legacy_app,https://namu.wiki/w/%EC%88%98%EB%8F%84%EA%B6%8C%20%EC%A0%84%EC%B2%A0%20%ED%99%98%EC%8A%B9%20%EC%A0%95%EB%B3%B4/%EC%84%9C%EC%9A%B8%20%EC%A7%80%ED%95%98%EC%B2%A0%207%ED%98%B8%EC%84%A0,https://namu.wiki/w/%EC%88%98%EB%8F%84%EA%B6%8C%20%EC%A0%84%EC%B2%A0%20%ED%99%98%EC%8A%B9%20%EC%A0%95%EB%B3%B4/%EC%84%9C%EC%9A%B8%20%EC%A7%80%ED%95%98%EC%B2%A0%207%ED%98%B8%EC%84%A0,,109,109
current_app,군자,7호선,어린이대공원,5호선,장한평,5-1,,verified_legacy,legacy_app,https://namu.wiki/w/%EC%88%98%EB%8F%84%EA%B6%8C%20%EC%A0%84%EC%B2%A0%20%ED%99%98%EC%8A%B9%20%EC%A0%95%EB%B3%B4/%EC%84%9C%EC%9A%B8%20%EC%A7%80%ED%95%98%EC%B2%A0%207%ED%98%B8%EC%84%A0,https://namu.wiki/w/%EC%88%98%EB%8F%84%EA%B6%8C%20%EC%A0%84%EC%B2%A0%20%ED%99%98%EC%8A%B9%20%EC%A0%95%EB%B3%B4/%EC%84%9C%EC%9A%B8%20%EC%A7%80%ED%95%98%EC%B2%A0%207%ED%98%B8%EC%84%A0,,109,109
current_app,군자,7호선,중곡,5호선,아차산,4-4,,verified_legacy,legacy_app,https://namu.wiki/w/%EC%88%98%EB%8F%84%EA%B6%8C%20%EC%A0%84%EC%B2%A0%20%ED%99%98%EC%8A%B9%20%EC%A0%95%EB%B3%B4/%EC%84%9C%EC%9A%B8%20%EC%A7%80%ED%95%98%EC%B2%A0%207%ED%98%B8%EC%84%A0,https://namu.wiki/w/%EC%88%98%EB%8F%84%EA%B6%8C%20%EC%A0%84%EC%B2%A0%20%ED%99%98%EC%8A%B9%20%EC%A0%95%EB%B3%B4/%EC%84%9C%EC%9A%B8%20%EC%A7%80%ED%95%98%EC%B2%A0%207%ED%98%B8%EC%84%A0,,109,109
current_app,군자,7호선,중곡,5호선,장한평,4-4,,verified_legacy,legacy_app,https://namu.wiki/w/%EC%88%98%EB%8F%84%EA%B6%8C%20%EC%A0%84%EC%B2%A0%20%ED%99%98%EC%8A%B9%20%EC%A0%95%EB%B3%B4/%EC%84%9C%EC%9A%B8%20%EC%A7%80%ED%95%98%EC%B2%A0%207%ED%98%B8%EC%84%A0,https://namu.wiki/w/%EC%88%98%EB%8F%84%EA%B6%8C%20%EC%A0%84%EC%B2%A0%20%ED%99%98%EC%8A%B9%20%EC%A0%95%EB%B3%B4/%EC%84%9C%EC%9A%B8%20%EC%A7%80%ED%95%98%EC%B2%A0%207%ED%98%B8%EC%84%A0,,109,109
current_app,금정,1호선,군포,4호선,범계,4-3,,verified_legacy,legacy_app,https://namu.wiki/w/%EC%88%98%EB%8F%84%EA%B6%8C%20%EC%A0%84%EC%B2%A0%20%ED%99%98%EC%8A%B9%20%EC%A0%95%EB%B3%B4/%EC%88%98%EB%8F%84%EA%B6%8C%20%EC%A0%84%EC%B2%A0%201%ED%98%B8%EC%84%A0,https://namu.wiki/w/%EC%88%98%EB%8F%84%EA%B6%8C%20%EC%A0%84%EC%B2%A0%20%ED%99%98%EC%8A%B9%20%EC%A0%95%EB%B3%B4/%EC%88%98%EB%8F%84%EA%B6%8C%20%EC%A0%84%EC%B2%A0%201%ED%98%B8%EC%84%A0,,64,64
current_app,금정,1호선,군포,4호선,산본,모든 호차-모든 문,,verified_legacy,legacy_app,https://namu.wiki/w/%EC%88%98%EB%8F%84%EA%B6%8C%20%EC%A0%84%EC%B2%A0%20%ED%99%98%EC%8A%B9%20%EC%A0%95%EB%B3%B4/%EC%88%98%EB%8F%84%EA%B6%8C%20%EC%A0%84%EC%B2%A0%201%ED%98%B8%EC%84%A0,https://namu.wiki/w/%EC%88%98%EB%8F%84%EA%B6%8C%20%EC%A0%84%EC%B2%A0%20%ED%99%98%EC%8A%B9%20%EC%A0%95%EB%B3%B4/%EC%88%98%EB%8F%84%EA%B6%8C%20%EC%A0%84%EC%B2%A0%201%ED%98%B8%EC%84%A0,,64,64
current_app,금정,1호선,명학,4호선,범계,5-1,,verified_legacy,legacy_app,https://namu.wiki/w/%EC%88%98%EB%8F%84%EA%B6%8C%20%EC%A0%84%EC%B2%A0%20%ED%99%98%EC%8A%B9%20%EC%A0%95%EB%B3%B4/%EC%88%98%EB%8F%84%EA%B6%8C%20%EC%A0%84%EC%B2%A0%201%ED%98%B8%EC%84%A0,https://namu.wiki/w/%EC%88%98%EB%8F%84%EA%B6%8C%20%EC%A0%84%EC%B2%A0%20%ED%99%98%EC%8A%B9%20%EC%A0%95%EB%B3%B4/%EC%88%98%EB%8F%84%EA%B6%8C%20%EC%A0%84%EC%B2%A0%201%ED%98%B8%EC%84%A0,,64,64
current_app,금정,1호선,명학,4호선,산본,9-4,,verified_legacy,legacy_app,https://namu.wiki/w/%EC%88%98%EB%8F%84%EA%B6%8C%20%EC%A0%84%EC%B2%A0%20%ED%99%98%EC%8A%B9%20%EC%A0%95%EB%B3%B4/%EC%88%98%EB%8F%84%EA%B6%8C%20%EC%A0%84%EC%B2%A0%201%ED%98%B8%EC%84%A0,https://namu.wiki/w/%EC%88%98%EB%8F%84%EA%B6%8C%20%EC%A0%84%EC%B2%A0%20%ED%99%98%EC%8A%B9%20%EC%A0%95%EB%B3%B4/%EC%88%98%EB%8F%84%EA%B6%8C%20%EC%A0%84%EC%B2%A0%201%ED%98%B8%EC%84%A0,,64,64
current_app,금정,4호선,범계,1호선,군포,4-3,,verified_legacy,legacy_app,https://namu.wiki/w/%EC%88%98%EB%8F%84%EA%B6%8C%20%EC%A0%84%EC%B2%A0%20%ED%99%98%EC%8A%B9%20%EC%A0%95%EB%B3%B4/%EC%88%98%EB%8F%84%EA%B6%8C%20%EC%A0%84%EC%B2%A0%204%ED%98%B8%EC%84%A0,https://namu.wiki/w/%EC%88%98%EB%8F%84%EA%B6%8C%20%EC%A0%84%EC%B2%A0%20%ED%99%98%EC%8A%B9%20%EC%A0%95%EB%B3%B4/%EC%88%98%EB%8F%84%EA%B6%8C%20%EC%A0%84%EC%B2%A0%204%ED%98%B8%EC%84%A0,,64,64
current_app,금정,4호선,범계,1호선,명학,4-3,,verified_legacy,legacy_app,https://namu.wiki/w/%EC%88%98%EB%8F%84%EA%B6%8C%20%EC%A0%84%EC%B2%A0%20%ED%99%98%EC%8A%B9%20%EC%A0%95%EB%B3%B4/%EC%88%98%EB%8F%84%EA%B6%8C%20%EC%A0%84%EC%B2%A0%204%ED%98%B8%EC%84%A0,https://namu.wiki/w/%EC%88%98%EB%8F%84%EA%B6%8C%20%EC%A0%84%EC%B2%A0%20%ED%99%98%EC%8A%B9%20%EC%A0%95%EB%B3%B4/%EC%88%98%EB%8F%84%EA%B6%8C%20%EC%A0%84%EC%B2%A0%204%ED%98%B8%EC%84%A0,,64,64
current_app,금정,4호선,산본,1호선,군포,9-4,,verified_legacy,legacy_app,https://namu.wiki/w/%EC%88%98%EB%8F%84%EA%B6%8C%20%EC%A0%84%EC%B2%A0%20%ED%99%98%EC%8A%B9%20%EC%A0%95%EB%B3%B4/%EC%88%98%EB%8F%84%EA%B6%8C%20%EC%A0%84%EC%B2%A0%204%ED%98%B8%EC%84%A0,https://namu.wiki/w/%EC%88%98%EB%8F%84%EA%B6%8C%20%EC%A0%84%EC%B2%A0%20%ED%99%98%EC%8A%B9%20%EC%A0%95%EB%B3%B4/%EC%88%98%EB%8F%84%EA%B6%8C%20%EC%A0%84%EC%B2%A0%204%ED%98%B8%EC%84%A0,,64,64
current_app,금정,4호선,산본,1호선,명학,7-1,,verified_legacy,legacy_app,https://namu.wiki/w/%EC%88%98%EB%8F%84%EA%B6%8C%20%EC%A0%84%EC%B2%A0%20%ED%99%98%EC%8A%B9%20%EC%A0%95%EB%B3%B4/%EC%88%98%EB%8F%84%EA%B6%8C%20%EC%A0%84%EC%B2%A0%204%ED%98%B8%EC%84%A0,https://namu.wiki/w/%EC%88%98%EB%8F%84%EA%B6%8C%20%EC%A0%84%EC%B2%A0%20%ED%99%98%EC%8A%B9%20%EC%A0%95%EB%B3%B4/%EC%88%98%EB%8F%84%EA%B6%8C%20%EC%A0%84%EC%B2%A0%204%ED%98%B8%EC%84%A0,,64,64
current_app,금천구청,1호선,금천구청,1호선,광명,5-1,,verified_legacy,legacy_app,https://namu.wiki/w/%EC%88%98%EB%8F%84%EA%B6%8C%20%EC%A0%84%EC%B2%A0%20%ED%99%98%EC%8A%B9%20%EC%A0%95%EB%B3%B4/%EC%88%98%EB%8F%84%EA%B6%8C%20%EC%A0%84%EC%B2%A0%201%ED%98%B8%EC%84%A0,https://namu.wiki/w/%EC%88%98%EB%8F%84%EA%B6%8C%20%EC%A0%84%EC%B2%A0%20%ED%99%98%EC%8A%B9%20%EC%A0%95%EB%B3%B4/%EC%88%98%EB%8F%84%EA%B6%8C%20%EC%A0%84%EC%B2%A0%201%ED%98%B8%EC%84%A0,,300,300
current_app,금천구청,1호선,금천구청,1호선,석수,1-1,,verified_legacy,legacy_app,https://namu.wiki/w/%EC%88%98%EB%8F%84%EA%B6%8C%20%EC%A0%84%EC%B2%A0%20%ED%99%98%EC%8A%B9%20%EC%A0%95%EB%B3%B4/%EC%88%98%EB%8F%84%EA%B6%8C%20%EC%A0%84%EC%B2%A0%201%ED%98%B8%EC%84%A0,https://namu.wiki/w/%EC%88%98%EB%8F%84%EA%B6%8C%20%EC%A0%84%EC%B2%A0%20%ED%99%98%EC%8A%B9%20%EC%A0%95%EB%B3%B4/%EC%88%98%EB%8F%84%EA%B6%8C%20%EC%A0%84%EC%B2%A0%201%ED%98%B8%EC%84%A0,,300,300
current_app,금천구청,1호선,석수,1호선,광명,1-1,,verified_legacy,legacy_app,https://namu.wiki/w/%EC%88%98%EB%8F%84%EA%B6%8C%20%EC%A0%84%EC%B2%A0%20%ED%99%98%EC%8A%B9%20%EC%A0%95%EB%B3%B4/%EC%88%98%EB%8F%84%EA%B6%8C%20%EC%A0%84%EC%B2%A0%201%ED%98%B8%EC%84%A0,https://namu.wiki/w/%EC%88%98%EB%8F%84%EA%B6%8C%20%EC%A0%84%EC%B2%A0%20%ED%99%98%EC%8A%B9%20%EC%A0%95%EB%B3%B4/%EC%88%98%EB%8F%84%EA%B6%8C%20%EC%A0%84%EC%B2%A0%201%ED%98%B8%EC%84%A0,,300,300
current_app,김포공항,5호선,개화산,9호선,개화,7-2,,verified_legacy,legacy_app,https://namu.wiki/w/%EC%88%98%EB%8F%84%EA%B6%8C%20%EC%A0%84%EC%B2%A0%20%ED%99%98%EC%8A%B9%20%EC%A0%95%EB%B3%B4/%EC%88%98%EB%8F%84%EA%B6%8C%20%EC%A0%84%EC%B2%A0%205%ED%98%B8%EC%84%A0,https://namu.wiki/w/%EC%88%98%EB%8F%84%EA%B6%8C%20%EC%A0%84%EC%B2%A0%20%ED%99%98%EC%8A%B9%20%EC%A0%95%EB%B3%B4/%EC%88%98%EB%8F%84%EA%B6%8C%20%EC%A0%84%EC%B2%A0%205%ED%98%B8%EC%84%A0,,600,600
current_app,김포공항,5호선,개화산,9호선,공항시장,7-2,,verified_legacy,legacy_app,https://namu.wiki/w/%EC%88%98%EB%8F%84%EA%B6%8C%20%EC%A0%84%EC%B2%A0%20%ED%99%98%EC%8A%B9%20%EC%A0%95%EB%B3%B4/%EC%88%98%EB%8F%84%EA%B6%8C%20%EC%A0%84%EC%B2%A0%205%ED%98%B8%EC%84%A0,https://namu.wiki/w/%EC%88%98%EB%8F%84%EA%B6%8C%20%EC%A0%84%EC%B2%A0%20%ED%99%98%EC%8A%B9%20%EC%A0%95%EB%B3%B4/%EC%88%98%EB%8F%84%EA%B6%8C%20%EC%A0%84%EC%B2%A0%205%ED%98%B8%EC%84%A0,,600,600
current_app,김포공항,5호선,개화산,공항철도,계양,7-2,,verified_legacy,legacy_app,https://namu.wiki/w/%EC%88%98%EB%8F%84%EA%B6%8C%20%EC%A0%84%EC%B2%A0%20%ED%99%98%EC%8A%B9%20%EC%A0%95%EB%B3%B4/%EC%88%98%EB%8F%84%EA%B6%8C%20%EC%A0%84%EC%B2%A0%205%ED%98%B8%EC%84%A0,https://namu.wiki/w/%EC%88%98%EB%8F%84%EA%B6%8C%20%EC%A0%84%EC%B2%A0%20%ED%99%98%EC%8A%B9%20%EC%A0%95%EB%B3%B4/%EC%88%98%EB%8F%84%EA%B6%8C%20%EC%A0%84%EC%B2%A0%205%ED%98%B8%EC%84%A0,,480,480
current_app,김포공항,5호선,개화산,공항철도,마곡나루,7-2,,verified_legacy,legacy_app,https://namu.wiki/w/%EC%88%98%EB%8F%84%EA%B6%8C%20%EC%A0%84%EC%B2%A0%20%ED%99%98%EC%8A%B9%20%EC%A0%95%EB%B3%B4/%EC%88%98%EB%8F%84%EA%B6%8C%20%EC%A0%84%EC%B2%A0%205%ED%98%B8%EC%84%A0,https://namu.wiki/w/%EC%88%98%EB%8F%84%EA%B6%8C%20%EC%A0%84%EC%B2%A0%20%ED%99%98%EC%8A%B9%20%EC%A0%95%EB%B3%B4/%EC%88%98%EB%8F%84%EA%B6%8C%20%EC%A0%84%EC%B2%A0%205%ED%98%B8%EC%84%A0,,480,480
current_app,김포공항,5호선,개화산,서해선,,7-1,,verified_legacy,legacy_app,https://namu.wiki/w/%EC%88%98%EB%8F%84%EA%B6%8C%20%EC%A0%84%EC%B2%A0%20%ED%99%98%EC%8A%B9%20%EC%A0%95%EB%B3%B4/%EC%88%98%EB%8F%84%EA%B6%8C%20%EC%A0%84%EC%B2%A0%205%ED%98%B8%EC%84%A0,https://namu.wiki/w/%EC%88%98%EB%8F%84%EA%B6%8C%20%EC%A0%84%EC%B2%A0%20%ED%99%98%EC%8A%B9%20%EC%A0%95%EB%B3%B4/%EC%88%98%EB%8F%84%EA%B6%8C%20%EC%A0%84%EC%B2%A0%205%ED%98%B8%EC%84%A0,,600,600
current_app,김포공항,5호선,송정,9호선,개화,1-4,,verified_legacy,legacy_app,https://namu.wiki/w/%EC%88%98%EB%8F%84%EA%B6%8C%20%EC%A0%84%EC%B2%A0%20%ED%99%98%EC%8A%B9%20%EC%A0%95%EB%B3%B4/%EC%88%98%EB%8F%84%EA%B6%8C%20%EC%A0%84%EC%B2%A0%205%ED%98%B8%EC%84%A0,https://namu.wiki/w/%EC%88%98%EB%8F%84%EA%B6%8C%20%EC%A0%84%EC%B2%A0%20%ED%99%98%EC%8A%B9%20%EC%A0%95%EB%B3%B4/%EC%88%98%EB%8F%84%EA%B6%8C%20%EC%A0%84%EC%B2%A0%205%ED%98%B8%EC%84%A0,,600,600
current_app,김포공항,5호선,송정,9호선,공항시장,1-4,,verified_legacy,legacy_app,https://namu.wiki/w/%EC%88%98%EB%8F%84%EA%B6%8C%20%EC%A0%84%EC%B2%A0%20%ED%99%98%EC%8A%B9%20%EC%A0%95%EB%B3%B4/%EC%88%98%EB%8F%84%EA%B6%8C%20%EC%A0%84%EC%B2%A0%205%ED%98%B8%EC%84%A0,https://namu.wiki/w/%EC%88%98%EB%8F%84%EA%B6%8C%20%EC%A0%84%EC%B2%A0%20%ED%99%98%EC%8A%B9%20%EC%A0%95%EB%B3%B4/%EC%88%98%EB%8F%84%EA%B6%8C%20%EC%A0%84%EC%B2%A0%205%ED%98%B8%EC%84%A0,,600,600
current_app,김포공항,5호선,송정,공항철도,계양,1-4,,verified_legacy,legacy_app,https://namu.wiki/w/%EC%88%98%EB%8F%84%EA%B6%8C%20%EC%A0%84%EC%B2%A0%20%ED%99%98%EC%8A%B9%20%EC%A0%95%EB%B3%B4/%EC%88%98%EB%8F%84%EA%B6%8C%20%EC%A0%84%EC%B2%A0%205%ED%98%B8%EC%84%A0,https://namu.wiki/w/%EC%88%98%EB%8F%84%EA%B6%8C%20%EC%A0%84%EC%B2%A0%20%ED%99%98%EC%8A%B9%20%EC%A0%95%EB%B3%B4/%EC%88%98%EB%8F%84%EA%B6%8C%20%EC%A0%84%EC%B2%A0%205%ED%98%B8%EC%84%A0,,480,480
current_app,김포공항,5호선,송정,공항철도,마곡나루,1-4,,verified_legacy,legacy_app,https://namu.wiki/w/%EC%88%98%EB%8F%84%EA%B6%8C%20%EC%A0%84%EC%B2%A0%20%ED%99%98%EC%8A%B9%20%EC%A0%95%EB%B3%B4/%EC%88%98%EB%8F%84%EA%B6%8C%20%EC%A0%84%EC%B2%A0%205%ED%98%B8%EC%84%A0,https://namu.wiki/w/%EC%88%98%EB%8F%84%EA%B6%8C%20%EC%A0%84%EC%B2%A0%20%ED%99%98%EC%8A%B9%20%EC%A0%95%EB%B3%B4/%EC%88%98%EB%8F%84%EA%B6%8C%20%EC%A0%84%EC%B2%A0%205%ED%98%B8%EC%84%A0,,480,480
current_app,김포공항,5호선,송정,서해선,,1-4,,verified_legacy,legacy_app,https://namu.wiki/w/%EC%88%98%EB%8F%84%EA%B6%8C%20%EC%A0%84%EC%B2%A0%20%ED%99%98%EC%8A%B9%20%EC%A0%95%EB%B3%B4/%EC%88%98%EB%8F%84%EA%B6%8C%20%EC%A0%84%EC%B2%A0%205%ED%98%B8%EC%84%A0,https://namu.wiki/w/%EC%88%98%EB%8F%84%EA%B6%8C%20%EC%A0%84%EC%B2%A0%20%ED%99%98%EC%8A%B9%20%EC%A0%95%EB%B3%B4/%EC%88%98%EB%8F%84%EA%B6%8C%20%EC%A0%84%EC%B2%A0%205%ED%98%B8%EC%84%A0,,600,600
current_app,김포공항,9호선,개화,5호선,개화산,2-4,,verified_legacy,legacy_app,https://namu.wiki/w/%EC%88%98%EB%8F%84%EA%B6%8C%20%EC%A0%84%EC%B2%A0%20%ED%99%98%EC%8A%B9%20%EC%A0%95%EB%B3%B4/%EC%84%9C%EC%9A%B8%20%EC%A7%80%ED%95%98%EC%B2%A0%209%ED%98%B8%EC%84%A0,https://namu.wiki/w/%EC%88%98%EB%8F%84%EA%B6%8C%20%EC%A0%84%EC%B2%A0%20%ED%99%98%EC%8A%B9%20%EC%A0%95%EB%B3%B4/%EC%84%9C%EC%9A%B8%20%EC%A7%80%ED%95%98%EC%B2%A0%209%ED%98%B8%EC%84%A0,,600,600
current_app,김포공항,9호선,개화,5호선,송정,2-4,,verified_legacy,legacy_app,https://namu.wiki/w/%EC%88%98%EB%8F%84%EA%B6%8C%20%EC%A0%84%EC%B2%A0%20%ED%99%98%EC%8A%B9%20%EC%A0%95%EB%B3%B4/%EC%84%9C%EC%9A%B8%20%EC%A7%80%ED%95%98%EC%B2%A0%209%ED%98%B8%EC%84%A0,https://namu.wiki/w/%EC%88%98%EB%8F%84%EA%B6%8C%20%EC%A0%84%EC%B2%A0%20%ED%99%98%EC%8A%B9%20%EC%A0%95%EB%B3%B4/%EC%84%9C%EC%9A%B8%20%EC%A7%80%ED%95%98%EC%B2%A0%209%ED%98%B8%EC%84%A0,,600,600
current_app,김포공항,9호선,개화,공항철도,계양,2-4,,verified_legacy,legacy_app,https://namu.wiki/w/%EC%88%98%EB%8F%84%EA%B6%8C%20%EC%A0%84%EC%B2%A0%20%ED%99%98%EC%8A%B9%20%EC%A0%95%EB%B3%B4/%EC%84%9C%EC%9A%B8%20%EC%A7%80%ED%95%98%EC%B2%A0%209%ED%98%B8%EC%84%A0,https://namu.wiki/w/%EC%88%98%EB%8F%84%EA%B6%8C%20%EC%A0%84%EC%B2%A0%20%ED%99%98%EC%8A%B9%20%EC%A0%95%EB%B3%B4/%EC%84%9C%EC%9A%B8%20%EC%A7%80%ED%95%98%EC%B2%A0%209%ED%98%B8%EC%84%A0,,600,600
current_app,김포공항,9호선,개화,공항철도,마곡나루,2-4,,verified_legacy,legacy_app,https://namu.wiki/w/%EC%88%98%EB%8F%84%EA%B6%8C%20%EC%A0%84%EC%B2%A0%20%ED%99%98%EC%8A%B9%20%EC%A0%95%EB%B3%B4/%EC%84%9C%EC%9A%B8%20%EC%A7%80%ED%95%98%EC%B2%A0%209%ED%98%B8%EC%84%A0,https://namu.wiki/w/%EC%88%98%EB%8F%84%EA%B6%8C%20%EC%A0%84%EC%B2%A0%20%ED%99%98%EC%8A%B9%20%EC%A0%95%EB%B3%B4/%EC%84%9C%EC%9A%B8%20%EC%A7%80%ED%95%98%EC%B2%A0%209%ED%98%B8%EC%84%A0,,600,600
current_app,김포공항,9호선,개화,서해선,,6-1,,verified_legacy,legacy_app,https://namu.wiki/w/%EC%88%98%EB%8F%84%EA%B6%8C%20%EC%A0%84%EC%B2%A0%20%ED%99%98%EC%8A%B9%20%EC%A0%95%EB%B3%B4/%EC%84%9C%EC%9A%B8%20%EC%A7%80%ED%95%98%EC%B2%A0%209%ED%98%B8%EC%84%A0,https://namu.wiki/w/%EC%88%98%EB%8F%84%EA%B6%8C%20%EC%A0%84%EC%B2%A0%20%ED%99%98%EC%8A%B9%20%EC%A0%95%EB%B3%B4/%EC%84%9C%EC%9A%B8%20%EC%A7%80%ED%95%98%EC%B2%A0%209%ED%98%B8%EC%84%A0,,480,480
current_app,김포공항,9호선,공항시장,5호선,개화산,3-1,,verified_legacy,legacy_app,https://namu.wiki/w/%EC%88%98%EB%8F%84%EA%B6%8C%20%EC%A0%84%EC%B2%A0%20%ED%99%98%EC%8A%B9%20%EC%A0%95%EB%B3%B4/%EC%84%9C%EC%9A%B8%20%EC%A7%80%ED%95%98%EC%B2%A0%209%ED%98%B8%EC%84%A0,https://namu.wiki/w/%EC%88%98%EB%8F%84%EA%B6%8C%20%EC%A0%84%EC%B2%A0%20%ED%99%98%EC%8A%B9%20%EC%A0%95%EB%B3%B4/%EC%84%9C%EC%9A%B8%20%EC%A7%80%ED%95%98%EC%B2%A0%209%ED%98%B8%EC%84%A0,,600,600
current_app,김포공항,9호선,공항시장,5호선,송정,4-4,,verified_legacy,legacy_app,https://namu.wiki/w/%EC%88%98%EB%8F%84%EA%B6%8C%20%EC%A0%84%EC%B2%A0%20%ED%99%98%EC%8A%B9%20%EC%A0%95%EB%B3%B4/%EC%84%9C%EC%9A%B8%20%EC%A7%80%ED%95%98%EC%B2%A0%209%ED%98%B8%EC%84%A0,https://namu.wiki/w/%EC%88%98%EB%8F%84%EA%B6%8C%20%EC%A0%84%EC%B2%A0%20%ED%99%98%EC%8A%B9%20%EC%A0%95%EB%B3%B4/%EC%84%9C%EC%9A%B8%20%EC%A7%80%ED%95%98%EC%B2%A0%209%ED%98%B8%EC%84%A0,,600,600
current_app,김포공항,9호선,공항시장,공항철도,계양,모든 호차-모든 문,,verified_legacy,legacy_app,https://namu.wiki/w/%EC%88%98%EB%8F%84%EA%B6%8C%20%EC%A0%84%EC%B2%A0%20%ED%99%98%EC%8A%B9%20%EC%A0%95%EB%B3%B4/%EC%84%9C%EC%9A%B8%20%EC%A7%80%ED%95%98%EC%B2%A0%209%ED%98%B8%EC%84%A0,https://namu.wiki/w/%EC%88%98%EB%8F%84%EA%B6%8C%20%EC%A0%84%EC%B2%A0%20%ED%99%98%EC%8A%B9%20%EC%A0%95%EB%B3%B4/%EC%84%9C%EC%9A%B8%20%EC%A7%80%ED%95%98%EC%B2%A0%209%ED%98%B8%EC%84%A0,,600,600
current_app,김포공항,9호선,공항시장,공항철도,마곡나루,모든 호차-모든 문,,verified_legacy,legacy_app,https://namu.wiki/w/%EC%88%98%EB%8F%84%EA%B6%8C%20%EC%A0%84%EC%B2%A0%20%ED%99%98%EC%8A%B9%20%EC%A0%95%EB%B3%B4/%EC%84%9C%EC%9A%B8%20%EC%A7%80%ED%95%98%EC%B2%A0%209%ED%98%B8%EC%84%A0,https://namu.wiki/w/%EC%88%98%EB%8F%84%EA%B6%8C%20%EC%A0%84%EC%B2%A0%20%ED%99%98%EC%8A%B9%20%EC%A0%95%EB%B3%B4/%EC%84%9C%EC%9A%B8%20%EC%A7%80%ED%95%98%EC%B2%A0%209%ED%98%B8%EC%84%A0,,600,600
current_app,김포공항,9호선,공항시장,서해선,,4-4,,verified_legacy,legacy_app,https://namu.wiki/w/%EC%88%98%EB%8F%84%EA%B6%8C%20%EC%A0%84%EC%B2%A0%20%ED%99%98%EC%8A%B9%20%EC%A0%95%EB%B3%B4/%EC%84%9C%EC%9A%B8%20%EC%A7%80%ED%95%98%EC%B2%A0%209%ED%98%B8%EC%84%A0,https://namu.wiki/w/%EC%88%98%EB%8F%84%EA%B6%8C%20%EC%A0%84%EC%B2%A0%20%ED%99%98%EC%8A%B9%20%EC%A0%95%EB%B3%B4/%EC%84%9C%EC%9A%B8%20%EC%A7%80%ED%95%98%EC%B2%A0%209%ED%98%B8%EC%84%A0,,480,480
current_app,김포공항,공항철도,계양,5호선,개화산,3-4,,verified_legacy,legacy_app,https://namu.wiki/w/%EC%88%98%EB%8F%84%EA%B6%8C%20%EC%A0%84%EC%B2%A0%20%ED%99%98%EC%8A%B9%20%EC%A0%95%EB%B3%B4,https://namu.wiki/w/%EC%88%98%EB%8F%84%EA%B6%8C%20%EC%A0%84%EC%B2%A0%20%ED%99%98%EC%8A%B9%20%EC%A0%95%EB%B3%B4,,480,480
current_app,김포공항,공항철도,계양,5호선,송정,6-4,,verified_legacy,legacy_app,https://namu.wiki/w/%EC%88%98%EB%8F%84%EA%B6%8C%20%EC%A0%84%EC%B2%A0%20%ED%99%98%EC%8A%B9%20%EC%A0%95%EB%B3%B4,https://namu.wiki/w/%EC%88%98%EB%8F%84%EA%B6%8C%20%EC%A0%84%EC%B2%A0%20%ED%99%98%EC%8A%B9%20%EC%A0%95%EB%B3%B4,,480,480
current_app,김포공항,공항철도,계양,9호선,개화,2-2,,verified_legacy,legacy_app,https://namu.wiki/w/%EC%88%98%EB%8F%84%EA%B6%8C%20%EC%A0%84%EC%B2%A0%20%ED%99%98%EC%8A%B9%20%EC%A0%95%EB%B3%B4,https://namu.wiki/w/%EC%88%98%EB%8F%84%EA%B6%8C%20%EC%A0%84%EC%B2%A0%20%ED%99%98%EC%8A%B9%20%EC%A0%95%EB%B3%B4,,600,600
current_app,김포공항,공항철도,계양,9호선,공항시장,모든 호차-모든 문,,verified_legacy,legacy_app,https://namu.wiki/w/%EC%88%98%EB%8F%84%EA%B6%8C%20%EC%A0%84%EC%B2%A0%20%ED%99%98%EC%8A%B9%20%EC%A0%95%EB%B3%B4,https://namu.wiki/w/%EC%88%98%EB%8F%84%EA%B6%8C%20%EC%A0%84%EC%B2%A0%20%ED%99%98%EC%8A%B9%20%EC%A0%95%EB%B3%B4,,600,600
current_app,김포공항,공항철도,계양,서해선,,3-4,,verified_legacy,legacy_app,https://namu.wiki/w/%EC%88%98%EB%8F%84%EA%B6%8C%20%EC%A0%84%EC%B2%A0%20%ED%99%98%EC%8A%B9%20%EC%A0%95%EB%B3%B4,https://namu.wiki/w/%EC%88%98%EB%8F%84%EA%B6%8C%20%EC%A0%84%EC%B2%A0%20%ED%99%98%EC%8A%B9%20%EC%A0%95%EB%B3%B4,,240,
current_app,김포공항,공항철도,마곡나루,5호선,개화산,3-4,,verified_legacy,legacy_app,https://namu.wiki/w/%EC%88%98%EB%8F%84%EA%B6%8C%20%EC%A0%84%EC%B2%A0%20%ED%99%98%EC%8A%B9%20%EC%A0%95%EB%B3%B4,https://namu.wiki/w/%EC%88%98%EB%8F%84%EA%B6%8C%20%EC%A0%84%EC%B2%A0%20%ED%99%98%EC%8A%B9%20%EC%A0%95%EB%B3%B4,,480,480
current_app,김포공항,공항철도,마곡나루,5호선,송정,6-4,,verified_legacy,legacy_app,https://namu.wiki/w/%EC%88%98%EB%8F%84%EA%B6%8C%20%EC%A0%84%EC%B2%A0%20%ED%99%98%EC%8A%B9%20%EC%A0%95%EB%B3%B4,https://namu.wiki/w/%EC%88%98%EB%8F%84%EA%B6%8C%20%EC%A0%84%EC%B2%A0%20%ED%99%98%EC%8A%B9%20%EC%A0%95%EB%B3%B4,,480,480
current_app,김포공항,공항철도,마곡나루,9호선,개화,2-2,,verified_legacy,legacy_app,https://namu.wiki/w/%EC%88%98%EB%8F%84%EA%B6%8C%20%EC%A0%84%EC%B2%A0%20%ED%99%98%EC%8A%B9%20%EC%A0%95%EB%B3%B4,https://namu.wiki/w/%EC%88%98%EB%8F%84%EA%B6%8C%20%EC%A0%84%EC%B2%A0%20%ED%99%98%EC%8A%B9%20%EC%A0%95%EB%B3%B4,,600,600
current_app,김포공항,공항철도,마곡나루,9호선,공항시장,모든 호차-모든 문,,verified_legacy,legacy_app,https://namu.wiki/w/%EC%88%98%EB%8F%84%EA%B6%8C%20%EC%A0%84%EC%B2%A0%20%ED%99%98%EC%8A%B9%20%EC%A0%95%EB%B3%B4,https://namu.wiki/w/%EC%88%98%EB%8F%84%EA%B6%8C%20%EC%A0%84%EC%B2%A0%20%ED%99%98%EC%8A%B9%20%EC%A0%95%EB%B3%B4,,600,600
current_app,김포공항,공항철도,마곡나루,서해선,,3-4,,verified_legacy,legacy_app,https://namu.wiki/w/%EC%88%98%EB%8F%84%EA%B6%8C%20%EC%A0%84%EC%B2%A0%20%ED%99%98%EC%8A%B9%20%EC%A0%95%EB%B3%B4,https://namu.wiki/w/%EC%88%98%EB%8F%84%EA%B6%8C%20%EC%A0%84%EC%B2%A0%20%ED%99%98%EC%8A%B9%20%EC%A0%95%EB%B3%B4,,240,
current_app,김포공항,서해선,능곡,5호선,,3-3,,verified_legacy,legacy_app,https://namu.wiki/w/%EC%88%98%EB%8F%84%EA%B6%8C%20%EC%A0%84%EC%B2%A0%20%ED%99%98%EC%8A%B9%20%EC%A0%95%EB%B3%B4,https://namu.wiki/w/%EC%88%98%EB%8F%84%EA%B6%8C%20%EC%A0%84%EC%B2%A0%20%ED%99%98%EC%8A%B9%20%EC%A0%95%EB%B3%B4,,240,
current_app,김포공항,서해선,능곡,9호선,,3-3,,verified_legacy,legacy_app,https://namu.wiki/w/%EC%88%98%EB%8F%84%EA%B6%8C%20%EC%A0%84%EC%B2%A0%20%ED%99%98%EC%8A%B9%20%EC%A0%95%EB%B3%B4,https://namu.wiki/w/%EC%88%98%EB%8F%84%EA%B6%8C%20%EC%A0%84%EC%B2%A0%20%ED%99%98%EC%8A%B9%20%EC%A0%95%EB%B3%B4,,240,
current_app,김포공항,서해선,능곡,공항철도,,3-3,,verified_legacy,legacy_app,https://namu.wiki/w/%EC%88%98%EB%8F%84%EA%B6%8C%20%EC%A0%84%EC%B2%A0%20%ED%99%98%EC%8A%B9%20%EC%A0%95%EB%B3%B4,https://namu.wiki/w/%EC%88%98%EB%8F%84%EA%B6%8C%20%EC%A0%84%EC%B2%A0%20%ED%99%98%EC%8A%B9%20%EC%A0%95%EB%B3%B4,,240,
current_app,김포공항,서해선,원종,5호선,,4-2,,verified_legacy,legacy_app,https://namu.wiki/w/%EC%88%98%EB%8F%84%EA%B6%8C%20%EC%A0%84%EC%B2%A0%20%ED%99%98%EC%8A%B9%20%EC%A0%95%EB%B3%B4,https://namu.wiki/w/%EC%88%98%EB%8F%84%EA%B6%8C%20%EC%A0%84%EC%B2%A0%20%ED%99%98%EC%8A%B9%20%EC%A0%95%EB%B3%B4,,240,
current_app,김포공항,서해선,원종,9호선,,4-2,,verified_legacy,legacy_app,https://namu.wiki/w/%EC%88%98%EB%8F%84%EA%B6%8C%20%EC%A0%84%EC%B2%A0%20%ED%99%98%EC%8A%B9%20%EC%A0%95%EB%B3%B4,https://namu.wiki/w/%EC%88%98%EB%8F%84%EA%B6%8C%20%EC%A0%84%EC%B2%A0%20%ED%99%98%EC%8A%B9%20%EC%A0%95%EB%B3%B4,,240,
current_app,김포공항,서해선,원종,공항철도,,4-2,,verified_legacy,legacy_app,https://namu.wiki/w/%EC%88%98%EB%8F%84%EA%B6%8C%20%EC%A0%84%EC%B2%A0%20%ED%99%98%EC%8A%B9%20%EC%A0%95%EB%B3%B4,https://namu.wiki/w/%EC%88%98%EB%8F%84%EA%B6%8C%20%EC%A0%84%EC%B2%A0%20%ED%99%98%EC%8A%B9%20%EC%A0%95%EB%B3%B4,,240,
current_app,까치산,2호선,신정,5호선,신정,1-1,,verified_legacy,legacy_app,https://namu.wiki/w/%EC%88%98%EB%8F%84%EA%B6%8C%20%EC%A0%84%EC%B2%A0%20%ED%99%98%EC%8A%B9%20%EC%A0%95%EB%B3%B4/%EC%84%9C%EC%9A%B8%20%EC%A7%80%ED%95%98%EC%B2%A0%202%ED%98%B8%EC%84%A0,https://namu.wiki/w/%EC%88%98%EB%8F%84%EA%B6%8C%20%EC%A0%84%EC%B2%A0%20%ED%99%98%EC%8A%B9%20%EC%A0%95%EB%B3%B4/%EC%84%9C%EC%9A%B8%20%EC%A7%80%ED%95%98%EC%B2%A0%202%ED%98%B8%EC%84%A0,,97,97
current_app,까치산,2호선,화곡,5호선,화곡,1-1,,verified_legacy,legacy_app,https://namu.wiki/w/%EC%88%98%EB%8F%84%EA%B6%8C%20%EC%A0%84%EC%B2%A0%20%ED%99%98%EC%8A%B9%20%EC%A0%95%EB%B3%B4/%EC%84%9C%EC%9A%B8%20%EC%A7%80%ED%95%98%EC%B2%A0%202%ED%98%B8%EC%84%A0,https://namu.wiki/w/%EC%88%98%EB%8F%84%EA%B6%8C%20%EC%A0%84%EC%B2%A0%20%ED%99%98%EC%8A%B9%20%EC%A0%95%EB%B3%B4/%EC%84%9C%EC%9A%B8%20%EC%A7%80%ED%95%98%EC%B2%A0%202%ED%98%B8%EC%84%A0,,97,97
current_app,까치산,5호선,신정,2호선,신정네거리,4-4,,verified_legacy,legacy_app,https://namu.wiki/w/%EC%88%98%EB%8F%84%EA%B6%8C%20%EC%A0%84%EC%B2%A0%20%ED%99%98%EC%8A%B9%20%EC%A0%95%EB%B3%B4/%EC%88%98%EB%8F%84%EA%B6%8C%20%EC%A0%84%EC%B2%A0%205%ED%98%B8%EC%84%A0,https://namu.wiki/w/%EC%88%98%EB%8F%84%EA%B6%8C%20%EC%A0%84%EC%B2%A0%20%ED%99%98%EC%8A%B9%20%EC%A0%95%EB%B3%B4/%EC%88%98%EB%8F%84%EA%B6%8C%20%EC%A0%84%EC%B2%A0%205%ED%98%B8%EC%84%A0,,97,97
current_app,까치산,5호선,화곡,2호선,신정네거리,1-1,,verified_legacy,legacy_app,https://namu.wiki/w/%EC%88%98%EB%8F%84%EA%B6%8C%20%EC%A0%84%EC%B2%A0%20%ED%99%98%EC%8A%B9%20%EC%A0%95%EB%B3%B4/%EC%88%98%EB%8F%84%EA%B6%8C%20%EC%A0%84%EC%B2%A0%205%ED%98%B8%EC%84%A0,https://namu.wiki/w/%EC%88%98%EB%8F%84%EA%B6%8C%20%EC%A0%84%EC%B2%A0%20%ED%99%98%EC%8A%B9%20%EC%A0%95%EB%B3%B4/%EC%88%98%EB%8F%84%EA%B6%8C%20%EC%A0%84%EC%B2%A0%205%ED%98%B8%EC%84%A0,,97,97
current_app,노량진,1호선,대방,9호선,노들,1-1,,verified_legacy,legacy_app,https://namu.wiki/w/%EC%88%98%EB%8F%84%EA%B6%8C%20%EC%A0%84%EC%B2%A0%20%ED%99%98%EC%8A%B9%20%EC%A0%95%EB%B3%B4/%EC%88%98%EB%8F%84%EA%B6%8C%20%EC%A0%84%EC%B2%A0%201%ED%98%B8%EC%84%A0,https://namu.wiki/w/%EC%88%98%EB%8F%84%EA%B6%8C%20%EC%A0%84%EC%B2%A0%20%ED%99%98%EC%8A%B9%20%EC%A0%95%EB%B3%B4/%EC%88%98%EB%8F%84%EA%B6%8C%20%EC%A0%84%EC%B2%A0%201%ED%98%B8%EC%84%A0,,420,420
current_app,노량진,1호선,대방,9호선,샛강,1-1,,verified_legacy,legacy_app,https://namu.wiki/w/%EC%88%98%EB%8F%84%EA%B6%8C%20%EC%A0%84%EC%B2%A0%20%ED%99%98%EC%8A%B9%20%EC%A0%95%EB%B3%B4/%EC%88%98%EB%8F%84%EA%B6%8C%20%EC%A0%84%EC%B2%A0%201%ED%98%B8%EC%84%A0,https://namu.wiki/w/%EC%88%98%EB%8F%84%EA%B6%8C%20%EC%A0%84%EC%B2%A0%20%ED%99%98%EC%8A%B9%20%EC%A0%95%EB%B3%B4/%EC%88%98%EB%8F%84%EA%B6%8C%20%EC%A0%84%EC%B2%A0%201%ED%98%B8%EC%84%A0,,420,420
current_app,노량진,1호선,용산,9호선,노들,10-4,,verified_legacy,legacy_app,https://namu.wiki/w/%EC%88%98%EB%8F%84%EA%B6%8C%20%EC%A0%84%EC%B2%A0%20%ED%99%98%EC%8A%B9%20%EC%A0%95%EB%B3%B4/%EC%88%98%EB%8F%84%EA%B6%8C%20%EC%A0%84%EC%B2%A0%201%ED%98%B8%EC%84%A0,https://namu.wiki/w/%EC%88%98%EB%8F%84%EA%B6%8C%20%EC%A0%84%EC%B2%A0%20%ED%99%98%EC%8A%B9%20%EC%A0%95%EB%B3%B4/%EC%88%98%EB%8F%84%EA%B6%8C%20%EC%A0%84%EC%B2%A0%201%ED%98%B8%EC%84%A0,,420,420
current_app,노량진,1호선,용산,9호선,샛강,10-4,,verified_legacy,legacy_app,https://namu.wiki/w/%EC%88%98%EB%8F%84%EA%B6%8C%20%EC%A0%84%EC%B2%A0%20%ED%99%98%EC%8A%B9%20%EC%A0%95%EB%B3%B4/%EC%88%98%EB%8F%84%EA%B6%8C%20%EC%A0%84%EC%B2%A0%201%ED%98%B8%EC%84%A0,https://namu.wiki/w/%EC%88%98%EB%8F%84%EA%B6%8C%20%EC%A0%84%EC%B2%A0%20%ED%99%98%EC%8A%B9%20%EC%A0%95%EB%B3%B4/%EC%88%98%EB%8F%84%EA%B6%8C%20%EC%A0%84%EC%B2%A0%201%ED%98%B8%EC%84%A0,,420,420
current_app,노량진,9호선,노들,1호선,대방,4-2,,verified_legacy,legacy_app,https://namu.wiki/w/%EC%88%98%EB%8F%84%EA%B6%8C%20%EC%A0%84%EC%B2%A0%20%ED%99%98%EC%8A%B9%20%EC%A0%95%EB%B3%B4/%EC%84%9C%EC%9A%B8%20%EC%A7%80%ED%95%98%EC%B2%A0%209%ED%98%B8%EC%84%A0,https://namu.wiki/w/%EC%88%98%EB%8F%84%EA%B6%8C%20%EC%A0%84%EC%B2%A0%20%ED%99%98%EC%8A%B9%20%EC%A0%95%EB%B3%B4/%EC%84%9C%EC%9A%B8%20%EC%A7%80%ED%95%98%EC%B2%A0%209%ED%98%B8%EC%84%A0,,420,420
current_app,노량진,9호선,노들,1호선,용산,4-2,,verified_legacy,legacy_app,https://namu.wiki/w/%EC%88%98%EB%8F%84%EA%B6%8C%20%EC%A0%84%EC%B2%A0%20%ED%99%98%EC%8A%B9%20%EC%A0%95%EB%B3%B4/%EC%84%9C%EC%9A%B8%20%EC%A7%80%ED%95%98%EC%B2%A0%209%ED%98%B8%EC%84%A0,https://namu.wiki/w/%EC%88%98%EB%8F%84%EA%B6%8C%20%EC%A0%84%EC%B2%A0%20%ED%99%98%EC%8A%B9%20%EC%A0%95%EB%B3%B4/%EC%84%9C%EC%9A%B8%20%EC%A7%80%ED%95%98%EC%B2%A0%209%ED%98%B8%EC%84%A0,,420,420
current_app,노량진,9호선,샛강,1호선,대방,1-3,,verified_legacy,legacy_app,https://namu.wiki/w/%EC%88%98%EB%8F%84%EA%B6%8C%20%EC%A0%84%EC%B2%A0%20%ED%99%98%EC%8A%B9%20%EC%A0%95%EB%B3%B4/%EC%84%9C%EC%9A%B8%20%EC%A7%80%ED%95%98%EC%B2%A0%209%ED%98%B8%EC%84%A0,https://namu.wiki/w/%EC%88%98%EB%8F%84%EA%B6%8C%20%EC%A0%84%EC%B2%A0%20%ED%99%98%EC%8A%B9%20%EC%A0%95%EB%B3%B4/%EC%84%9C%EC%9A%B8%20%EC%A7%80%ED%95%98%EC%B2%A0%209%ED%98%B8%EC%84%A0,,420,420
current_app,노량진,9호선,샛강,1호선,용산,1-3,,verified_legacy,legacy_app,https://namu.wiki/w/%EC%88%98%EB%8F%84%EA%B6%8C%20%EC%A0%84%EC%B2%A0%20%ED%99%98%EC%8A%B9%20%EC%A0%95%EB%B3%B4/%EC%84%9C%EC%9A%B8%20%EC%A7%80%ED%95%98%EC%B2%A0%209%ED%98%B8%EC%84%A0,https://namu.wiki/w/%EC%88%98%EB%8F%84%EA%B6%8C%20%EC%A0%84%EC%B2%A0%20%ED%99%98%EC%8A%B9%20%EC%A0%95%EB%B3%B4/%EC%84%9C%EC%9A%B8%20%EC%A7%80%ED%95%98%EC%B2%A0%209%ED%98%B8%EC%84%A0,,420,420
current_app,노원,4호선,상계,7호선,마들,10-4,,verified_legacy,legacy_app,https://namu.wiki/w/%EC%88%98%EB%8F%84%EA%B6%8C%20%EC%A0%84%EC%B2%A0%20%ED%99%98%EC%8A%B9%20%EC%A0%95%EB%B3%B4/%EC%88%98%EB%8F%84%EA%B6%8C%20%EC%A0%84%EC%B2%A0%204%ED%98%B8%EC%84%A0,https://namu.wiki/w/%EC%88%98%EB%8F%84%EA%B6%8C%20%EC%A0%84%EC%B2%A0%20%ED%99%98%EC%8A%B9%20%EC%A0%95%EB%B3%B4/%EC%88%98%EB%8F%84%EA%B6%8C%20%EC%A0%84%EC%B2%A0%204%ED%98%B8%EC%84%A0,,393,393
current_app,노원,4호선,상계,7호선,중계,10-4,,verified_legacy,legacy_app,https://namu.wiki/w/%EC%88%98%EB%8F%84%EA%B6%8C%20%EC%A0%84%EC%B2%A0%20%ED%99%98%EC%8A%B9%20%EC%A0%95%EB%B3%B4/%EC%88%98%EB%8F%84%EA%B6%8C%20%EC%A0%84%EC%B2%A0%204%ED%98%B8%EC%84%A0,https://namu.wiki/w/%EC%88%98%EB%8F%84%EA%B6%8C%20%EC%A0%84%EC%B2%A0%20%ED%99%98%EC%8A%B9%20%EC%A0%95%EB%B3%B4/%EC%88%98%EB%8F%84%EA%B6%8C%20%EC%A0%84%EC%B2%A0%204%ED%98%B8%EC%84%A0,,393,393
current_app,노원,4호선,창동,7호선,마들,1-1,,verified_legacy,legacy_app,https://namu.wiki/w/%EC%88%98%EB%8F%84%EA%B6%8C%20%EC%A0%84%EC%B2%A0%20%ED%99%98%EC%8A%B9%20%EC%A0%95%EB%B3%B4/%EC%88%98%EB%8F%84%EA%B6%8C%20%EC%A0%84%EC%B2%A0%204%ED%98%B8%EC%84%A0,https://namu.wiki/w/%EC%88%98%EB%8F%84%EA%B6%8C%20%EC%A0%84%EC%B2%A0%20%ED%99%98%EC%8A%B9%20%EC%A0%95%EB%B3%B4/%EC%88%98%EB%8F%84%EA%B6%8C%20%EC%A0%84%EC%B2%A0%204%ED%98%B8%EC%84%A0,,393,393
current_app,노원,4호선,창동,7호선,중계,1-1,,verified_legacy,legacy_app,https://namu.wiki/w/%EC%88%98%EB%8F%84%EA%B6%8C%20%EC%A0%84%EC%B2%A0%20%ED%99%98%EC%8A%B9%20%EC%A0%95%EB%B3%B4/%EC%88%98%EB%8F%84%EA%B6%8C%20%EC%A0%84%EC%B2%A0%204%ED%98%B8%EC%84%A0,https://namu.wiki/w/%EC%88%98%EB%8F%84%EA%B6%8C%20%EC%A0%84%EC%B2%A0%20%ED%99%98%EC%8A%B9%20%EC%A0%95%EB%B3%B4/%EC%88%98%EB%8F%84%EA%B6%8C%20%EC%A0%84%EC%B2%A0%204%ED%98%B8%EC%84%A0,,393,393
current_app,노원,7호선,마들,4호선,상계,1-1,,verified_legacy,legacy_app,https://namu.wiki/w/%EC%88%98%EB%8F%84%EA%B6%8C%20%EC%A0%84%EC%B2%A0%20%ED%99%98%EC%8A%B9%20%EC%A0%95%EB%B3%B4/%EC%84%9C%EC%9A%B8%20%EC%A7%80%ED%95%98%EC%B2%A0%207%ED%98%B8%EC%84%A0,https://namu.wiki/w/%EC%88%98%EB%8F%84%EA%B6%8C%20%EC%A0%84%EC%B2%A0%20%ED%99%98%EC%8A%B9%20%EC%A0%95%EB%B3%B4/%EC%84%9C%EC%9A%B8%20%EC%A7%80%ED%95%98%EC%B2%A0%207%ED%98%B8%EC%84%A0,,393,393
current_app,노원,7호선,마들,4호선,창동,1-1,,verified_legacy,legacy_app,https://namu.wiki/w/%EC%88%98%EB%8F%84%EA%B6%8C%20%EC%A0%84%EC%B2%A0%20%ED%99%98%EC%8A%B9%20%EC%A0%95%EB%B3%B4/%EC%84%9C%EC%9A%B8%20%EC%A7%80%ED%95%98%EC%B2%A0%207%ED%98%B8%EC%84%A0,https://namu.wiki/w/%EC%88%98%EB%8F%84%EA%B6%8C%20%EC%A0%84%EC%B2%A0%20%ED%99%98%EC%8A%B9%20%EC%A0%95%EB%B3%B4/%EC%84%9C%EC%9A%B8%20%EC%A7%80%ED%95%98%EC%B2%A0%207%ED%98%B8%EC%84%A0,,393,393
current_app,노원,7호선,중계,4호선,상계,8-4,,verified_legacy,legacy_app,https://namu.wiki/w/%EC%88%98%EB%8F%84%EA%B6%8C%20%EC%A0%84%EC%B2%A0%20%ED%99%98%EC%8A%B9%20%EC%A0%95%EB%B3%B4/%EC%84%9C%EC%9A%B8%20%EC%A7%80%ED%95%98%EC%B2%A0%207%ED%98%B8%EC%84%A0,https://namu.wiki/w/%EC%88%98%EB%8F%84%EA%B6%8C%20%EC%A0%84%EC%B2%A0%20%ED%99%98%EC%8A%B9%20%EC%A0%95%EB%B3%B4/%EC%84%9C%EC%9A%B8%20%EC%A7%80%ED%95%98%EC%B2%A0%207%ED%98%B8%EC%84%A0,,393,393
current_app,노원,7호선,중계,4호선,창동,8-4,,verified_legacy,legacy_app,https://namu.wiki/w/%EC%88%98%EB%8F%84%EA%B6%8C%20%EC%A0%84%EC%B2%A0%20%ED%99%98%EC%8A%B9%20%EC%A0%95%EB%B3%B4/%EC%84%9C%EC%9A%B8%20%EC%A7%80%ED%95%98%EC%B2%A0%207%ED%98%B8%EC%84%A0,https://namu.wiki/w/%EC%88%98%EB%8F%84%EA%B6%8C%20%EC%A0%84%EC%B2%A0%20%ED%99%98%EC%8A%B9%20%EC%A0%95%EB%B3%B4/%EC%84%9C%EC%9A%B8%20%EC%A7%80%ED%95%98%EC%B2%A0%207%ED%98%B8%EC%84%A0,,393,393
current_app,논현,7호선,반포,신분당선,신논현,5-2,,verified,namu,https://namu.wiki/w/%EC%88%98%EB%8F%84%EA%B6%8C%20%EC%A0%84%EC%B2%A0%20%ED%99%98%EC%8A%B9%20%EC%A0%95%EB%B3%B4/%EC%84%9C%EC%9A%B8%20%EC%A7%80%ED%95%98%EC%B2%A0%207%ED%98%B8%EC%84%A0,https://d.namu.moe/w/%EC%88%98%EB%8F%84%EA%B6%8C%20%EC%A0%84%EC%B2%A0%20%ED%99%98%EC%8A%B9%20%EC%A0%95%EB%B3%B4/%EC%84%9C%EC%9A%B8%20%EC%A7%80%ED%95%98%EC%B2%A0%207%ED%98%B8%EC%84%A0,7호선 석남 방면,240,
current_app,논현,7호선,반포,신분당선,신사,5-2,,verified,namu,https://namu.wiki/w/%EC%88%98%EB%8F%84%EA%B6%8C%20%EC%A0%84%EC%B2%A0%20%ED%99%98%EC%8A%B9%20%EC%A0%95%EB%B3%B4/%EC%84%9C%EC%9A%B8%20%EC%A7%80%ED%95%98%EC%B2%A0%207%ED%98%B8%EC%84%A0,https://d.namu.moe/w/%EC%88%98%EB%8F%84%EA%B6%8C%20%EC%A0%84%EC%B2%A0%20%ED%99%98%EC%8A%B9%20%EC%A0%95%EB%B3%B4/%EC%84%9C%EC%9A%B8%20%EC%A7%80%ED%95%98%EC%B2%A0%207%ED%98%B8%EC%84%A0,7호선 석남 방면,240,
current_app,논현,7호선,학동,신분당선,신논현,4-4,,verified,namu,https://namu.wiki/w/%EC%88%98%EB%8F%84%EA%B6%8C%20%EC%A0%84%EC%B2%A0%20%ED%99%98%EC%8A%B9%20%EC%A0%95%EB%B3%B4/%EC%84%9C%EC%9A%B8%20%EC%A7%80%ED%95%98%EC%B2%A0%207%ED%98%B8%EC%84%A0,https://d.namu.moe/w/%EC%88%98%EB%8F%84%EA%B6%8C%20%EC%A0%84%EC%B2%A0%20%ED%99%98%EC%8A%B9%20%EC%A0%95%EB%B3%B4/%EC%84%9C%EC%9A%B8%20%EC%A7%80%ED%95%98%EC%B2%A0%207%ED%98%B8%EC%84%A0,7호선 장암 방면,240,
current_app,논현,7호선,학동,신분당선,신사,4-4,,verified,namu,https://namu.wiki/w/%EC%88%98%EB%8F%84%EA%B6%8C%20%EC%A0%84%EC%B2%A0%20%ED%99%98%EC%8A%B9%20%EC%A0%95%EB%B3%B4/%EC%84%9C%EC%9A%B8%20%EC%A7%80%ED%95%98%EC%B2%A0%207%ED%98%B8%EC%84%A0,https://d.namu.moe/w/%EC%88%98%EB%8F%84%EA%B6%8C%20%EC%A0%84%EC%B2%A0%20%ED%99%98%EC%8A%B9%20%EC%A0%95%EB%B3%B4/%EC%84%9C%EC%9A%B8%20%EC%A7%80%ED%95%98%EC%B2%A0%207%ED%98%B8%EC%84%A0,7호선 장암 방면,240,
current_app,논현,신분당선,신논현,7호선,반포,,,needs_verification,namu_station,https://namu.wiki/w/%EC%88%98%EB%8F%84%EA%B6%8C%20%EC%A0%84%EC%B2%A0%20%ED%99%98%EC%8A%B9%20%EC%A0%95%EB%B3%B4,https://namu.moe/w/%EB%85%BC%ED%98%84%EC%97%AD,최신 개별 역 문서에서 숫자형 빠른환승 위치 미확정,240,
current_app,논현,신분당선,신논현,7호선,학동,,,needs_verification,namu_station,https://namu.wiki/w/%EC%88%98%EB%8F%84%EA%B6%8C%20%EC%A0%84%EC%B2%A0%20%ED%99%98%EC%8A%B9%20%EC%A0%95%EB%B3%B4,https://namu.moe/w/%EB%85%BC%ED%98%84%EC%97%AD,최신 개별 역 문서에서 숫자형 빠른환승 위치 미확정,240,
current_app,논현,신분당선,신사,7호선,반포,,,needs_verification,namu_station,https://namu.wiki/w/%EC%88%98%EB%8F%84%EA%B6%8C%20%EC%A0%84%EC%B2%A0%20%ED%99%98%EC%8A%B9%20%EC%A0%95%EB%B3%B4,https://namu.moe/w/%EB%85%BC%ED%98%84%EC%97%AD,최신 개별 역 문서에서 숫자형 빠른환승 위치 미확정,240,
current_app,논현,신분당선,신사,7호선,학동,,,needs_verification,namu_station,https://namu.wiki/w/%EC%88%98%EB%8F%84%EA%B6%8C%20%EC%A0%84%EC%B2%A0%20%ED%99%98%EC%8A%B9%20%EC%A0%95%EB%B3%B4,https://namu.moe/w/%EB%85%BC%ED%98%84%EC%97%AD,최신 개별 역 문서에서 숫자형 빠른환승 위치 미확정,240,
current_app,능곡,경의중앙선,대곡,서해선,,환승통로 인접 문,,verified_legacy,legacy_app,https://namu.wiki/w/%EC%88%98%EB%8F%84%EA%B6%8C%20%EC%A0%84%EC%B2%A0%20%ED%99%98%EC%8A%B9%20%EC%A0%95%EB%B3%B4/%EC%88%98%EB%8F%84%EA%B6%8C%20%EC%A0%84%EC%B2%A0%20%EA%B2%BD%EC%9D%98%C2%B7%EC%A4%91%EC%95%99%EC%84%A0,https://namu.wiki/w/%EC%88%98%EB%8F%84%EA%B6%8C%20%EC%A0%84%EC%B2%A0%20%ED%99%98%EC%8A%B9%20%EC%A0%95%EB%B3%B4/%EC%88%98%EB%8F%84%EA%B6%8C%20%EC%A0%84%EC%B2%A0%20%EA%B2%BD%EC%9D%98%C2%B7%EC%A4%91%EC%95%99%EC%84%A0,,240,
current_app,능곡,경의중앙선,행신,서해선,,환승통로 인접 문,,verified_legacy,legacy_app,https://namu.wiki/w/%EC%88%98%EB%8F%84%EA%B6%8C%20%EC%A0%84%EC%B2%A0%20%ED%99%98%EC%8A%B9%20%EC%A0%95%EB%B3%B4/%EC%88%98%EB%8F%84%EA%B6%8C%20%EC%A0%84%EC%B2%A0%20%EA%B2%BD%EC%9D%98%C2%B7%EC%A4%91%EC%95%99%EC%84%A0,https://namu.wiki/w/%EC%88%98%EB%8F%84%EA%B6%8C%20%EC%A0%84%EC%B2%A0%20%ED%99%98%EC%8A%B9%20%EC%A0%95%EB%B3%B4/%EC%88%98%EB%8F%84%EA%B6%8C%20%EC%A0%84%EC%B2%A0%20%EA%B2%BD%EC%9D%98%C2%B7%EC%A4%91%EC%95%99%EC%84%A0,,240,
current_app,능곡,서해선,김포공항,경의중앙선,,환승통로 인접 문,,verified_legacy,legacy_app,https://namu.wiki/w/%EC%88%98%EB%8F%84%EA%B6%8C%20%EC%A0%84%EC%B2%A0%20%ED%99%98%EC%8A%B9%20%EC%A0%95%EB%B3%B4,https://namu.wiki/w/%EC%88%98%EB%8F%84%EA%B6%8C%20%EC%A0%84%EC%B2%A0%20%ED%99%98%EC%8A%B9%20%EC%A0%95%EB%B3%B4,,240,
current_app,능곡,서해선,대곡,경의중앙선,,환승통로 인접 문,,verified_legacy,legacy_app,https://namu.wiki/w/%EC%88%98%EB%8F%84%EA%B6%8C%20%EC%A0%84%EC%B2%A0%20%ED%99%98%EC%8A%B9%20%EC%A0%95%EB%B3%B4,https://namu.wiki/w/%EC%88%98%EB%8F%84%EA%B6%8C%20%EC%A0%84%EC%B2%A0%20%ED%99%98%EC%8A%B9%20%EC%A0%95%EB%B3%B4,,240,
current_app,능길,4호선,안산,수인분당선,,1-1 ~ 6-4,,verified_legacy,legacy_app,https://namu.wiki/w/%EC%88%98%EB%8F%84%EA%B6%8C%20%EC%A0%84%EC%B2%A0%20%ED%99%98%EC%8A%B9%20%EC%A0%95%EB%B3%B4/%EC%88%98%EB%8F%84%EA%B6%8C%20%EC%A0%84%EC%B2%A0%204%ED%98%B8%EC%84%A0,https://namu.wiki/w/%EC%88%98%EB%8F%84%EA%B6%8C%20%EC%A0%84%EC%B2%A0%20%ED%99%98%EC%8A%B9%20%EC%A0%95%EB%B3%B4/%EC%88%98%EB%8F%84%EA%B6%8C%20%EC%A0%84%EC%B2%A0%204%ED%98%B8%EC%84%A0,,0,0
current_app,능길,4호선,정왕,수인분당선,,5-1 ~ 10-4,,verified_legacy,legacy_app,https://namu.wiki/w/%EC%88%98%EB%8F%84%EA%B6%8C%20%EC%A0%84%EC%B2%A0%20%ED%99%98%EC%8A%B9%20%EC%A0%95%EB%B3%B4/%EC%88%98%EB%8F%84%EA%B6%8C%20%EC%A0%84%EC%B2%A0%204%ED%98%B8%EC%84%A0,https://namu.wiki/w/%EC%88%98%EB%8F%84%EA%B6%8C%20%EC%A0%84%EC%B2%A0%20%ED%99%98%EC%8A%B9%20%EC%A0%95%EB%B3%B4/%EC%88%98%EB%8F%84%EA%B6%8C%20%EC%A0%84%EC%B2%A0%204%ED%98%B8%EC%84%A0,,0,0
current_app,능길,수인분당선,,4호선,,모든 문,,verified_legacy,legacy_app,https://namu.wiki/w/%EC%88%98%EB%8F%84%EA%B6%8C%20%EC%A0%84%EC%B2%A0%20%ED%99%98%EC%8A%B9%20%EC%A0%95%EB%B3%B4/%EC%88%98%EB%8F%84%EA%B6%8C%20%EC%A0%84%EC%B2%A0%20%EC%88%98%EC%9D%B8%C2%B7%EB%B6%84%EB%8B%B9%EC%84%A0,https://namu.wiki/w/%EC%88%98%EB%8F%84%EA%B6%8C%20%EC%A0%84%EC%B2%A0%20%ED%99%98%EC%8A%B9%20%EC%A0%95%EB%B3%B4/%EC%88%98%EB%8F%84%EA%B6%8C%20%EC%A0%84%EC%B2%A0%20%EC%88%98%EC%9D%B8%C2%B7%EB%B6%84%EB%8B%B9%EC%84%A0,,0,0
current_app,당산,2호선,영등포구청,9호선,국회의사당,3-4,,verified_legacy,legacy_app,https://namu.wiki/w/%EC%88%98%EB%8F%84%EA%B6%8C%20%EC%A0%84%EC%B2%A0%20%ED%99%98%EC%8A%B9%20%EC%A0%95%EB%B3%B4/%EC%84%9C%EC%9A%B8%20%EC%A7%80%ED%95%98%EC%B2%A0%202%ED%98%B8%EC%84%A0,https://namu.wiki/w/%EC%88%98%EB%8F%84%EA%B6%8C%20%EC%A0%84%EC%B2%A0%20%ED%99%98%EC%8A%B9%20%EC%A0%95%EB%B3%B4/%EC%84%9C%EC%9A%B8%20%EC%A7%80%ED%95%98%EC%B2%A0%202%ED%98%B8%EC%84%A0,,600,600
current_app,당산,2호선,영등포구청,9호선,선유도,3-4,,verified_legacy,legacy_app,https://namu.wiki/w/%EC%88%98%EB%8F%84%EA%B6%8C%20%EC%A0%84%EC%B2%A0%20%ED%99%98%EC%8A%B9%20%EC%A0%95%EB%B3%B4/%EC%84%9C%EC%9A%B8%20%EC%A7%80%ED%95%98%EC%B2%A0%202%ED%98%B8%EC%84%A0,https://namu.wiki/w/%EC%88%98%EB%8F%84%EA%B6%8C%20%EC%A0%84%EC%B2%A0%20%ED%99%98%EC%8A%B9%20%EC%A0%95%EB%B3%B4/%EC%84%9C%EC%9A%B8%20%EC%A7%80%ED%95%98%EC%B2%A0%202%ED%98%B8%EC%84%A0,,600,600
current_app,당산,2호선,합정,9호선,국회의사당,8-1,,verified_legacy,legacy_app,https://namu.wiki/w/%EC%88%98%EB%8F%84%EA%B6%8C%20%EC%A0%84%EC%B2%A0%20%ED%99%98%EC%8A%B9%20%EC%A0%95%EB%B3%B4/%EC%84%9C%EC%9A%B8%20%EC%A7%80%ED%95%98%EC%B2%A0%202%ED%98%B8%EC%84%A0,https://namu.wiki/w/%EC%88%98%EB%8F%84%EA%B6%8C%20%EC%A0%84%EC%B2%A0%20%ED%99%98%EC%8A%B9%20%EC%A0%95%EB%B3%B4/%EC%84%9C%EC%9A%B8%20%EC%A7%80%ED%95%98%EC%B2%A0%202%ED%98%B8%EC%84%A0,,600,600
current_app,당산,2호선,합정,9호선,선유도,8-1,,verified_legacy,legacy_app,https://namu.wiki/w/%EC%88%98%EB%8F%84%EA%B6%8C%20%EC%A0%84%EC%B2%A0%20%ED%99%98%EC%8A%B9%20%EC%A0%95%EB%B3%B4/%EC%84%9C%EC%9A%B8%20%EC%A7%80%ED%95%98%EC%B2%A0%202%ED%98%B8%EC%84%A0,https://namu.wiki/w/%EC%88%98%EB%8F%84%EA%B6%8C%20%EC%A0%84%EC%B2%A0%20%ED%99%98%EC%8A%B9%20%EC%A0%95%EB%B3%B4/%EC%84%9C%EC%9A%B8%20%EC%A7%80%ED%95%98%EC%B2%A0%202%ED%98%B8%EC%84%A0,,600,600
current_app,당산,9호선,국회의사당,2호선,영등포구청,4-4,,verified_legacy,legacy_app,https://namu.wiki/w/%EC%88%98%EB%8F%84%EA%B6%8C%20%EC%A0%84%EC%B2%A0%20%ED%99%98%EC%8A%B9%20%EC%A0%95%EB%B3%B4/%EC%84%9C%EC%9A%B8%20%EC%A7%80%ED%95%98%EC%B2%A0%209%ED%98%B8%EC%84%A0,https://namu.wiki/w/%EC%88%98%EB%8F%84%EA%B6%8C%20%EC%A0%84%EC%B2%A0%20%ED%99%98%EC%8A%B9%20%EC%A0%95%EB%B3%B4/%EC%84%9C%EC%9A%B8%20%EC%A7%80%ED%95%98%EC%B2%A0%209%ED%98%B8%EC%84%A0,,600,600
current_app,당산,9호선,국회의사당,2호선,합정,4-4,,verified_legacy,legacy_app,https://namu.wiki/w/%EC%88%98%EB%8F%84%EA%B6%8C%20%EC%A0%84%EC%B2%A0%20%ED%99%98%EC%8A%B9%20%EC%A0%95%EB%B3%B4/%EC%84%9C%EC%9A%B8%20%EC%A7%80%ED%95%98%EC%B2%A0%209%ED%98%B8%EC%84%A0,https://namu.wiki/w/%EC%88%98%EB%8F%84%EA%B6%8C%20%EC%A0%84%EC%B2%A0%20%ED%99%98%EC%8A%B9%20%EC%A0%95%EB%B3%B4/%EC%84%9C%EC%9A%B8%20%EC%A7%80%ED%95%98%EC%B2%A0%209%ED%98%B8%EC%84%A0,,600,600
current_app,당산,9호선,선유도,2호선,영등포구청,1-1,,verified_legacy,legacy_app,https://namu.wiki/w/%EC%88%98%EB%8F%84%EA%B6%8C%20%EC%A0%84%EC%B2%A0%20%ED%99%98%EC%8A%B9%20%EC%A0%95%EB%B3%B4/%EC%84%9C%EC%9A%B8%20%EC%A7%80%ED%95%98%EC%B2%A0%209%ED%98%B8%EC%84%A0,https://namu.wiki/w/%EC%88%98%EB%8F%84%EA%B6%8C%20%EC%A0%84%EC%B2%A0%20%ED%99%98%EC%8A%B9%20%EC%A0%95%EB%B3%B4/%EC%84%9C%EC%9A%B8%20%EC%A7%80%ED%95%98%EC%B2%A0%209%ED%98%B8%EC%84%A0,,600,600
current_app,당산,9호선,선유도,2호선,합정,1-1,,verified_legacy,legacy_app,https://namu.wiki/w/%EC%88%98%EB%8F%84%EA%B6%8C%20%EC%A0%84%EC%B2%A0%20%ED%99%98%EC%8A%B9%20%EC%A0%95%EB%B3%B4/%EC%84%9C%EC%9A%B8%20%EC%A7%80%ED%95%98%EC%B2%A0%209%ED%98%B8%EC%84%A0,https://namu.wiki/w/%EC%88%98%EB%8F%84%EA%B6%8C%20%EC%A0%84%EC%B2%A0%20%ED%99%98%EC%8A%B9%20%EC%A0%95%EB%B3%B4/%EC%84%9C%EC%9A%B8%20%EC%A7%80%ED%95%98%EC%B2%A0%209%ED%98%B8%EC%84%A0,,600,600
current_app,대곡,3호선,백석,경의중앙선,곡산,7-4,,verified_legacy,legacy_app,https://namu.wiki/w/%EC%88%98%EB%8F%84%EA%B6%8C%20%EC%A0%84%EC%B2%A0%20%ED%99%98%EC%8A%B9%20%EC%A0%95%EB%B3%B4/%EC%88%98%EB%8F%84%EA%B6%8C%20%EC%A0%84%EC%B2%A0%203%ED%98%B8%EC%84%A0,https://namu.wiki/w/%EC%88%98%EB%8F%84%EA%B6%8C%20%EC%A0%84%EC%B2%A0%20%ED%99%98%EC%8A%B9%20%EC%A0%95%EB%B3%B4/%EC%88%98%EB%8F%84%EA%B6%8C%20%EC%A0%84%EC%B2%A0%203%ED%98%B8%EC%84%A0,,600,600
current_app,대곡,3호선,백석,경의중앙선,능곡,7-4,,verified_legacy,legacy_app,https://namu.wiki/w/%EC%88%98%EB%8F%84%EA%B6%8C%20%EC%A0%84%EC%B2%A0%20%ED%99%98%EC%8A%B9%20%EC%A0%95%EB%B3%B4/%EC%88%98%EB%8F%84%EA%B6%8C%20%EC%A0%84%EC%B2%A0%203%ED%98%B8%EC%84%A0,https://namu.wiki/w/%EC%88%98%EB%8F%84%EA%B6%8C%20%EC%A0%84%EC%B2%A0%20%ED%99%98%EC%8A%B9%20%EC%A0%95%EB%B3%B4/%EC%88%98%EB%8F%84%EA%B6%8C%20%EC%A0%84%EC%B2%A0%203%ED%98%B8%EC%84%A0,,600,600
current_app,대곡,3호선,백석,서해선,,"4-1, 9-1",,verified_legacy,legacy_app,https://namu.wiki/w/%EC%88%98%EB%8F%84%EA%B6%8C%20%EC%A0%84%EC%B2%A0%20%ED%99%98%EC%8A%B9%20%EC%A0%95%EB%B3%B4/%EC%88%98%EB%8F%84%EA%B6%8C%20%EC%A0%84%EC%B2%A0%203%ED%98%B8%EC%84%A0,https://namu.wiki/w/%EC%88%98%EB%8F%84%EA%B6%8C%20%EC%A0%84%EC%B2%A0%20%ED%99%98%EC%8A%B9%20%EC%A0%95%EB%B3%B4/%EC%88%98%EB%8F%84%EA%B6%8C%20%EC%A0%84%EC%B2%A0%203%ED%98%B8%EC%84%A0,,180,180
current_app,대곡,3호선,화정,경의중앙선,곡산,4-1,,verified_legacy,legacy_app,https://namu.wiki/w/%EC%88%98%EB%8F%84%EA%B6%8C%20%EC%A0%84%EC%B2%A0%20%ED%99%98%EC%8A%B9%20%EC%A0%95%EB%B3%B4/%EC%88%98%EB%8F%84%EA%B6%8C%20%EC%A0%84%EC%B2%A0%203%ED%98%B8%EC%84%A0,https://namu.wiki/w/%EC%88%98%EB%8F%84%EA%B6%8C%20%EC%A0%84%EC%B2%A0%20%ED%99%98%EC%8A%B9%20%EC%A0%95%EB%B3%B4/%EC%88%98%EB%8F%84%EA%B6%8C%20%EC%A0%84%EC%B2%A0%203%ED%98%B8%EC%84%A0,,600,600
current_app,대곡,3호선,화정,경의중앙선,능곡,4-1,,verified_legacy,legacy_app,https://namu.wiki/w/%EC%88%98%EB%8F%84%EA%B6%8C%20%EC%A0%84%EC%B2%A0%20%ED%99%98%EC%8A%B9%20%EC%A0%95%EB%B3%B4/%EC%88%98%EB%8F%84%EA%B6%8C%20%EC%A0%84%EC%B2%A0%203%ED%98%B8%EC%84%A0,https://namu.wiki/w/%EC%88%98%EB%8F%84%EA%B6%8C%20%EC%A0%84%EC%B2%A0%20%ED%99%98%EC%8A%B9%20%EC%A0%95%EB%B3%B4/%EC%88%98%EB%8F%84%EA%B6%8C%20%EC%A0%84%EC%B2%A0%203%ED%98%B8%EC%84%A0,,600,600
current_app,대곡,3호선,화정,서해선,,"2-4, 7-4",,verified_legacy,legacy_app,https://namu.wiki/w/%EC%88%98%EB%8F%84%EA%B6%8C%20%EC%A0%84%EC%B2%A0%20%ED%99%98%EC%8A%B9%20%EC%A0%95%EB%B3%B4/%EC%88%98%EB%8F%84%EA%B6%8C%20%EC%A0%84%EC%B2%A0%203%ED%98%B8%EC%84%A0,https://namu.wiki/w/%EC%88%98%EB%8F%84%EA%B6%8C%20%EC%A0%84%EC%B2%A0%20%ED%99%98%EC%8A%B9%20%EC%A0%95%EB%B3%B4/%EC%88%98%EB%8F%84%EA%B6%8C%20%EC%A0%84%EC%B2%A0%203%ED%98%B8%EC%84%A0,,180,180
current_app,대곡,경의중앙선,,서해선,,모든 문,,verified_legacy,legacy_app,https://namu.wiki/w/%EC%88%98%EB%8F%84%EA%B6%8C%20%EC%A0%84%EC%B2%A0%20%ED%99%98%EC%8A%B9%20%EC%A0%95%EB%B3%B4/%EC%88%98%EB%8F%84%EA%B6%8C%20%EC%A0%84%EC%B2%A0%20%EA%B2%BD%EC%9D%98%C2%B7%EC%A4%91%EC%95%99%EC%84%A0,https://namu.wiki/w/%EC%88%98%EB%8F%84%EA%B6%8C%20%EC%A0%84%EC%B2%A0%20%ED%99%98%EC%8A%B9%20%EC%A0%95%EB%B3%B4/%EC%88%98%EB%8F%84%EA%B6%8C%20%EC%A0%84%EC%B2%A0%20%EA%B2%BD%EC%9D%98%C2%B7%EC%A4%91%EC%95%99%EC%84%A0,,0,0
current_app,대곡,경의중앙선,곡산,3호선,백석,5-3,,verified_legacy,legacy_app,https://namu.wiki/w/%EC%88%98%EB%8F%84%EA%B6%8C%20%EC%A0%84%EC%B2%A0%20%ED%99%98%EC%8A%B9%20%EC%A0%95%EB%B3%B4/%EC%88%98%EB%8F%84%EA%B6%8C%20%EC%A0%84%EC%B2%A0%20%EA%B2%BD%EC%9D%98%C2%B7%EC%A4%91%EC%95%99%EC%84%A0,https://namu.wiki/w/%EC%88%98%EB%8F%84%EA%B6%8C%20%EC%A0%84%EC%B2%A0%20%ED%99%98%EC%8A%B9%20%EC%A0%95%EB%B3%B4/%EC%88%98%EB%8F%84%EA%B6%8C%20%EC%A0%84%EC%B2%A0%20%EA%B2%BD%EC%9D%98%C2%B7%EC%A4%91%EC%95%99%EC%84%A0,,600,600
current_app,대곡,경의중앙선,곡산,3호선,화정,5-3,,verified_legacy,legacy_app,https://namu.wiki/w/%EC%88%98%EB%8F%84%EA%B6%8C%20%EC%A0%84%EC%B2%A0%20%ED%99%98%EC%8A%B9%20%EC%A0%95%EB%B3%B4/%EC%88%98%EB%8F%84%EA%B6%8C%20%EC%A0%84%EC%B2%A0%20%EA%B2%BD%EC%9D%98%C2%B7%EC%A4%91%EC%95%99%EC%84%A0,https://namu.wiki/w/%EC%88%98%EB%8F%84%EA%B6%8C%20%EC%A0%84%EC%B2%A0%20%ED%99%98%EC%8A%B9%20%EC%A0%95%EB%B3%B4/%EC%88%98%EB%8F%84%EA%B6%8C%20%EC%A0%84%EC%B2%A0%20%EA%B2%BD%EC%9D%98%C2%B7%EC%A4%91%EC%95%99%EC%84%A0,,600,600
current_app,대곡,경의중앙선,능곡,3호선,백석,4-2,,verified_legacy,legacy_app,https://namu.wiki/w/%EC%88%98%EB%8F%84%EA%B6%8C%20%EC%A0%84%EC%B2%A0%20%ED%99%98%EC%8A%B9%20%EC%A0%95%EB%B3%B4/%EC%88%98%EB%8F%84%EA%B6%8C%20%EC%A0%84%EC%B2%A0%20%EA%B2%BD%EC%9D%98%C2%B7%EC%A4%91%EC%95%99%EC%84%A0,https://namu.wiki/w/%EC%88%98%EB%8F%84%EA%B6%8C%20%EC%A0%84%EC%B2%A0%20%ED%99%98%EC%8A%B9%20%EC%A0%95%EB%B3%B4/%EC%88%98%EB%8F%84%EA%B6%8C%20%EC%A0%84%EC%B2%A0%20%EA%B2%BD%EC%9D%98%C2%B7%EC%A4%91%EC%95%99%EC%84%A0,,600,600
current_app,대곡,경의중앙선,능곡,3호선,화정,4-2,,verified_legacy,legacy_app,https://namu.wiki/w/%EC%88%98%EB%8F%84%EA%B6%8C%20%EC%A0%84%EC%B2%A0%20%ED%99%98%EC%8A%B9%20%EC%A0%95%EB%B3%B4/%EC%88%98%EB%8F%84%EA%B6%8C%20%EC%A0%84%EC%B2%A0%20%EA%B2%BD%EC%9D%98%C2%B7%EC%A4%91%EC%95%99%EC%84%A0,https://namu.wiki/w/%EC%88%98%EB%8F%84%EA%B6%8C%20%EC%A0%84%EC%B2%A0%20%ED%99%98%EC%8A%B9%20%EC%A0%95%EB%B3%B4/%EC%88%98%EB%8F%84%EA%B6%8C%20%EC%A0%84%EC%B2%A0%20%EA%B2%BD%EC%9D%98%C2%B7%EC%A4%91%EC%95%99%EC%84%A0,,600,600
current_app,대곡,서해선,,경의중앙선,,모든 문,,verified_legacy,legacy_app,https://namu.wiki/w/%EC%88%98%EB%8F%84%EA%B6%8C%20%EC%A0%84%EC%B2%A0%20%ED%99%98%EC%8A%B9%20%EC%A0%95%EB%B3%B4,https://namu.wiki/w/%EC%88%98%EB%8F%84%EA%B6%8C%20%EC%A0%84%EC%B2%A0%20%ED%99%98%EC%8A%B9%20%EC%A0%95%EB%B3%B4,,0,0
current_app,대곡,서해선,곡산,3호선,,1-1,,verified_legacy,legacy_app,https://namu.wiki/w/%EC%88%98%EB%8F%84%EA%B6%8C%20%EC%A0%84%EC%B2%A0%20%ED%99%98%EC%8A%B9%20%EC%A0%95%EB%B3%B4,https://namu.wiki/w/%EC%88%98%EB%8F%84%EA%B6%8C%20%EC%A0%84%EC%B2%A0%20%ED%99%98%EC%8A%B9%20%EC%A0%95%EB%B3%B4,,240,
current_app,대곡,서해선,능곡,3호선,,1-1,,verified_legacy,legacy_app,https://namu.wiki/w/%EC%88%98%EB%8F%84%EA%B6%8C%20%EC%A0%84%EC%B2%A0%20%ED%99%98%EC%8A%B9%20%EC%A0%95%EB%B3%B4,https://namu.wiki/w/%EC%88%98%EB%8F%84%EA%B6%8C%20%EC%A0%84%EC%B2%A0%20%ED%99%98%EC%8A%B9%20%EC%A0%95%EB%B3%B4,,240,
current_app,대림,2호선,구로디지털단지,7호선,남구로,4-1,,verified_legacy,legacy_app,https://namu.wiki/w/%EC%88%98%EB%8F%84%EA%B6%8C%20%EC%A0%84%EC%B2%A0%20%ED%99%98%EC%8A%B9%20%EC%A0%95%EB%B3%B4/%EC%84%9C%EC%9A%B8%20%EC%A7%80%ED%95%98%EC%B2%A0%202%ED%98%B8%EC%84%A0,https://namu.wiki/w/%EC%88%98%EB%8F%84%EA%B6%8C%20%EC%A0%84%EC%B2%A0%20%ED%99%98%EC%8A%B9%20%EC%A0%95%EB%B3%B4/%EC%84%9C%EC%9A%B8%20%EC%A7%80%ED%95%98%EC%B2%A0%202%ED%98%B8%EC%84%A0,,245,245
current_app,대림,2호선,구로디지털단지,7호선,신풍,4-1,,verified_legacy,legacy_app,https://namu.wiki/w/%EC%88%98%EB%8F%84%EA%B6%8C%20%EC%A0%84%EC%B2%A0%20%ED%99%98%EC%8A%B9%20%EC%A0%95%EB%B3%B4/%EC%84%9C%EC%9A%B8%20%EC%A7%80%ED%95%98%EC%B2%A0%202%ED%98%B8%EC%84%A0,https://namu.wiki/w/%EC%88%98%EB%8F%84%EA%B6%8C%20%EC%A0%84%EC%B2%A0%20%ED%99%98%EC%8A%B9%20%EC%A0%95%EB%B3%B4/%EC%84%9C%EC%9A%B8%20%EC%A7%80%ED%95%98%EC%B2%A0%202%ED%98%B8%EC%84%A0,,245,245
current_app,대림,2호선,신도림,7호선,남구로,7-4,,verified_legacy,legacy_app,https://namu.wiki/w/%EC%88%98%EB%8F%84%EA%B6%8C%20%EC%A0%84%EC%B2%A0%20%ED%99%98%EC%8A%B9%20%EC%A0%95%EB%B3%B4/%EC%84%9C%EC%9A%B8%20%EC%A7%80%ED%95%98%EC%B2%A0%202%ED%98%B8%EC%84%A0,https://namu.wiki/w/%EC%88%98%EB%8F%84%EA%B6%8C%20%EC%A0%84%EC%B2%A0%20%ED%99%98%EC%8A%B9%20%EC%A0%95%EB%B3%B4/%EC%84%9C%EC%9A%B8%20%EC%A7%80%ED%95%98%EC%B2%A0%202%ED%98%B8%EC%84%A0,,245,245
current_app,대림,2호선,신도림,7호선,신풍,7-4,,verified_legacy,legacy_app,https://namu.wiki/w/%EC%88%98%EB%8F%84%EA%B6%8C%20%EC%A0%84%EC%B2%A0%20%ED%99%98%EC%8A%B9%20%EC%A0%95%EB%B3%B4/%EC%84%9C%EC%9A%B8%20%EC%A7%80%ED%95%98%EC%B2%A0%202%ED%98%B8%EC%84%A0,https://namu.wiki/w/%EC%88%98%EB%8F%84%EA%B6%8C%20%EC%A0%84%EC%B2%A0%20%ED%99%98%EC%8A%B9%20%EC%A0%95%EB%B3%B4/%EC%84%9C%EC%9A%B8%20%EC%A7%80%ED%95%98%EC%B2%A0%202%ED%98%B8%EC%84%A0,,245,245
current_app,대림,7호선,남구로,2호선,구로디지털단지,1-1,,verified_legacy,legacy_app,https://namu.wiki/w/%EC%88%98%EB%8F%84%EA%B6%8C%20%EC%A0%84%EC%B2%A0%20%ED%99%98%EC%8A%B9%20%EC%A0%95%EB%B3%B4/%EC%84%9C%EC%9A%B8%20%EC%A7%80%ED%95%98%EC%B2%A0%207%ED%98%B8%EC%84%A0,https://namu.wiki/w/%EC%88%98%EB%8F%84%EA%B6%8C%20%EC%A0%84%EC%B2%A0%20%ED%99%98%EC%8A%B9%20%EC%A0%95%EB%B3%B4/%EC%84%9C%EC%9A%B8%20%EC%A7%80%ED%95%98%EC%B2%A0%207%ED%98%B8%EC%84%A0,,245,245
current_app,대림,7호선,남구로,2호선,신도림,1-1,,verified_legacy,legacy_app,https://namu.wiki/w/%EC%88%98%EB%8F%84%EA%B6%8C%20%EC%A0%84%EC%B2%A0%20%ED%99%98%EC%8A%B9%20%EC%A0%95%EB%B3%B4/%EC%84%9C%EC%9A%B8%20%EC%A7%80%ED%95%98%EC%B2%A0%207%ED%98%B8%EC%84%A0,https://namu.wiki/w/%EC%88%98%EB%8F%84%EA%B6%8C%20%EC%A0%84%EC%B2%A0%20%ED%99%98%EC%8A%B9%20%EC%A0%95%EB%B3%B4/%EC%84%9C%EC%9A%B8%20%EC%A7%80%ED%95%98%EC%B2%A0%207%ED%98%B8%EC%84%A0,,245,245
current_app,대림,7호선,신풍,2호선,구로디지털단지,8-4,,verified_legacy,legacy_app,https://namu.wiki/w/%EC%88%98%EB%8F%84%EA%B6%8C%20%EC%A0%84%EC%B2%A0%20%ED%99%98%EC%8A%B9%20%EC%A0%95%EB%B3%B4/%EC%84%9C%EC%9A%B8%20%EC%A7%80%ED%95%98%EC%B2%A0%207%ED%98%B8%EC%84%A0,https://namu.wiki/w/%EC%88%98%EB%8F%84%EA%B6%8C%20%EC%A0%84%EC%B2%A0%20%ED%99%98%EC%8A%B9%20%EC%A0%95%EB%B3%B4/%EC%84%9C%EC%9A%B8%20%EC%A7%80%ED%95%98%EC%B2%A0%207%ED%98%B8%EC%84%A0,,245,245
current_app,대림,7호선,신풍,2호선,신도림,8-4,,verified_legacy,legacy_app,https://namu.wiki/w/%EC%88%98%EB%8F%84%EA%B6%8C%20%EC%A0%84%EC%B2%A0%20%ED%99%98%EC%8A%B9%20%EC%A0%95%EB%B3%B4/%EC%84%9C%EC%9A%B8%20%EC%A7%80%ED%95%98%EC%B2%A0%207%ED%98%B8%EC%84%A0,https://namu.wiki/w/%EC%88%98%EB%8F%84%EA%B6%8C%20%EC%A0%84%EC%B2%A0%20%ED%99%98%EC%8A%B9%20%EC%A0%95%EB%B3%B4/%EC%84%9C%EC%9A%B8%20%EC%A7%80%ED%95%98%EC%B2%A0%207%ED%98%B8%EC%84%A0,,245,245
current_app,도곡,3호선,대치,수인분당선,구룡,5-4,,verified_legacy,legacy_app,https://namu.wiki/w/%EC%88%98%EB%8F%84%EA%B6%8C%20%EC%A0%84%EC%B2%A0%20%ED%99%98%EC%8A%B9%20%EC%A0%95%EB%B3%B4/%EC%88%98%EB%8F%84%EA%B6%8C%20%EC%A0%84%EC%B2%A0%203%ED%98%B8%EC%84%A0,https://namu.wiki/w/%EC%88%98%EB%8F%84%EA%B6%8C%20%EC%A0%84%EC%B2%A0%20%ED%99%98%EC%8A%B9%20%EC%A0%95%EB%B3%B4/%EC%88%98%EB%8F%84%EA%B6%8C%20%EC%A0%84%EC%B2%A0%203%ED%98%B8%EC%84%A0,,300,300
current_app,도곡,3호선,대치,수인분당선,한티,5-4,,verified_legacy,legacy_app,https://namu.wiki/w/%EC%88%98%EB%8F%84%EA%B6%8C%20%EC%A0%84%EC%B2%A0%20%ED%99%98%EC%8A%B9%20%EC%A0%95%EB%B3%B4/%EC%88%98%EB%8F%84%EA%B6%8C%20%EC%A0%84%EC%B2%A0%203%ED%98%B8%EC%84%A0,https://namu.wiki/w/%EC%88%98%EB%8F%84%EA%B6%8C%20%EC%A0%84%EC%B2%A0%20%ED%99%98%EC%8A%B9%20%EC%A0%95%EB%B3%B4/%EC%88%98%EB%8F%84%EA%B6%8C%20%EC%A0%84%EC%B2%A0%203%ED%98%B8%EC%84%A0,,300,300
current_app,도곡,3호선,매봉,수인분당선,구룡,6-1,,verified_legacy,legacy_app,https://namu.wiki/w/%EC%88%98%EB%8F%84%EA%B6%8C%20%EC%A0%84%EC%B2%A0%20%ED%99%98%EC%8A%B9%20%EC%A0%95%EB%B3%B4/%EC%88%98%EB%8F%84%EA%B6%8C%20%EC%A0%84%EC%B2%A0%203%ED%98%B8%EC%84%A0,https://namu.wiki/w/%EC%88%98%EB%8F%84%EA%B6%8C%20%EC%A0%84%EC%B2%A0%20%ED%99%98%EC%8A%B9%20%EC%A0%95%EB%B3%B4/%EC%88%98%EB%8F%84%EA%B6%8C%20%EC%A0%84%EC%B2%A0%203%ED%98%B8%EC%84%A0,,300,300
current_app,도곡,3호선,매봉,수인분당선,한티,6-1,,verified_legacy,legacy_app,https://namu.wiki/w/%EC%88%98%EB%8F%84%EA%B6%8C%20%EC%A0%84%EC%B2%A0%20%ED%99%98%EC%8A%B9%20%EC%A0%95%EB%B3%B4/%EC%88%98%EB%8F%84%EA%B6%8C%20%EC%A0%84%EC%B2%A0%203%ED%98%B8%EC%84%A0,https://namu.wiki/w/%EC%88%98%EB%8F%84%EA%B6%8C%20%EC%A0%84%EC%B2%A0%20%ED%99%98%EC%8A%B9%20%EC%A0%95%EB%B3%B4/%EC%88%98%EB%8F%84%EA%B6%8C%20%EC%A0%84%EC%B2%A0%203%ED%98%B8%EC%84%A0,,300,300
current_app,도곡,수인분당선,구룡,3호선,대치,6-4,,verified_legacy,legacy_app,https://namu.wiki/w/%EC%88%98%EB%8F%84%EA%B6%8C%20%EC%A0%84%EC%B2%A0%20%ED%99%98%EC%8A%B9%20%EC%A0%95%EB%B3%B4/%EC%88%98%EB%8F%84%EA%B6%8C%20%EC%A0%84%EC%B2%A0%20%EC%88%98%EC%9D%B8%C2%B7%EB%B6%84%EB%8B%B9%EC%84%A0,https://namu.wiki/w/%EC%88%98%EB%8F%84%EA%B6%8C%20%EC%A0%84%EC%B2%A0%20%ED%99%98%EC%8A%B9%20%EC%A0%95%EB%B3%B4/%EC%88%98%EB%8F%84%EA%B6%8C%20%EC%A0%84%EC%B2%A0%20%EC%88%98%EC%9D%B8%C2%B7%EB%B6%84%EB%8B%B9%EC%84%A0,,300,300
current_app,도곡,수인분당선,구룡,3호선,매봉,5-1,,verified_legacy,legacy_app,https://namu.wiki/w/%EC%88%98%EB%8F%84%EA%B6%8C%20%EC%A0%84%EC%B2%A0%20%ED%99%98%EC%8A%B9%20%EC%A0%95%EB%B3%B4/%EC%88%98%EB%8F%84%EA%B6%8C%20%EC%A0%84%EC%B2%A0%20%EC%88%98%EC%9D%B8%C2%B7%EB%B6%84%EB%8B%B9%EC%84%A0,https://namu.wiki/w/%EC%88%98%EB%8F%84%EA%B6%8C%20%EC%A0%84%EC%B2%A0%20%ED%99%98%EC%8A%B9%20%EC%A0%95%EB%B3%B4/%EC%88%98%EB%8F%84%EA%B6%8C%20%EC%A0%84%EC%B2%A0%20%EC%88%98%EC%9D%B8%C2%B7%EB%B6%84%EB%8B%B9%EC%84%A0,,300,300
current_app,도곡,수인분당선,한티,3호선,대치,4-3,,verified_legacy,legacy_app,https://namu.wiki/w/%EC%88%98%EB%8F%84%EA%B6%8C%20%EC%A0%84%EC%B2%A0%20%ED%99%98%EC%8A%B9%20%EC%A0%95%EB%B3%B4/%EC%88%98%EB%8F%84%EA%B6%8C%20%EC%A0%84%EC%B2%A0%20%EC%88%98%EC%9D%B8%C2%B7%EB%B6%84%EB%8B%B9%EC%84%A0,https://namu.wiki/w/%EC%88%98%EB%8F%84%EA%B6%8C%20%EC%A0%84%EC%B2%A0%20%ED%99%98%EC%8A%B9%20%EC%A0%95%EB%B3%B4/%EC%88%98%EB%8F%84%EA%B6%8C%20%EC%A0%84%EC%B2%A0%20%EC%88%98%EC%9D%B8%C2%B7%EB%B6%84%EB%8B%B9%EC%84%A0,,300,300
current_app,도곡,수인분당선,한티,3호선,매봉,6-2,,verified_legacy,legacy_app,https://namu.wiki/w/%EC%88%98%EB%8F%84%EA%B6%8C%20%EC%A0%84%EC%B2%A0%20%ED%99%98%EC%8A%B9%20%EC%A0%95%EB%B3%B4/%EC%88%98%EB%8F%84%EA%B6%8C%20%EC%A0%84%EC%B2%A0%20%EC%88%98%EC%9D%B8%C2%B7%EB%B6%84%EB%8B%B9%EC%84%A0,https://namu.wiki/w/%EC%88%98%EB%8F%84%EA%B6%8C%20%EC%A0%84%EC%B2%A0%20%ED%99%98%EC%8A%B9%20%EC%A0%95%EB%B3%B4/%EC%88%98%EB%8F%84%EA%B6%8C%20%EC%A0%84%EC%B2%A0%20%EC%88%98%EC%9D%B8%C2%B7%EB%B6%84%EB%8B%B9%EC%84%A0,,300,300
current_app,도봉산,1호선,도봉,7호선,수락산,9-3,,verified_legacy,legacy_app,https://namu.wiki/w/%EC%88%98%EB%8F%84%EA%B6%8C%20%EC%A0%84%EC%B2%A0%20%ED%99%98%EC%8A%B9%20%EC%A0%95%EB%B3%B4/%EC%88%98%EB%8F%84%EA%B6%8C%20%EC%A0%84%EC%B2%A0%201%ED%98%B8%EC%84%A0,https://namu.wiki/w/%EC%88%98%EB%8F%84%EA%B6%8C%20%EC%A0%84%EC%B2%A0%20%ED%99%98%EC%8A%B9%20%EC%A0%95%EB%B3%B4/%EC%88%98%EB%8F%84%EA%B6%8C%20%EC%A0%84%EC%B2%A0%201%ED%98%B8%EC%84%A0,,107,107
current_app,도봉산,1호선,도봉,7호선,장암,9-3,,verified_legacy,legacy_app,https://namu.wiki/w/%EC%88%98%EB%8F%84%EA%B6%8C%20%EC%A0%84%EC%B2%A0%20%ED%99%98%EC%8A%B9%20%EC%A0%95%EB%B3%B4/%EC%88%98%EB%8F%84%EA%B6%8C%20%EC%A0%84%EC%B2%A0%201%ED%98%B8%EC%84%A0,https://namu.wiki/w/%EC%88%98%EB%8F%84%EA%B6%8C%20%EC%A0%84%EC%B2%A0%20%ED%99%98%EC%8A%B9%20%EC%A0%95%EB%B3%B4/%EC%88%98%EB%8F%84%EA%B6%8C%20%EC%A0%84%EC%B2%A0%201%ED%98%B8%EC%84%A0,,107,107
current_app,도봉산,1호선,망월사,7호선,수락산,2-2,,verified_legacy,legacy_app,https://namu.wiki/w/%EC%88%98%EB%8F%84%EA%B6%8C%20%EC%A0%84%EC%B2%A0%20%ED%99%98%EC%8A%B9%20%EC%A0%95%EB%B3%B4/%EC%88%98%EB%8F%84%EA%B6%8C%20%EC%A0%84%EC%B2%A0%201%ED%98%B8%EC%84%A0,https://namu.wiki/w/%EC%88%98%EB%8F%84%EA%B6%8C%20%EC%A0%84%EC%B2%A0%20%ED%99%98%EC%8A%B9%20%EC%A0%95%EB%B3%B4/%EC%88%98%EB%8F%84%EA%B6%8C%20%EC%A0%84%EC%B2%A0%201%ED%98%B8%EC%84%A0,,107,107
current_app,도봉산,1호선,망월사,7호선,장암,2-2,,verified_legacy,legacy_app,https://namu.wiki/w/%EC%88%98%EB%8F%84%EA%B6%8C%20%EC%A0%84%EC%B2%A0%20%ED%99%98%EC%8A%B9%20%EC%A0%95%EB%B3%B4/%EC%88%98%EB%8F%84%EA%B6%8C%20%EC%A0%84%EC%B2%A0%201%ED%98%B8%EC%84%A0,https://namu.wiki/w/%EC%88%98%EB%8F%84%EA%B6%8C%20%EC%A0%84%EC%B2%A0%20%ED%99%98%EC%8A%B9%20%EC%A0%95%EB%B3%B4/%EC%88%98%EB%8F%84%EA%B6%8C%20%EC%A0%84%EC%B2%A0%201%ED%98%B8%EC%84%A0,,107,107
current_app,도봉산,7호선,수락산,1호선,도봉,8-4,,verified_legacy,legacy_app,https://namu.wiki/w/%EC%88%98%EB%8F%84%EA%B6%8C%20%EC%A0%84%EC%B2%A0%20%ED%99%98%EC%8A%B9%20%EC%A0%95%EB%B3%B4/%EC%84%9C%EC%9A%B8%20%EC%A7%80%ED%95%98%EC%B2%A0%207%ED%98%B8%EC%84%A0,https://namu.wiki/w/%EC%88%98%EB%8F%84%EA%B6%8C%20%EC%A0%84%EC%B2%A0%20%ED%99%98%EC%8A%B9%20%EC%A0%95%EB%B3%B4/%EC%84%9C%EC%9A%B8%20%EC%A7%80%ED%95%98%EC%B2%A0%207%ED%98%B8%EC%84%A0,,107,107
current_app,도봉산,7호선,수락산,1호선,망월사,8-4,,verified_legacy,legacy_app,https://namu.wiki/w/%EC%88%98%EB%8F%84%EA%B6%8C%20%EC%A0%84%EC%B2%A0%20%ED%99%98%EC%8A%B9%20%EC%A0%95%EB%B3%B4/%EC%84%9C%EC%9A%B8%20%EC%A7%80%ED%95%98%EC%B2%A0%207%ED%98%B8%EC%84%A0,https://namu.wiki/w/%EC%88%98%EB%8F%84%EA%B6%8C%20%EC%A0%84%EC%B2%A0%20%ED%99%98%EC%8A%B9%20%EC%A0%95%EB%B3%B4/%EC%84%9C%EC%9A%B8%20%EC%A7%80%ED%95%98%EC%B2%A0%207%ED%98%B8%EC%84%A0,,107,107
current_app,도봉산,7호선,장암,1호선,도봉,1-1,,verified_legacy,legacy_app,https://namu.wiki/w/%EC%88%98%EB%8F%84%EA%B6%8C%20%EC%A0%84%EC%B2%A0%20%ED%99%98%EC%8A%B9%20%EC%A0%95%EB%B3%B4/%EC%84%9C%EC%9A%B8%20%EC%A7%80%ED%95%98%EC%B2%A0%207%ED%98%B8%EC%84%A0,https://namu.wiki/w/%EC%88%98%EB%8F%84%EA%B6%8C%20%EC%A0%84%EC%B2%A0%20%ED%99%98%EC%8A%B9%20%EC%A0%95%EB%B3%B4/%EC%84%9C%EC%9A%B8%20%EC%A7%80%ED%95%98%EC%B2%A0%207%ED%98%B8%EC%84%A0,,107,107
current_app,도봉산,7호선,장암,1호선,망월사,1-1,,verified_legacy,legacy_app,https://namu.wiki/w/%EC%88%98%EB%8F%84%EA%B6%8C%20%EC%A0%84%EC%B2%A0%20%ED%99%98%EC%8A%B9%20%EC%A0%95%EB%B3%B4/%EC%84%9C%EC%9A%B8%20%EC%A7%80%ED%95%98%EC%B2%A0%207%ED%98%B8%EC%84%A0,https://namu.wiki/w/%EC%88%98%EB%8F%84%EA%B6%8C%20%EC%A0%84%EC%B2%A0%20%ED%99%98%EC%8A%B9%20%EC%A0%95%EB%B3%B4/%EC%84%9C%EC%9A%B8%20%EC%A7%80%ED%95%98%EC%B2%A0%207%ED%98%B8%EC%84%A0,,107,107
current_app,동대문,1호선,신설동,4호선,동대문역사문화공원,9-3,,verified_legacy,legacy_app,https://namu.wiki/w/%EC%88%98%EB%8F%84%EA%B6%8C%20%EC%A0%84%EC%B2%A0%20%ED%99%98%EC%8A%B9%20%EC%A0%95%EB%B3%B4/%EC%88%98%EB%8F%84%EA%B6%8C%20%EC%A0%84%EC%B2%A0%201%ED%98%B8%EC%84%A0,https://namu.wiki/w/%EC%88%98%EB%8F%84%EA%B6%8C%20%EC%A0%84%EC%B2%A0%20%ED%99%98%EC%8A%B9%20%EC%A0%95%EB%B3%B4/%EC%88%98%EB%8F%84%EA%B6%8C%20%EC%A0%84%EC%B2%A0%201%ED%98%B8%EC%84%A0,,263,263
current_app,동대문,1호선,신설동,4호선,혜화,9-3,,verified_legacy,legacy_app,https://namu.wiki/w/%EC%88%98%EB%8F%84%EA%B6%8C%20%EC%A0%84%EC%B2%A0%20%ED%99%98%EC%8A%B9%20%EC%A0%95%EB%B3%B4/%EC%88%98%EB%8F%84%EA%B6%8C%20%EC%A0%84%EC%B2%A0%201%ED%98%B8%EC%84%A0,https://namu.wiki/w/%EC%88%98%EB%8F%84%EA%B6%8C%20%EC%A0%84%EC%B2%A0%20%ED%99%98%EC%8A%B9%20%EC%A0%95%EB%B3%B4/%EC%88%98%EB%8F%84%EA%B6%8C%20%EC%A0%84%EC%B2%A0%201%ED%98%B8%EC%84%A0,,263,263
current_app,동대문,1호선,종로5가,4호선,동대문역사문화공원,1-4,,verified_legacy,legacy_app,https://namu.wiki/w/%EC%88%98%EB%8F%84%EA%B6%8C%20%EC%A0%84%EC%B2%A0%20%ED%99%98%EC%8A%B9%20%EC%A0%95%EB%B3%B4/%EC%88%98%EB%8F%84%EA%B6%8C%20%EC%A0%84%EC%B2%A0%201%ED%98%B8%EC%84%A0,https://namu.wiki/w/%EC%88%98%EB%8F%84%EA%B6%8C%20%EC%A0%84%EC%B2%A0%20%ED%99%98%EC%8A%B9%20%EC%A0%95%EB%B3%B4/%EC%88%98%EB%8F%84%EA%B6%8C%20%EC%A0%84%EC%B2%A0%201%ED%98%B8%EC%84%A0,,263,263
current_app,동대문,1호선,종로5가,4호선,혜화,1-4,,verified_legacy,legacy_app,https://namu.wiki/w/%EC%88%98%EB%8F%84%EA%B6%8C%20%EC%A0%84%EC%B2%A0%20%ED%99%98%EC%8A%B9%20%EC%A0%95%EB%B3%B4/%EC%88%98%EB%8F%84%EA%B6%8C%20%EC%A0%84%EC%B2%A0%201%ED%98%B8%EC%84%A0,https://namu.wiki/w/%EC%88%98%EB%8F%84%EA%B6%8C%20%EC%A0%84%EC%B2%A0%20%ED%99%98%EC%8A%B9%20%EC%A0%95%EB%B3%B4/%EC%88%98%EB%8F%84%EA%B6%8C%20%EC%A0%84%EC%B2%A0%201%ED%98%B8%EC%84%A0,,263,263
current_app,동대문,4호선,동대문역사문화공원,1호선,동묘앞,3-3,,verified_legacy,legacy_app,https://namu.wiki/w/%EC%88%98%EB%8F%84%EA%B6%8C%20%EC%A0%84%EC%B2%A0%20%ED%99%98%EC%8A%B9%20%EC%A0%95%EB%B3%B4/%EC%88%98%EB%8F%84%EA%B6%8C%20%EC%A0%84%EC%B2%A0%204%ED%98%B8%EC%84%A0,https://namu.wiki/w/%EC%88%98%EB%8F%84%EA%B6%8C%20%EC%A0%84%EC%B2%A0%20%ED%99%98%EC%8A%B9%20%EC%A0%95%EB%B3%B4/%EC%88%98%EB%8F%84%EA%B6%8C%20%EC%A0%84%EC%B2%A0%204%ED%98%B8%EC%84%A0,,263,263
current_app,동대문,4호선,동대문역사문화공원,1호선,종로5가,3-3,,verified_legacy,legacy_app,https://namu.wiki/w/%EC%88%98%EB%8F%84%EA%B6%8C%20%EC%A0%84%EC%B2%A0%20%ED%99%98%EC%8A%B9%20%EC%A0%95%EB%B3%B4/%EC%88%98%EB%8F%84%EA%B6%8C%20%EC%A0%84%EC%B2%A0%204%ED%98%B8%EC%84%A0,https://namu.wiki/w/%EC%88%98%EB%8F%84%EA%B6%8C%20%EC%A0%84%EC%B2%A0%20%ED%99%98%EC%8A%B9%20%EC%A0%95%EB%B3%B4/%EC%88%98%EB%8F%84%EA%B6%8C%20%EC%A0%84%EC%B2%A0%204%ED%98%B8%EC%84%A0,,263,263
current_app,동대문,4호선,혜화,1호선,동묘앞,8-1,,verified_legacy,legacy_app,https://namu.wiki/w/%EC%88%98%EB%8F%84%EA%B6%8C%20%EC%A0%84%EC%B2%A0%20%ED%99%98%EC%8A%B9%20%EC%A0%95%EB%B3%B4/%EC%88%98%EB%8F%84%EA%B6%8C%20%EC%A0%84%EC%B2%A0%204%ED%98%B8%EC%84%A0,https://namu.wiki/w/%EC%88%98%EB%8F%84%EA%B6%8C%20%EC%A0%84%EC%B2%A0%20%ED%99%98%EC%8A%B9%20%EC%A0%95%EB%B3%B4/%EC%88%98%EB%8F%84%EA%B6%8C%20%EC%A0%84%EC%B2%A0%204%ED%98%B8%EC%84%A0,,263,263
current_app,동대문,4호선,혜화,1호선,종로5가,8-1,,verified_legacy,legacy_app,https://namu.wiki/w/%EC%88%98%EB%8F%84%EA%B6%8C%20%EC%A0%84%EC%B2%A0%20%ED%99%98%EC%8A%B9%20%EC%A0%95%EB%B3%B4/%EC%88%98%EB%8F%84%EA%B6%8C%20%EC%A0%84%EC%B2%A0%204%ED%98%B8%EC%84%A0,https://namu.wiki/w/%EC%88%98%EB%8F%84%EA%B6%8C%20%EC%A0%84%EC%B2%A0%20%ED%99%98%EC%8A%B9%20%EC%A0%95%EB%B3%B4/%EC%88%98%EB%8F%84%EA%B6%8C%20%EC%A0%84%EC%B2%A0%204%ED%98%B8%EC%84%A0,,263,263
current_app,동대문역사문화공원,2호선,신당,4호선,동대문,9-2,,verified_legacy,legacy_app,https://namu.wiki/w/%EC%88%98%EB%8F%84%EA%B6%8C%20%EC%A0%84%EC%B2%A0%20%ED%99%98%EC%8A%B9%20%EC%A0%95%EB%B3%B4/%EC%84%9C%EC%9A%B8%20%EC%A7%80%ED%95%98%EC%B2%A0%202%ED%98%B8%EC%84%A0,https://namu.wiki/w/%EC%88%98%EB%8F%84%EA%B6%8C%20%EC%A0%84%EC%B2%A0%20%ED%99%98%EC%8A%B9%20%EC%A0%95%EB%B3%B4/%EC%84%9C%EC%9A%B8%20%EC%A7%80%ED%95%98%EC%B2%A0%202%ED%98%B8%EC%84%A0,,140,140
current_app,동대문역사문화공원,2호선,신당,4호선,충무로,9-2,,verified_legacy,legacy_app,https://namu.wiki/w/%EC%88%98%EB%8F%84%EA%B6%8C%20%EC%A0%84%EC%B2%A0%20%ED%99%98%EC%8A%B9%20%EC%A0%95%EB%B3%B4/%EC%84%9C%EC%9A%B8%20%EC%A7%80%ED%95%98%EC%B2%A0%202%ED%98%B8%EC%84%A0,https://namu.wiki/w/%EC%88%98%EB%8F%84%EA%B6%8C%20%EC%A0%84%EC%B2%A0%20%ED%99%98%EC%8A%B9%20%EC%A0%95%EB%B3%B4/%EC%84%9C%EC%9A%B8%20%EC%A7%80%ED%95%98%EC%B2%A0%202%ED%98%B8%EC%84%A0,,140,140
current_app,동대문역사문화공원,2호선,신당,5호선,을지로4가,8-1,,verified_legacy,legacy_app,https://namu.wiki/w/%EC%88%98%EB%8F%84%EA%B6%8C%20%EC%A0%84%EC%B2%A0%20%ED%99%98%EC%8A%B9%20%EC%A0%95%EB%B3%B4/%EC%84%9C%EC%9A%B8%20%EC%A7%80%ED%95%98%EC%B2%A0%202%ED%98%B8%EC%84%A0,https://namu.wiki/w/%EC%88%98%EB%8F%84%EA%B6%8C%20%EC%A0%84%EC%B2%A0%20%ED%99%98%EC%8A%B9%20%EC%A0%95%EB%B3%B4/%EC%84%9C%EC%9A%B8%20%EC%A7%80%ED%95%98%EC%B2%A0%202%ED%98%B8%EC%84%A0,,144,144
current_app,동대문역사문화공원,2호선,신당,5호선,청구,8-1,,verified_legacy,legacy_app,https://namu.wiki/w/%EC%88%98%EB%8F%84%EA%B6%8C%20%EC%A0%84%EC%B2%A0%20%ED%99%98%EC%8A%B9%20%EC%A0%95%EB%B3%B4/%EC%84%9C%EC%9A%B8%20%EC%A7%80%ED%95%98%EC%B2%A0%202%ED%98%B8%EC%84%A0,https://namu.wiki/w/%EC%88%98%EB%8F%84%EA%B6%8C%20%EC%A0%84%EC%B2%A0%20%ED%99%98%EC%8A%B9%20%EC%A0%95%EB%B3%B4/%EC%84%9C%EC%9A%B8%20%EC%A7%80%ED%95%98%EC%B2%A0%202%ED%98%B8%EC%84%A0,,144,144
current_app,동대문역사문화공원,2호선,을지로4가,4호선,동대문,2-4,,verified_legacy,legacy_app,https://namu.wiki/w/%EC%88%98%EB%8F%84%EA%B6%8C%20%EC%A0%84%EC%B2%A0%20%ED%99%98%EC%8A%B9%20%EC%A0%95%EB%B3%B4/%EC%84%9C%EC%9A%B8%20%EC%A7%80%ED%95%98%EC%B2%A0%202%ED%98%B8%EC%84%A0,https://namu.wiki/w/%EC%88%98%EB%8F%84%EA%B6%8C%20%EC%A0%84%EC%B2%A0%20%ED%99%98%EC%8A%B9%20%EC%A0%95%EB%B3%B4/%EC%84%9C%EC%9A%B8%20%EC%A7%80%ED%95%98%EC%B2%A0%202%ED%98%B8%EC%84%A0,,140,140
current_app,동대문역사문화공원,2호선,을지로4가,4호선,충무로,2-4,,verified_legacy,legacy_app,https://namu.wiki/w/%EC%88%98%EB%8F%84%EA%B6%8C%20%EC%A0%84%EC%B2%A0%20%ED%99%98%EC%8A%B9%20%EC%A0%95%EB%B3%B4/%EC%84%9C%EC%9A%B8%20%EC%A7%80%ED%95%98%EC%B2%A0%202%ED%98%B8%EC%84%A0,https://namu.wiki/w/%EC%88%98%EB%8F%84%EA%B6%8C%20%EC%A0%84%EC%B2%A0%20%ED%99%98%EC%8A%B9%20%EC%A0%95%EB%B3%B4/%EC%84%9C%EC%9A%B8%20%EC%A7%80%ED%95%98%EC%B2%A0%202%ED%98%B8%EC%84%A0,,140,140
current_app,동대문역사문화공원,2호선,을지로4가,5호선,을지로4가,3-4,,verified_legacy,legacy_app,https://namu.wiki/w/%EC%88%98%EB%8F%84%EA%B6%8C%20%EC%A0%84%EC%B2%A0%20%ED%99%98%EC%8A%B9%20%EC%A0%95%EB%B3%B4/%EC%84%9C%EC%9A%B8%20%EC%A7%80%ED%95%98%EC%B2%A0%202%ED%98%B8%EC%84%A0,https://namu.wiki/w/%EC%88%98%EB%8F%84%EA%B6%8C%20%EC%A0%84%EC%B2%A0%20%ED%99%98%EC%8A%B9%20%EC%A0%95%EB%B3%B4/%EC%84%9C%EC%9A%B8%20%EC%A7%80%ED%95%98%EC%B2%A0%202%ED%98%B8%EC%84%A0,,144,144
current_app,동대문역사문화공원,2호선,을지로4가,5호선,청구,3-4,,verified_legacy,legacy_app,https://namu.wiki/w/%EC%88%98%EB%8F%84%EA%B6%8C%20%EC%A0%84%EC%B2%A0%20%ED%99%98%EC%8A%B9%20%EC%A0%95%EB%B3%B4/%EC%84%9C%EC%9A%B8%20%EC%A7%80%ED%95%98%EC%B2%A0%202%ED%98%B8%EC%84%A0,https://namu.wiki/w/%EC%88%98%EB%8F%84%EA%B6%8C%20%EC%A0%84%EC%B2%A0%20%ED%99%98%EC%8A%B9%20%EC%A0%95%EB%B3%B4/%EC%84%9C%EC%9A%B8%20%EC%A7%80%ED%95%98%EC%B2%A0%202%ED%98%B8%EC%84%A0,,144,144
current_app,동대문역사문화공원,4호선,동대문,2호선,신당,1-2,,verified_legacy,legacy_app,https://namu.wiki/w/%EC%88%98%EB%8F%84%EA%B6%8C%20%EC%A0%84%EC%B2%A0%20%ED%99%98%EC%8A%B9%20%EC%A0%95%EB%B3%B4/%EC%88%98%EB%8F%84%EA%B6%8C%20%EC%A0%84%EC%B2%A0%204%ED%98%B8%EC%84%A0,https://namu.wiki/w/%EC%88%98%EB%8F%84%EA%B6%8C%20%EC%A0%84%EC%B2%A0%20%ED%99%98%EC%8A%B9%20%EC%A0%95%EB%B3%B4/%EC%88%98%EB%8F%84%EA%B6%8C%20%EC%A0%84%EC%B2%A0%204%ED%98%B8%EC%84%A0,,140,140
current_app,동대문역사문화공원,4호선,동대문,2호선,을지로4가,1-1,,verified_legacy,legacy_app,https://namu.wiki/w/%EC%88%98%EB%8F%84%EA%B6%8C%20%EC%A0%84%EC%B2%A0%20%ED%99%98%EC%8A%B9%20%EC%A0%95%EB%B3%B4/%EC%88%98%EB%8F%84%EA%B6%8C%20%EC%A0%84%EC%B2%A0%204%ED%98%B8%EC%84%A0,https://namu.wiki/w/%EC%88%98%EB%8F%84%EA%B6%8C%20%EC%A0%84%EC%B2%A0%20%ED%99%98%EC%8A%B9%20%EC%A0%95%EB%B3%B4/%EC%88%98%EB%8F%84%EA%B6%8C%20%EC%A0%84%EC%B2%A0%204%ED%98%B8%EC%84%A0,,140,140
current_app,동대문역사문화공원,4호선,동대문,5호선,을지로4가,9-1,,verified_legacy,legacy_app,https://namu.wiki/w/%EC%88%98%EB%8F%84%EA%B6%8C%20%EC%A0%84%EC%B2%A0%20%ED%99%98%EC%8A%B9%20%EC%A0%95%EB%B3%B4/%EC%88%98%EB%8F%84%EA%B6%8C%20%EC%A0%84%EC%B2%A0%204%ED%98%B8%EC%84%A0,https://namu.wiki/w/%EC%88%98%EB%8F%84%EA%B6%8C%20%EC%A0%84%EC%B2%A0%20%ED%99%98%EC%8A%B9%20%EC%A0%95%EB%B3%B4/%EC%88%98%EB%8F%84%EA%B6%8C%20%EC%A0%84%EC%B2%A0%204%ED%98%B8%EC%84%A0,,154,154
current_app,동대문역사문화공원,4호선,동대문,5호선,청구,9-1,,verified_legacy,legacy_app,https://namu.wiki/w/%EC%88%98%EB%8F%84%EA%B6%8C%20%EC%A0%84%EC%B2%A0%20%ED%99%98%EC%8A%B9%20%EC%A0%95%EB%B3%B4/%EC%88%98%EB%8F%84%EA%B6%8C%20%EC%A0%84%EC%B2%A0%204%ED%98%B8%EC%84%A0,https://namu.wiki/w/%EC%88%98%EB%8F%84%EA%B6%8C%20%EC%A0%84%EC%B2%A0%20%ED%99%98%EC%8A%B9%20%EC%A0%95%EB%B3%B4/%EC%88%98%EB%8F%84%EA%B6%8C%20%EC%A0%84%EC%B2%A0%204%ED%98%B8%EC%84%A0,,154,154
current_app,동대문역사문화공원,4호선,충무로,2호선,신당,10-2,,verified_legacy,legacy_app,https://namu.wiki/w/%EC%88%98%EB%8F%84%EA%B6%8C%20%EC%A0%84%EC%B2%A0%20%ED%99%98%EC%8A%B9%20%EC%A0%95%EB%B3%B4/%EC%88%98%EB%8F%84%EA%B6%8C%20%EC%A0%84%EC%B2%A0%204%ED%98%B8%EC%84%A0,https://namu.wiki/w/%EC%88%98%EB%8F%84%EA%B6%8C%20%EC%A0%84%EC%B2%A0%20%ED%99%98%EC%8A%B9%20%EC%A0%95%EB%B3%B4/%EC%88%98%EB%8F%84%EA%B6%8C%20%EC%A0%84%EC%B2%A0%204%ED%98%B8%EC%84%A0,,140,140
current_app,동대문역사문화공원,4호선,충무로,2호선,을지로4가,10-4,,verified_legacy,legacy_app,https://namu.wiki/w/%EC%88%98%EB%8F%84%EA%B6%8C%20%EC%A0%84%EC%B2%A0%20%ED%99%98%EC%8A%B9%20%EC%A0%95%EB%B3%B4/%EC%88%98%EB%8F%84%EA%B6%8C%20%EC%A0%84%EC%B2%A0%204%ED%98%B8%EC%84%A0,https://namu.wiki/w/%EC%88%98%EB%8F%84%EA%B6%8C%20%EC%A0%84%EC%B2%A0%20%ED%99%98%EC%8A%B9%20%EC%A0%95%EB%B3%B4/%EC%88%98%EB%8F%84%EA%B6%8C%20%EC%A0%84%EC%B2%A0%204%ED%98%B8%EC%84%A0,,140,140
current_app,동대문역사문화공원,4호선,충무로,5호선,을지로4가,2-4,,verified_legacy,legacy_app,https://namu.wiki/w/%EC%88%98%EB%8F%84%EA%B6%8C%20%EC%A0%84%EC%B2%A0%20%ED%99%98%EC%8A%B9%20%EC%A0%95%EB%B3%B4/%EC%88%98%EB%8F%84%EA%B6%8C%20%EC%A0%84%EC%B2%A0%204%ED%98%B8%EC%84%A0,https://namu.wiki/w/%EC%88%98%EB%8F%84%EA%B6%8C%20%EC%A0%84%EC%B2%A0%20%ED%99%98%EC%8A%B9%20%EC%A0%95%EB%B3%B4/%EC%88%98%EB%8F%84%EA%B6%8C%20%EC%A0%84%EC%B2%A0%204%ED%98%B8%EC%84%A0,,154,154
current_app,동대문역사문화공원,4호선,충무로,5호선,청구,2-4,,verified_legacy,legacy_app,https://namu.wiki/w/%EC%88%98%EB%8F%84%EA%B6%8C%20%EC%A0%84%EC%B2%A0%20%ED%99%98%EC%8A%B9%20%EC%A0%95%EB%B3%B4/%EC%88%98%EB%8F%84%EA%B6%8C%20%EC%A0%84%EC%B2%A0%204%ED%98%B8%EC%84%A0,https://namu.wiki/w/%EC%88%98%EB%8F%84%EA%B6%8C%20%EC%A0%84%EC%B2%A0%20%ED%99%98%EC%8A%B9%20%EC%A0%95%EB%B3%B4/%EC%88%98%EB%8F%84%EA%B6%8C%20%EC%A0%84%EC%B2%A0%204%ED%98%B8%EC%84%A0,,154,154
current_app,동대문역사문화공원,5호선,을지로4가,2호선,신당,8-4,,verified_legacy,legacy_app,https://namu.wiki/w/%EC%88%98%EB%8F%84%EA%B6%8C%20%EC%A0%84%EC%B2%A0%20%ED%99%98%EC%8A%B9%20%EC%A0%95%EB%B3%B4/%EC%88%98%EB%8F%84%EA%B6%8C%20%EC%A0%84%EC%B2%A0%205%ED%98%B8%EC%84%A0,https://namu.wiki/w/%EC%88%98%EB%8F%84%EA%B6%8C%20%EC%A0%84%EC%B2%A0%20%ED%99%98%EC%8A%B9%20%EC%A0%95%EB%B3%B4/%EC%88%98%EB%8F%84%EA%B6%8C%20%EC%A0%84%EC%B2%A0%205%ED%98%B8%EC%84%A0,,144,144
current_app,동대문역사문화공원,5호선,을지로4가,2호선,을지로4가,8-4,,verified_legacy,legacy_app,https://namu.wiki/w/%EC%88%98%EB%8F%84%EA%B6%8C%20%EC%A0%84%EC%B2%A0%20%ED%99%98%EC%8A%B9%20%EC%A0%95%EB%B3%B4/%EC%88%98%EB%8F%84%EA%B6%8C%20%EC%A0%84%EC%B2%A0%205%ED%98%B8%EC%84%A0,https://namu.wiki/w/%EC%88%98%EB%8F%84%EA%B6%8C%20%EC%A0%84%EC%B2%A0%20%ED%99%98%EC%8A%B9%20%EC%A0%95%EB%B3%B4/%EC%88%98%EB%8F%84%EA%B6%8C%20%EC%A0%84%EC%B2%A0%205%ED%98%B8%EC%84%A0,,144,144
current_app,동대문역사문화공원,5호선,을지로4가,4호선,동대문,8-4,,verified_legacy,legacy_app,https://namu.wiki/w/%EC%88%98%EB%8F%84%EA%B6%8C%20%EC%A0%84%EC%B2%A0%20%ED%99%98%EC%8A%B9%20%EC%A0%95%EB%B3%B4/%EC%88%98%EB%8F%84%EA%B6%8C%20%EC%A0%84%EC%B2%A0%205%ED%98%B8%EC%84%A0,https://namu.wiki/w/%EC%88%98%EB%8F%84%EA%B6%8C%20%EC%A0%84%EC%B2%A0%20%ED%99%98%EC%8A%B9%20%EC%A0%95%EB%B3%B4/%EC%88%98%EB%8F%84%EA%B6%8C%20%EC%A0%84%EC%B2%A0%205%ED%98%B8%EC%84%A0,,154,154
current_app,동대문역사문화공원,5호선,을지로4가,4호선,충무로,8-4,,verified_legacy,legacy_app,https://namu.wiki/w/%EC%88%98%EB%8F%84%EA%B6%8C%20%EC%A0%84%EC%B2%A0%20%ED%99%98%EC%8A%B9%20%EC%A0%95%EB%B3%B4/%EC%88%98%EB%8F%84%EA%B6%8C%20%EC%A0%84%EC%B2%A0%205%ED%98%B8%EC%84%A0,https://namu.wiki/w/%EC%88%98%EB%8F%84%EA%B6%8C%20%EC%A0%84%EC%B2%A0%20%ED%99%98%EC%8A%B9%20%EC%A0%95%EB%B3%B4/%EC%88%98%EB%8F%84%EA%B6%8C%20%EC%A0%84%EC%B2%A0%205%ED%98%B8%EC%84%A0,,154,154
current_app,동대문역사문화공원,5호선,청구,2호선,신당,1-1,,verified_legacy,legacy_app,https://namu.wiki/w/%EC%88%98%EB%8F%84%EA%B6%8C%20%EC%A0%84%EC%B2%A0%20%ED%99%98%EC%8A%B9%20%EC%A0%95%EB%B3%B4/%EC%88%98%EB%8F%84%EA%B6%8C%20%EC%A0%84%EC%B2%A0%205%ED%98%B8%EC%84%A0,https://namu.wiki/w/%EC%88%98%EB%8F%84%EA%B6%8C%20%EC%A0%84%EC%B2%A0%20%ED%99%98%EC%8A%B9%20%EC%A0%95%EB%B3%B4/%EC%88%98%EB%8F%84%EA%B6%8C%20%EC%A0%84%EC%B2%A0%205%ED%98%B8%EC%84%A0,,144,144
current_app,동대문역사문화공원,5호선,청구,2호선,을지로4가,1-1,,verified_legacy,legacy_app,https://namu.wiki/w/%EC%88%98%EB%8F%84%EA%B6%8C%20%EC%A0%84%EC%B2%A0%20%ED%99%98%EC%8A%B9%20%EC%A0%95%EB%B3%B4/%EC%88%98%EB%8F%84%EA%B6%8C%20%EC%A0%84%EC%B2%A0%205%ED%98%B8%EC%84%A0,https://namu.wiki/w/%EC%88%98%EB%8F%84%EA%B6%8C%20%EC%A0%84%EC%B2%A0%20%ED%99%98%EC%8A%B9%20%EC%A0%95%EB%B3%B4/%EC%88%98%EB%8F%84%EA%B6%8C%20%EC%A0%84%EC%B2%A0%205%ED%98%B8%EC%84%A0,,144,144
current_app,동대문역사문화공원,5호선,청구,4호선,동대문,1-1,,verified_legacy,legacy_app,https://namu.wiki/w/%EC%88%98%EB%8F%84%EA%B6%8C%20%EC%A0%84%EC%B2%A0%20%ED%99%98%EC%8A%B9%20%EC%A0%95%EB%B3%B4/%EC%88%98%EB%8F%84%EA%B6%8C%20%EC%A0%84%EC%B2%A0%205%ED%98%B8%EC%84%A0,https://namu.wiki/w/%EC%88%98%EB%8F%84%EA%B6%8C%20%EC%A0%84%EC%B2%A0%20%ED%99%98%EC%8A%B9%20%EC%A0%95%EB%B3%B4/%EC%88%98%EB%8F%84%EA%B6%8C%20%EC%A0%84%EC%B2%A0%205%ED%98%B8%EC%84%A0,,154,154
current_app,동대문역사문화공원,5호선,청구,4호선,충무로,1-1,,verified_legacy,legacy_app,https://namu.wiki/w/%EC%88%98%EB%8F%84%EA%B6%8C%20%EC%A0%84%EC%B2%A0%20%ED%99%98%EC%8A%B9%20%EC%A0%95%EB%B3%B4/%EC%88%98%EB%8F%84%EA%B6%8C%20%EC%A0%84%EC%B2%A0%205%ED%98%B8%EC%84%A0,https://namu.wiki/w/%EC%88%98%EB%8F%84%EA%B6%8C%20%EC%A0%84%EC%B2%A0%20%ED%99%98%EC%8A%B9%20%EC%A0%95%EB%B3%B4/%EC%88%98%EB%8F%84%EA%B6%8C%20%EC%A0%84%EC%B2%A0%205%ED%98%B8%EC%84%A0,,154,154
current_app,동묘앞,1호선,동대문,6호선,신당,7-1,,verified_legacy,legacy_app,https://namu.wiki/w/%EC%88%98%EB%8F%84%EA%B6%8C%20%EC%A0%84%EC%B2%A0%20%ED%99%98%EC%8A%B9%20%EC%A0%95%EB%B3%B4/%EC%88%98%EB%8F%84%EA%B6%8C%20%EC%A0%84%EC%B2%A0%201%ED%98%B8%EC%84%A0,https://namu.wiki/w/%EC%88%98%EB%8F%84%EA%B6%8C%20%EC%A0%84%EC%B2%A0%20%ED%99%98%EC%8A%B9%20%EC%A0%95%EB%B3%B4/%EC%88%98%EB%8F%84%EA%B6%8C%20%EC%A0%84%EC%B2%A0%201%ED%98%B8%EC%84%A0,,180,180
current_app,동묘앞,1호선,동대문,6호선,창신,7-1,,verified_legacy,legacy_app,https://namu.wiki/w/%EC%88%98%EB%8F%84%EA%B6%8C%20%EC%A0%84%EC%B2%A0%20%ED%99%98%EC%8A%B9%20%EC%A0%95%EB%B3%B4/%EC%88%98%EB%8F%84%EA%B6%8C%20%EC%A0%84%EC%B2%A0%201%ED%98%B8%EC%84%A0,https://namu.wiki/w/%EC%88%98%EB%8F%84%EA%B6%8C%20%EC%A0%84%EC%B2%A0%20%ED%99%98%EC%8A%B9%20%EC%A0%95%EB%B3%B4/%EC%88%98%EB%8F%84%EA%B6%8C%20%EC%A0%84%EC%B2%A0%201%ED%98%B8%EC%84%A0,,180,180
current_app,동묘앞,1호선,신설동,6호선,신당,9-2,,verified_legacy,legacy_app,https://namu.wiki/w/%EC%88%98%EB%8F%84%EA%B6%8C%20%EC%A0%84%EC%B2%A0%20%ED%99%98%EC%8A%B9%20%EC%A0%95%EB%B3%B4/%EC%88%98%EB%8F%84%EA%B6%8C%20%EC%A0%84%EC%B2%A0%201%ED%98%B8%EC%84%A0,https://namu.wiki/w/%EC%88%98%EB%8F%84%EA%B6%8C%20%EC%A0%84%EC%B2%A0%20%ED%99%98%EC%8A%B9%20%EC%A0%95%EB%B3%B4/%EC%88%98%EB%8F%84%EA%B6%8C%20%EC%A0%84%EC%B2%A0%201%ED%98%B8%EC%84%A0,,180,180
current_app,동묘앞,1호선,신설동,6호선,창신,9-2,,verified_legacy,legacy_app,https://namu.wiki/w/%EC%88%98%EB%8F%84%EA%B6%8C%20%EC%A0%84%EC%B2%A0%20%ED%99%98%EC%8A%B9%20%EC%A0%95%EB%B3%B4/%EC%88%98%EB%8F%84%EA%B6%8C%20%EC%A0%84%EC%B2%A0%201%ED%98%B8%EC%84%A0,https://namu.wiki/w/%EC%88%98%EB%8F%84%EA%B6%8C%20%EC%A0%84%EC%B2%A0%20%ED%99%98%EC%8A%B9%20%EC%A0%95%EB%B3%B4/%EC%88%98%EB%8F%84%EA%B6%8C%20%EC%A0%84%EC%B2%A0%201%ED%98%B8%EC%84%A0,,180,180
current_app,동묘앞,6호선,신당,1호선,동대문,7-3,,verified_legacy,legacy_app,https://namu.wiki/w/%EC%88%98%EB%8F%84%EA%B6%8C%20%EC%A0%84%EC%B2%A0%20%ED%99%98%EC%8A%B9%20%EC%A0%95%EB%B3%B4/%EC%84%9C%EC%9A%B8%20%EC%A7%80%ED%95%98%EC%B2%A0%206%ED%98%B8%EC%84%A0,https://namu.wiki/w/%EC%88%98%EB%8F%84%EA%B6%8C%20%EC%A0%84%EC%B2%A0%20%ED%99%98%EC%8A%B9%20%EC%A0%95%EB%B3%B4/%EC%84%9C%EC%9A%B8%20%EC%A7%80%ED%95%98%EC%B2%A0%206%ED%98%B8%EC%84%A0,,180,180
current_app,동묘앞,6호선,신당,1호선,신설동,7-3,,verified_legacy,legacy_app,https://namu.wiki/w/%EC%88%98%EB%8F%84%EA%B6%8C%20%EC%A0%84%EC%B2%A0%20%ED%99%98%EC%8A%B9%20%EC%A0%95%EB%B3%B4/%EC%84%9C%EC%9A%B8%20%EC%A7%80%ED%95%98%EC%B2%A0%206%ED%98%B8%EC%84%A0,https://namu.wiki/w/%EC%88%98%EB%8F%84%EA%B6%8C%20%EC%A0%84%EC%B2%A0%20%ED%99%98%EC%8A%B9%20%EC%A0%95%EB%B3%B4/%EC%84%9C%EC%9A%B8%20%EC%A7%80%ED%95%98%EC%B2%A0%206%ED%98%B8%EC%84%A0,,180,180
current_app,동묘앞,6호선,창신,1호선,동대문,2-2,,verified_legacy,legacy_app,https://namu.wiki/w/%EC%88%98%EB%8F%84%EA%B6%8C%20%EC%A0%84%EC%B2%A0%20%ED%99%98%EC%8A%B9%20%EC%A0%95%EB%B3%B4/%EC%84%9C%EC%9A%B8%20%EC%A7%80%ED%95%98%EC%B2%A0%206%ED%98%B8%EC%84%A0,https://namu.wiki/w/%EC%88%98%EB%8F%84%EA%B6%8C%20%EC%A0%84%EC%B2%A0%20%ED%99%98%EC%8A%B9%20%EC%A0%95%EB%B3%B4/%EC%84%9C%EC%9A%B8%20%EC%A7%80%ED%95%98%EC%B2%A0%206%ED%98%B8%EC%84%A0,,180,180
current_app,동묘앞,6호선,창신,1호선,신설동,2-2,,verified_legacy,legacy_app,https://namu.wiki/w/%EC%88%98%EB%8F%84%EA%B6%8C%20%EC%A0%84%EC%B2%A0%20%ED%99%98%EC%8A%B9%20%EC%A0%95%EB%B3%B4/%EC%84%9C%EC%9A%B8%20%EC%A7%80%ED%95%98%EC%B2%A0%206%ED%98%B8%EC%84%A0,https://namu.wiki/w/%EC%88%98%EB%8F%84%EA%B6%8C%20%EC%A0%84%EC%B2%A0%20%ED%99%98%EC%8A%B9%20%EC%A0%95%EB%B3%B4/%EC%84%9C%EC%9A%B8%20%EC%A7%80%ED%95%98%EC%B2%A0%206%ED%98%B8%EC%84%A0,,180,180
current_app,동작,4호선,이촌,9호선,구반포,6-3,,verified_legacy,legacy_app,https://namu.wiki/w/%EC%88%98%EB%8F%84%EA%B6%8C%20%EC%A0%84%EC%B2%A0%20%ED%99%98%EC%8A%B9%20%EC%A0%95%EB%B3%B4/%EC%88%98%EB%8F%84%EA%B6%8C%20%EC%A0%84%EC%B2%A0%204%ED%98%B8%EC%84%A0,https://namu.wiki/w/%EC%88%98%EB%8F%84%EA%B6%8C%20%EC%A0%84%EC%B2%A0%20%ED%99%98%EC%8A%B9%20%EC%A0%95%EB%B3%B4/%EC%88%98%EB%8F%84%EA%B6%8C%20%EC%A0%84%EC%B2%A0%204%ED%98%B8%EC%84%A0,,600,600
current_app,동작,4호선,이촌,9호선,흑석,6-3,,verified_legacy,legacy_app,https://namu.wiki/w/%EC%88%98%EB%8F%84%EA%B6%8C%20%EC%A0%84%EC%B2%A0%20%ED%99%98%EC%8A%B9%20%EC%A0%95%EB%B3%B4/%EC%88%98%EB%8F%84%EA%B6%8C%20%EC%A0%84%EC%B2%A0%204%ED%98%B8%EC%84%A0,https://namu.wiki/w/%EC%88%98%EB%8F%84%EA%B6%8C%20%EC%A0%84%EC%B2%A0%20%ED%99%98%EC%8A%B9%20%EC%A0%95%EB%B3%B4/%EC%88%98%EB%8F%84%EA%B6%8C%20%EC%A0%84%EC%B2%A0%204%ED%98%B8%EC%84%A0,,600,600
current_app,동작,4호선,총신대입구,9호선,구반포,5-3,,verified_legacy,legacy_app,https://namu.wiki/w/%EC%88%98%EB%8F%84%EA%B6%8C%20%EC%A0%84%EC%B2%A0%20%ED%99%98%EC%8A%B9%20%EC%A0%95%EB%B3%B4/%EC%88%98%EB%8F%84%EA%B6%8C%20%EC%A0%84%EC%B2%A0%204%ED%98%B8%EC%84%A0,https://namu.wiki/w/%EC%88%98%EB%8F%84%EA%B6%8C%20%EC%A0%84%EC%B2%A0%20%ED%99%98%EC%8A%B9%20%EC%A0%95%EB%B3%B4/%EC%88%98%EB%8F%84%EA%B6%8C%20%EC%A0%84%EC%B2%A0%204%ED%98%B8%EC%84%A0,,600,600
current_app,동작,4호선,총신대입구,9호선,흑석,5-3,,verified_legacy,legacy_app,https://namu.wiki/w/%EC%88%98%EB%8F%84%EA%B6%8C%20%EC%A0%84%EC%B2%A0%20%ED%99%98%EC%8A%B9%20%EC%A0%95%EB%B3%B4/%EC%88%98%EB%8F%84%EA%B6%8C%20%EC%A0%84%EC%B2%A0%204%ED%98%B8%EC%84%A0,https://namu.wiki/w/%EC%88%98%EB%8F%84%EA%B6%8C%20%EC%A0%84%EC%B2%A0%20%ED%99%98%EC%8A%B9%20%EC%A0%95%EB%B3%B4/%EC%88%98%EB%8F%84%EA%B6%8C%20%EC%A0%84%EC%B2%A0%204%ED%98%B8%EC%84%A0,,600,600
current_app,동작,9호선,구반포,4호선,이촌,1-1,,verified_legacy,legacy_app,https://namu.wiki/w/%EC%88%98%EB%8F%84%EA%B6%8C%20%EC%A0%84%EC%B2%A0%20%ED%99%98%EC%8A%B9%20%EC%A0%95%EB%B3%B4/%EC%84%9C%EC%9A%B8%20%EC%A7%80%ED%95%98%EC%B2%A0%209%ED%98%B8%EC%84%A0,https://namu.wiki/w/%EC%88%98%EB%8F%84%EA%B6%8C%20%EC%A0%84%EC%B2%A0%20%ED%99%98%EC%8A%B9%20%EC%A0%95%EB%B3%B4/%EC%84%9C%EC%9A%B8%20%EC%A7%80%ED%95%98%EC%B2%A0%209%ED%98%B8%EC%84%A0,,600,600
current_app,동작,9호선,구반포,4호선,총신대입구,1-1,,verified_legacy,legacy_app,https://namu.wiki/w/%EC%88%98%EB%8F%84%EA%B6%8C%20%EC%A0%84%EC%B2%A0%20%ED%99%98%EC%8A%B9%20%EC%A0%95%EB%B3%B4/%EC%84%9C%EC%9A%B8%20%EC%A7%80%ED%95%98%EC%B2%A0%209%ED%98%B8%EC%84%A0,https://namu.wiki/w/%EC%88%98%EB%8F%84%EA%B6%8C%20%EC%A0%84%EC%B2%A0%20%ED%99%98%EC%8A%B9%20%EC%A0%95%EB%B3%B4/%EC%84%9C%EC%9A%B8%20%EC%A7%80%ED%95%98%EC%B2%A0%209%ED%98%B8%EC%84%A0,,600,600
current_app,동작,9호선,흑석,4호선,이촌,4-4,,verified_legacy,legacy_app,https://namu.wiki/w/%EC%88%98%EB%8F%84%EA%B6%8C%20%EC%A0%84%EC%B2%A0%20%ED%99%98%EC%8A%B9%20%EC%A0%95%EB%B3%B4/%EC%84%9C%EC%9A%B8%20%EC%A7%80%ED%95%98%EC%B2%A0%209%ED%98%B8%EC%84%A0,https://namu.wiki/w/%EC%88%98%EB%8F%84%EA%B6%8C%20%EC%A0%84%EC%B2%A0%20%ED%99%98%EC%8A%B9%20%EC%A0%95%EB%B3%B4/%EC%84%9C%EC%9A%B8%20%EC%A7%80%ED%95%98%EC%B2%A0%209%ED%98%B8%EC%84%A0,,600,600
current_app,동작,9호선,흑석,4호선,총신대입구,4-4,,verified_legacy,legacy_app,https://namu.wiki/w/%EC%88%98%EB%8F%84%EA%B6%8C%20%EC%A0%84%EC%B2%A0%20%ED%99%98%EC%8A%B9%20%EC%A0%95%EB%B3%B4/%EC%84%9C%EC%9A%B8%20%EC%A7%80%ED%95%98%EC%B2%A0%209%ED%98%B8%EC%84%A0,https://namu.wiki/w/%EC%88%98%EB%8F%84%EA%B6%8C%20%EC%A0%84%EC%B2%A0%20%ED%99%98%EC%8A%B9%20%EC%A0%95%EB%B3%B4/%EC%84%9C%EC%9A%B8%20%EC%A7%80%ED%95%98%EC%B2%A0%209%ED%98%B8%EC%84%A0,,600,600
current_app,디지털미디어시티,6호선,월드컵경기장,경의중앙선,가좌,7-3,,verified_legacy,legacy_app,https://namu.wiki/w/%EC%88%98%EB%8F%84%EA%B6%8C%20%EC%A0%84%EC%B2%A0%20%ED%99%98%EC%8A%B9%20%EC%A0%95%EB%B3%B4/%EC%84%9C%EC%9A%B8%20%EC%A7%80%ED%95%98%EC%B2%A0%206%ED%98%B8%EC%84%A0,https://namu.wiki/w/%EC%88%98%EB%8F%84%EA%B6%8C%20%EC%A0%84%EC%B2%A0%20%ED%99%98%EC%8A%B9%20%EC%A0%95%EB%B3%B4/%EC%84%9C%EC%9A%B8%20%EC%A7%80%ED%95%98%EC%B2%A0%206%ED%98%B8%EC%84%A0,,600,600
current_app,디지털미디어시티,6호선,월드컵경기장,경의중앙선,수색,7-3,,verified_legacy,legacy_app,https://namu.wiki/w/%EC%88%98%EB%8F%84%EA%B6%8C%20%EC%A0%84%EC%B2%A0%20%ED%99%98%EC%8A%B9%20%EC%A0%95%EB%B3%B4/%EC%84%9C%EC%9A%B8%20%EC%A7%80%ED%95%98%EC%B2%A0%206%ED%98%B8%EC%84%A0,https://namu.wiki/w/%EC%88%98%EB%8F%84%EA%B6%8C%20%EC%A0%84%EC%B2%A0%20%ED%99%98%EC%8A%B9%20%EC%A0%95%EB%B3%B4/%EC%84%9C%EC%9A%B8%20%EC%A7%80%ED%95%98%EC%B2%A0%206%ED%98%B8%EC%84%A0,,600,600
current_app,디지털미디어시티,6호선,월드컵경기장,공항철도,마곡나루,1-1,,verified_legacy,legacy_app,https://namu.wiki/w/%EC%88%98%EB%8F%84%EA%B6%8C%20%EC%A0%84%EC%B2%A0%20%ED%99%98%EC%8A%B9%20%EC%A0%95%EB%B3%B4/%EC%84%9C%EC%9A%B8%20%EC%A7%80%ED%95%98%EC%B2%A0%206%ED%98%B8%EC%84%A0,https://namu.wiki/w/%EC%88%98%EB%8F%84%EA%B6%8C%20%EC%A0%84%EC%B2%A0%20%ED%99%98%EC%8A%B9%20%EC%A0%95%EB%B3%B4/%EC%84%9C%EC%9A%B8%20%EC%A7%80%ED%95%98%EC%B2%A0%206%ED%98%B8%EC%84%A0,,600,600
current_app,디지털미디어시티,6호선,월드컵경기장,공항철도,홍대입구,1-1,,verified_legacy,legacy_app,https://namu.wiki/w/%EC%88%98%EB%8F%84%EA%B6%8C%20%EC%A0%84%EC%B2%A0%20%ED%99%98%EC%8A%B9%20%EC%A0%95%EB%B3%B4/%EC%84%9C%EC%9A%B8%20%EC%A7%80%ED%95%98%EC%B2%A0%206%ED%98%B8%EC%84%A0,https://namu.wiki/w/%EC%88%98%EB%8F%84%EA%B6%8C%20%EC%A0%84%EC%B2%A0%20%ED%99%98%EC%8A%B9%20%EC%A0%95%EB%B3%B4/%EC%84%9C%EC%9A%B8%20%EC%A7%80%ED%95%98%EC%B2%A0%206%ED%98%B8%EC%84%A0,,600,600
current_app,디지털미디어시티,6호선,증산,경의중앙선,가좌,2-2,,verified_legacy,legacy_app,https://namu.wiki/w/%EC%88%98%EB%8F%84%EA%B6%8C%20%EC%A0%84%EC%B2%A0%20%ED%99%98%EC%8A%B9%20%EC%A0%95%EB%B3%B4/%EC%84%9C%EC%9A%B8%20%EC%A7%80%ED%95%98%EC%B2%A0%206%ED%98%B8%EC%84%A0,https://namu.wiki/w/%EC%88%98%EB%8F%84%EA%B6%8C%20%EC%A0%84%EC%B2%A0%20%ED%99%98%EC%8A%B9%20%EC%A0%95%EB%B3%B4/%EC%84%9C%EC%9A%B8%20%EC%A7%80%ED%95%98%EC%B2%A0%206%ED%98%B8%EC%84%A0,,600,600
current_app,디지털미디어시티,6호선,증산,경의중앙선,수색,2-2,,verified_legacy,legacy_app,https://namu.wiki/w/%EC%88%98%EB%8F%84%EA%B6%8C%20%EC%A0%84%EC%B2%A0%20%ED%99%98%EC%8A%B9%20%EC%A0%95%EB%B3%B4/%EC%84%9C%EC%9A%B8%20%EC%A7%80%ED%95%98%EC%B2%A0%206%ED%98%B8%EC%84%A0,https://namu.wiki/w/%EC%88%98%EB%8F%84%EA%B6%8C%20%EC%A0%84%EC%B2%A0%20%ED%99%98%EC%8A%B9%20%EC%A0%95%EB%B3%B4/%EC%84%9C%EC%9A%B8%20%EC%A7%80%ED%95%98%EC%B2%A0%206%ED%98%B8%EC%84%A0,,600,600
current_app,디지털미디어시티,6호선,증산,공항철도,마곡나루,8-4,,verified_legacy,legacy_app,https://namu.wiki/w/%EC%88%98%EB%8F%84%EA%B6%8C%20%EC%A0%84%EC%B2%A0%20%ED%99%98%EC%8A%B9%20%EC%A0%95%EB%B3%B4/%EC%84%9C%EC%9A%B8%20%EC%A7%80%ED%95%98%EC%B2%A0%206%ED%98%B8%EC%84%A0,https://namu.wiki/w/%EC%88%98%EB%8F%84%EA%B6%8C%20%EC%A0%84%EC%B2%A0%20%ED%99%98%EC%8A%B9%20%EC%A0%95%EB%B3%B4/%EC%84%9C%EC%9A%B8%20%EC%A7%80%ED%95%98%EC%B2%A0%206%ED%98%B8%EC%84%A0,,600,600
current_app,디지털미디어시티,6호선,증산,공항철도,홍대입구,8-4,,verified_legacy,legacy_app,https://namu.wiki/w/%EC%88%98%EB%8F%84%EA%B6%8C%20%EC%A0%84%EC%B2%A0%20%ED%99%98%EC%8A%B9%20%EC%A0%95%EB%B3%B4/%EC%84%9C%EC%9A%B8%20%EC%A7%80%ED%95%98%EC%B2%A0%206%ED%98%B8%EC%84%A0,https://namu.wiki/w/%EC%88%98%EB%8F%84%EA%B6%8C%20%EC%A0%84%EC%B2%A0%20%ED%99%98%EC%8A%B9%20%EC%A0%95%EB%B3%B4/%EC%84%9C%EC%9A%B8%20%EC%A7%80%ED%95%98%EC%B2%A0%206%ED%98%B8%EC%84%A0,,600,600
current_app,디지털미디어시티,경의중앙선,가좌,6호선,월드컵경기장,1-1,,verified_legacy,legacy_app,https://namu.wiki/w/%EC%88%98%EB%8F%84%EA%B6%8C%20%EC%A0%84%EC%B2%A0%20%ED%99%98%EC%8A%B9%20%EC%A0%95%EB%B3%B4/%EC%88%98%EB%8F%84%EA%B6%8C%20%EC%A0%84%EC%B2%A0%20%EA%B2%BD%EC%9D%98%C2%B7%EC%A4%91%EC%95%99%EC%84%A0,https://namu.wiki/w/%EC%88%98%EB%8F%84%EA%B6%8C%20%EC%A0%84%EC%B2%A0%20%ED%99%98%EC%8A%B9%20%EC%A0%95%EB%B3%B4/%EC%88%98%EB%8F%84%EA%B6%8C%20%EC%A0%84%EC%B2%A0%20%EA%B2%BD%EC%9D%98%C2%B7%EC%A4%91%EC%95%99%EC%84%A0,,600,600
current_app,디지털미디어시티,경의중앙선,가좌,6호선,증산,1-1,,verified_legacy,legacy_app,https://namu.wiki/w/%EC%88%98%EB%8F%84%EA%B6%8C%20%EC%A0%84%EC%B2%A0%20%ED%99%98%EC%8A%B9%20%EC%A0%95%EB%B3%B4/%EC%88%98%EB%8F%84%EA%B6%8C%20%EC%A0%84%EC%B2%A0%20%EA%B2%BD%EC%9D%98%C2%B7%EC%A4%91%EC%95%99%EC%84%A0,https://namu.wiki/w/%EC%88%98%EB%8F%84%EA%B6%8C%20%EC%A0%84%EC%B2%A0%20%ED%99%98%EC%8A%B9%20%EC%A0%95%EB%B3%B4/%EC%88%98%EB%8F%84%EA%B6%8C%20%EC%A0%84%EC%B2%A0%20%EA%B2%BD%EC%9D%98%C2%B7%EC%A4%91%EC%95%99%EC%84%A0,,600,600
current_app,디지털미디어시티,경의중앙선,가좌,공항철도,마곡나루,1-1,,verified_legacy,legacy_app,https://namu.wiki/w/%EC%88%98%EB%8F%84%EA%B6%8C%20%EC%A0%84%EC%B2%A0%20%ED%99%98%EC%8A%B9%20%EC%A0%95%EB%B3%B4/%EC%88%98%EB%8F%84%EA%B6%8C%20%EC%A0%84%EC%B2%A0%20%EA%B2%BD%EC%9D%98%C2%B7%EC%A4%91%EC%95%99%EC%84%A0,https://namu.wiki/w/%EC%88%98%EB%8F%84%EA%B6%8C%20%EC%A0%84%EC%B2%A0%20%ED%99%98%EC%8A%B9%20%EC%A0%95%EB%B3%B4/%EC%88%98%EB%8F%84%EA%B6%8C%20%EC%A0%84%EC%B2%A0%20%EA%B2%BD%EC%9D%98%C2%B7%EC%A4%91%EC%95%99%EC%84%A0,,600,600
current_app,디지털미디어시티,경의중앙선,가좌,공항철도,홍대입구,1-1,,verified_legacy,legacy_app,https://namu.wiki/w/%EC%88%98%EB%8F%84%EA%B6%8C%20%EC%A0%84%EC%B2%A0%20%ED%99%98%EC%8A%B9%20%EC%A0%95%EB%B3%B4/%EC%88%98%EB%8F%84%EA%B6%8C%20%EC%A0%84%EC%B2%A0%20%EA%B2%BD%EC%9D%98%C2%B7%EC%A4%91%EC%95%99%EC%84%A0,https://namu.wiki/w/%EC%88%98%EB%8F%84%EA%B6%8C%20%EC%A0%84%EC%B2%A0%20%ED%99%98%EC%8A%B9%20%EC%A0%95%EB%B3%B4/%EC%88%98%EB%8F%84%EA%B6%8C%20%EC%A0%84%EC%B2%A0%20%EA%B2%BD%EC%9D%98%C2%B7%EC%A4%91%EC%95%99%EC%84%A0,,600,600
current_app,디지털미디어시티,경의중앙선,수색,6호선,월드컵경기장,8-4,,verified_legacy,legacy_app,https://namu.wiki/w/%EC%88%98%EB%8F%84%EA%B6%8C%20%EC%A0%84%EC%B2%A0%20%ED%99%98%EC%8A%B9%20%EC%A0%95%EB%B3%B4/%EC%88%98%EB%8F%84%EA%B6%8C%20%EC%A0%84%EC%B2%A0%20%EA%B2%BD%EC%9D%98%C2%B7%EC%A4%91%EC%95%99%EC%84%A0,https://namu.wiki/w/%EC%88%98%EB%8F%84%EA%B6%8C%20%EC%A0%84%EC%B2%A0%20%ED%99%98%EC%8A%B9%20%EC%A0%95%EB%B3%B4/%EC%88%98%EB%8F%84%EA%B6%8C%20%EC%A0%84%EC%B2%A0%20%EA%B2%BD%EC%9D%98%C2%B7%EC%A4%91%EC%95%99%EC%84%A0,,600,600
current_app,디지털미디어시티,경의중앙선,수색,6호선,증산,8-4,,verified_legacy,legacy_app,https://namu.wiki/w/%EC%88%98%EB%8F%84%EA%B6%8C%20%EC%A0%84%EC%B2%A0%20%ED%99%98%EC%8A%B9%20%EC%A0%95%EB%B3%B4/%EC%88%98%EB%8F%84%EA%B6%8C%20%EC%A0%84%EC%B2%A0%20%EA%B2%BD%EC%9D%98%C2%B7%EC%A4%91%EC%95%99%EC%84%A0,https://namu.wiki/w/%EC%88%98%EB%8F%84%EA%B6%8C%20%EC%A0%84%EC%B2%A0%20%ED%99%98%EC%8A%B9%20%EC%A0%95%EB%B3%B4/%EC%88%98%EB%8F%84%EA%B6%8C%20%EC%A0%84%EC%B2%A0%20%EA%B2%BD%EC%9D%98%C2%B7%EC%A4%91%EC%95%99%EC%84%A0,,600,600
current_app,디지털미디어시티,경의중앙선,수색,공항철도,마곡나루,8-4,,verified_legacy,legacy_app,https://namu.wiki/w/%EC%88%98%EB%8F%84%EA%B6%8C%20%EC%A0%84%EC%B2%A0%20%ED%99%98%EC%8A%B9%20%EC%A0%95%EB%B3%B4/%EC%88%98%EB%8F%84%EA%B6%8C%20%EC%A0%84%EC%B2%A0%20%EA%B2%BD%EC%9D%98%C2%B7%EC%A4%91%EC%95%99%EC%84%A0,https://namu.wiki/w/%EC%88%98%EB%8F%84%EA%B6%8C%20%EC%A0%84%EC%B2%A0%20%ED%99%98%EC%8A%B9%20%EC%A0%95%EB%B3%B4/%EC%88%98%EB%8F%84%EA%B6%8C%20%EC%A0%84%EC%B2%A0%20%EA%B2%BD%EC%9D%98%C2%B7%EC%A4%91%EC%95%99%EC%84%A0,,600,600
current_app,디지털미디어시티,경의중앙선,수색,공항철도,홍대입구,8-4,,verified_legacy,legacy_app,https://namu.wiki/w/%EC%88%98%EB%8F%84%EA%B6%8C%20%EC%A0%84%EC%B2%A0%20%ED%99%98%EC%8A%B9%20%EC%A0%95%EB%B3%B4/%EC%88%98%EB%8F%84%EA%B6%8C%20%EC%A0%84%EC%B2%A0%20%EA%B2%BD%EC%9D%98%C2%B7%EC%A4%91%EC%95%99%EC%84%A0,https://namu.wiki/w/%EC%88%98%EB%8F%84%EA%B6%8C%20%EC%A0%84%EC%B2%A0%20%ED%99%98%EC%8A%B9%20%EC%A0%95%EB%B3%B4/%EC%88%98%EB%8F%84%EA%B6%8C%20%EC%A0%84%EC%B2%A0%20%EA%B2%BD%EC%9D%98%C2%B7%EC%A4%91%EC%95%99%EC%84%A0,,600,600
current_app,디지털미디어시티,공항철도,마곡나루,6호선,월드컵경기장,6-4,,verified_legacy,legacy_app,https://namu.wiki/w/%EC%88%98%EB%8F%84%EA%B6%8C%20%EC%A0%84%EC%B2%A0%20%ED%99%98%EC%8A%B9%20%EC%A0%95%EB%B3%B4,https://namu.wiki/w/%EC%88%98%EB%8F%84%EA%B6%8C%20%EC%A0%84%EC%B2%A0%20%ED%99%98%EC%8A%B9%20%EC%A0%95%EB%B3%B4,,600,600
current_app,디지털미디어시티,공항철도,마곡나루,6호선,증산,6-4,,verified_legacy,legacy_app,https://namu.wiki/w/%EC%88%98%EB%8F%84%EA%B6%8C%20%EC%A0%84%EC%B2%A0%20%ED%99%98%EC%8A%B9%20%EC%A0%95%EB%B3%B4,https://namu.wiki/w/%EC%88%98%EB%8F%84%EA%B6%8C%20%EC%A0%84%EC%B2%A0%20%ED%99%98%EC%8A%B9%20%EC%A0%95%EB%B3%B4,,600,600
current_app,디지털미디어시티,공항철도,마곡나루,경의중앙선,가좌,6-4,,verified_legacy,legacy_app,https://namu.wiki/w/%EC%88%98%EB%8F%84%EA%B6%8C%20%EC%A0%84%EC%B2%A0%20%ED%99%98%EC%8A%B9%20%EC%A0%95%EB%B3%B4,https://namu.wiki/w/%EC%88%98%EB%8F%84%EA%B6%8C%20%EC%A0%84%EC%B2%A0%20%ED%99%98%EC%8A%B9%20%EC%A0%95%EB%B3%B4,,600,600
current_app,디지털미디어시티,공항철도,마곡나루,경의중앙선,수색,6-4,,verified_legacy,legacy_app,https://namu.wiki/w/%EC%88%98%EB%8F%84%EA%B6%8C%20%EC%A0%84%EC%B2%A0%20%ED%99%98%EC%8A%B9%20%EC%A0%95%EB%B3%B4,https://namu.wiki/w/%EC%88%98%EB%8F%84%EA%B6%8C%20%EC%A0%84%EC%B2%A0%20%ED%99%98%EC%8A%B9%20%EC%A0%95%EB%B3%B4,,600,600
current_app,디지털미디어시티,공항철도,홍대입구,6호선,월드컵경기장,2-3,,verified_legacy,legacy_app,https://namu.wiki/w/%EC%88%98%EB%8F%84%EA%B6%8C%20%EC%A0%84%EC%B2%A0%20%ED%99%98%EC%8A%B9%20%EC%A0%95%EB%B3%B4,https://namu.wiki/w/%EC%88%98%EB%8F%84%EA%B6%8C%20%EC%A0%84%EC%B2%A0%20%ED%99%98%EC%8A%B9%20%EC%A0%95%EB%B3%B4,,600,600
current_app,디지털미디어시티,공항철도,홍대입구,6호선,증산,2-3,,verified_legacy,legacy_app,https://namu.wiki/w/%EC%88%98%EB%8F%84%EA%B6%8C%20%EC%A0%84%EC%B2%A0%20%ED%99%98%EC%8A%B9%20%EC%A0%95%EB%B3%B4,https://namu.wiki/w/%EC%88%98%EB%8F%84%EA%B6%8C%20%EC%A0%84%EC%B2%A0%20%ED%99%98%EC%8A%B9%20%EC%A0%95%EB%B3%B4,,600,600
current_app,디지털미디어시티,공항철도,홍대입구,경의중앙선,가좌,2-3,,verified_legacy,legacy_app,https://namu.wiki/w/%EC%88%98%EB%8F%84%EA%B6%8C%20%EC%A0%84%EC%B2%A0%20%ED%99%98%EC%8A%B9%20%EC%A0%95%EB%B3%B4,https://namu.wiki/w/%EC%88%98%EB%8F%84%EA%B6%8C%20%EC%A0%84%EC%B2%A0%20%ED%99%98%EC%8A%B9%20%EC%A0%95%EB%B3%B4,,600,600
current_app,디지털미디어시티,공항철도,홍대입구,경의중앙선,수색,2-3,,verified_legacy,legacy_app,https://namu.wiki/w/%EC%88%98%EB%8F%84%EA%B6%8C%20%EC%A0%84%EC%B2%A0%20%ED%99%98%EC%8A%B9%20%EC%A0%95%EB%B3%B4,https://namu.wiki/w/%EC%88%98%EB%8F%84%EA%B6%8C%20%EC%A0%84%EC%B2%A0%20%ED%99%98%EC%8A%B9%20%EC%A0%95%EB%B3%B4,,600,600
current_app,마곡나루,9호선,신방화,공항철도,,6-2,,verified_legacy,legacy_app,https://namu.wiki/w/%EC%88%98%EB%8F%84%EA%B6%8C%20%EC%A0%84%EC%B2%A0%20%ED%99%98%EC%8A%B9%20%EC%A0%95%EB%B3%B4/%EC%84%9C%EC%9A%B8%20%EC%A7%80%ED%95%98%EC%B2%A0%209%ED%98%B8%EC%84%A0,https://namu.wiki/w/%EC%88%98%EB%8F%84%EA%B6%8C%20%EC%A0%84%EC%B2%A0%20%ED%99%98%EC%8A%B9%20%EC%A0%95%EB%B3%B4/%EC%84%9C%EC%9A%B8%20%EC%A7%80%ED%95%98%EC%B2%A0%209%ED%98%B8%EC%84%A0,,180,180
current_app,마곡나루,9호선,양천향교,공항철도,,1-3,,verified_legacy,legacy_app,https://namu.wiki/w/%EC%88%98%EB%8F%84%EA%B6%8C%20%EC%A0%84%EC%B2%A0%20%ED%99%98%EC%8A%B9%20%EC%A0%95%EB%B3%B4/%EC%84%9C%EC%9A%B8%20%EC%A7%80%ED%95%98%EC%B2%A0%209%ED%98%B8%EC%84%A0,https://namu.wiki/w/%EC%88%98%EB%8F%84%EA%B6%8C%20%EC%A0%84%EC%B2%A0%20%ED%99%98%EC%8A%B9%20%EC%A0%95%EB%B3%B4/%EC%84%9C%EC%9A%B8%20%EC%A7%80%ED%95%98%EC%B2%A0%209%ED%98%B8%EC%84%A0,,180,180
current_app,마곡나루,공항철도,김포공항,9호선,,6-3,,verified_legacy,legacy_app,https://namu.wiki/w/%EC%88%98%EB%8F%84%EA%B6%8C%20%EC%A0%84%EC%B2%A0%20%ED%99%98%EC%8A%B9%20%EC%A0%95%EB%B3%B4,https://namu.wiki/w/%EC%88%98%EB%8F%84%EA%B6%8C%20%EC%A0%84%EC%B2%A0%20%ED%99%98%EC%8A%B9%20%EC%A0%95%EB%B3%B4,,240,
current_app,마곡나루,공항철도,디지털미디어시티,9호선,,2-2,,verified_legacy,legacy_app,https://namu.wiki/w/%EC%88%98%EB%8F%84%EA%B6%8C%20%EC%A0%84%EC%B2%A0%20%ED%99%98%EC%8A%B9%20%EC%A0%95%EB%B3%B4,https://namu.wiki/w/%EC%88%98%EB%8F%84%EA%B6%8C%20%EC%A0%84%EC%B2%A0%20%ED%99%98%EC%8A%B9%20%EC%A0%95%EB%B3%B4,,240,
current_app,망우,경의중앙선,상봉,경춘선,갈매,5-1,,verified_legacy,legacy_app,https://namu.wiki/w/%EC%88%98%EB%8F%84%EA%B6%8C%20%EC%A0%84%EC%B2%A0%20%ED%99%98%EC%8A%B9%20%EC%A0%95%EB%B3%B4/%EC%88%98%EB%8F%84%EA%B6%8C%20%EC%A0%84%EC%B2%A0%20%EA%B2%BD%EC%9D%98%C2%B7%EC%A4%91%EC%95%99%EC%84%A0,https://namu.wiki/w/%EC%88%98%EB%8F%84%EA%B6%8C%20%EC%A0%84%EC%B2%A0%20%ED%99%98%EC%8A%B9%20%EC%A0%95%EB%B3%B4/%EC%88%98%EB%8F%84%EA%B6%8C%20%EC%A0%84%EC%B2%A0%20%EA%B2%BD%EC%9D%98%C2%B7%EC%A4%91%EC%95%99%EC%84%A0,,180,180
current_app,망우,경의중앙선,상봉,경춘선,상봉,5-1,,verified_legacy,legacy_app,https://namu.wiki/w/%EC%88%98%EB%8F%84%EA%B6%8C%20%EC%A0%84%EC%B2%A0%20%ED%99%98%EC%8A%B9%20%EC%A0%95%EB%B3%B4/%EC%88%98%EB%8F%84%EA%B6%8C%20%EC%A0%84%EC%B2%A0%20%EA%B2%BD%EC%9D%98%C2%B7%EC%A4%91%EC%95%99%EC%84%A0,https://namu.wiki/w/%EC%88%98%EB%8F%84%EA%B6%8C%20%EC%A0%84%EC%B2%A0%20%ED%99%98%EC%8A%B9%20%EC%A0%95%EB%B3%B4/%EC%88%98%EB%8F%84%EA%B6%8C%20%EC%A0%84%EC%B2%A0%20%EA%B2%BD%EC%9D%98%C2%B7%EC%A4%91%EC%95%99%EC%84%A0,,180,180
current_app,망우,경의중앙선,양원,경춘선,갈매,4-4,,verified_legacy,legacy_app,https://namu.wiki/w/%EC%88%98%EB%8F%84%EA%B6%8C%20%EC%A0%84%EC%B2%A0%20%ED%99%98%EC%8A%B9%20%EC%A0%95%EB%B3%B4/%EC%88%98%EB%8F%84%EA%B6%8C%20%EC%A0%84%EC%B2%A0%20%EA%B2%BD%EC%9D%98%C2%B7%EC%A4%91%EC%95%99%EC%84%A0,https://namu.wiki/w/%EC%88%98%EB%8F%84%EA%B6%8C%20%EC%A0%84%EC%B2%A0%20%ED%99%98%EC%8A%B9%20%EC%A0%95%EB%B3%B4/%EC%88%98%EB%8F%84%EA%B6%8C%20%EC%A0%84%EC%B2%A0%20%EA%B2%BD%EC%9D%98%C2%B7%EC%A4%91%EC%95%99%EC%84%A0,,180,180
current_app,망우,경의중앙선,양원,경춘선,상봉,4-4,,verified_legacy,legacy_app,https://namu.wiki/w/%EC%88%98%EB%8F%84%EA%B6%8C%20%EC%A0%84%EC%B2%A0%20%ED%99%98%EC%8A%B9%20%EC%A0%95%EB%B3%B4/%EC%88%98%EB%8F%84%EA%B6%8C%20%EC%A0%84%EC%B2%A0%20%EA%B2%BD%EC%9D%98%C2%B7%EC%A4%91%EC%95%99%EC%84%A0,https://namu.wiki/w/%EC%88%98%EB%8F%84%EA%B6%8C%20%EC%A0%84%EC%B2%A0%20%ED%99%98%EC%8A%B9%20%EC%A0%95%EB%B3%B4/%EC%88%98%EB%8F%84%EA%B6%8C%20%EC%A0%84%EC%B2%A0%20%EA%B2%BD%EC%9D%98%C2%B7%EC%A4%91%EC%95%99%EC%84%A0,,180,180
current_app,망우,경춘선,갈매,경의중앙선,상봉,6-1,,verified_legacy,legacy_app,https://namu.wiki/w/%EC%88%98%EB%8F%84%EA%B6%8C%20%EC%A0%84%EC%B2%A0%20%ED%99%98%EC%8A%B9%20%EC%A0%95%EB%B3%B4,https://namu.wiki/w/%EC%88%98%EB%8F%84%EA%B6%8C%20%EC%A0%84%EC%B2%A0%20%ED%99%98%EC%8A%B9%20%EC%A0%95%EB%B3%B4,,180,180
current_app,망우,경춘선,갈매,경의중앙선,양원,6-1,,verified_legacy,legacy_app,https://namu.wiki/w/%EC%88%98%EB%8F%84%EA%B6%8C%20%EC%A0%84%EC%B2%A0%20%ED%99%98%EC%8A%B9%20%EC%A0%95%EB%B3%B4,https://namu.wiki/w/%EC%88%98%EB%8F%84%EA%B6%8C%20%EC%A0%84%EC%B2%A0%20%ED%99%98%EC%8A%B9%20%EC%A0%95%EB%B3%B4,,180,180
current_app,망우,경춘선,상봉,경의중앙선,상봉,3-4,,verified_legacy,legacy_app,https://namu.wiki/w/%EC%88%98%EB%8F%84%EA%B6%8C%20%EC%A0%84%EC%B2%A0%20%ED%99%98%EC%8A%B9%20%EC%A0%95%EB%B3%B4,https://namu.wiki/w/%EC%88%98%EB%8F%84%EA%B6%8C%20%EC%A0%84%EC%B2%A0%20%ED%99%98%EC%8A%B9%20%EC%A0%95%EB%B3%B4,,180,180
current_app,망우,경춘선,상봉,경의중앙선,양원,3-4,,verified_legacy,legacy_app,https://namu.wiki/w/%EC%88%98%EB%8F%84%EA%B6%8C%20%EC%A0%84%EC%B2%A0%20%ED%99%98%EC%8A%B9%20%EC%A0%95%EB%B3%B4,https://namu.wiki/w/%EC%88%98%EB%8F%84%EA%B6%8C%20%EC%A0%84%EC%B2%A0%20%ED%99%98%EC%8A%B9%20%EC%A0%95%EB%B3%B4,,180,180
current_app,모란,8호선,야탑,수인분당선,야탑,1-1,,verified_legacy,legacy_app,https://namu.wiki/w/%EC%88%98%EB%8F%84%EA%B6%8C%20%EC%A0%84%EC%B2%A0%20%ED%99%98%EC%8A%B9%20%EC%A0%95%EB%B3%B4,https://namu.wiki/w/%EC%88%98%EB%8F%84%EA%B6%8C%20%EC%A0%84%EC%B2%A0%20%ED%99%98%EC%8A%B9%20%EC%A0%95%EB%B3%B4,,91,91
current_app,모란,8호선,태평,수인분당선,태평,1-1,,verified_legacy,legacy_app,https://namu.wiki/w/%EC%88%98%EB%8F%84%EA%B6%8C%20%EC%A0%84%EC%B2%A0%20%ED%99%98%EC%8A%B9%20%EC%A0%95%EB%B3%B4,https://namu.wiki/w/%EC%88%98%EB%8F%84%EA%B6%8C%20%EC%A0%84%EC%B2%A0%20%ED%99%98%EC%8A%B9%20%EC%A0%95%EB%B3%B4,,91,91
current_app,모란,수인분당선,야탑,8호선,수진,6-4,,verified_legacy,legacy_app,https://namu.wiki/w/%EC%88%98%EB%8F%84%EA%B6%8C%20%EC%A0%84%EC%B2%A0%20%ED%99%98%EC%8A%B9%20%EC%A0%95%EB%B3%B4/%EC%88%98%EB%8F%84%EA%B6%8C%20%EC%A0%84%EC%B2%A0%20%EC%88%98%EC%9D%B8%C2%B7%EB%B6%84%EB%8B%B9%EC%84%A0,https://namu.wiki/w/%EC%88%98%EB%8F%84%EA%B6%8C%20%EC%A0%84%EC%B2%A0%20%ED%99%98%EC%8A%B9%20%EC%A0%95%EB%B3%B4/%EC%88%98%EB%8F%84%EA%B6%8C%20%EC%A0%84%EC%B2%A0%20%EC%88%98%EC%9D%B8%C2%B7%EB%B6%84%EB%8B%B9%EC%84%A0,,91,91
current_app,모란,수인분당선,태평,8호선,수진,1-1,,verified_legacy,legacy_app,https://namu.wiki/w/%EC%88%98%EB%8F%84%EA%B6%8C%20%EC%A0%84%EC%B2%A0%20%ED%99%98%EC%8A%B9%20%EC%A0%95%EB%B3%B4/%EC%88%98%EB%8F%84%EA%B6%8C%20%EC%A0%84%EC%B2%A0%20%EC%88%98%EC%9D%B8%C2%B7%EB%B6%84%EB%8B%B9%EC%84%A0,https://namu.wiki/w/%EC%88%98%EB%8F%84%EA%B6%8C%20%EC%A0%84%EC%B2%A0%20%ED%99%98%EC%8A%B9%20%EC%A0%95%EB%B3%B4/%EC%88%98%EB%8F%84%EA%B6%8C%20%EC%A0%84%EC%B2%A0%20%EC%88%98%EC%9D%B8%C2%B7%EB%B6%84%EB%8B%B9%EC%84%A0,,91,91
current_app,문산,경의중앙선,임진강,경의중앙선,임진강,3-1,,verified_legacy,legacy_app,https://namu.wiki/w/%EC%88%98%EB%8F%84%EA%B6%8C%20%EC%A0%84%EC%B2%A0%20%ED%99%98%EC%8A%B9%20%EC%A0%95%EB%B3%B4/%EC%88%98%EB%8F%84%EA%B6%8C%20%EC%A0%84%EC%B2%A0%20%EA%B2%BD%EC%9D%98%C2%B7%EC%A4%91%EC%95%99%EC%84%A0,https://namu.wiki/w/%EC%88%98%EB%8F%84%EA%B6%8C%20%EC%A0%84%EC%B2%A0%20%ED%99%98%EC%8A%B9%20%EC%A0%95%EB%B3%B4/%EC%88%98%EB%8F%84%EA%B6%8C%20%EC%A0%84%EC%B2%A0%20%EA%B2%BD%EC%9D%98%C2%B7%EC%A4%91%EC%95%99%EC%84%A0,,30,30
current_app,문산,경의중앙선,파주,경의중앙선,파주,3-1,,verified_legacy,legacy_app,https://namu.wiki/w/%EC%88%98%EB%8F%84%EA%B6%8C%20%EC%A0%84%EC%B2%A0%20%ED%99%98%EC%8A%B9%20%EC%A0%95%EB%B3%B4/%EC%88%98%EB%8F%84%EA%B6%8C%20%EC%A0%84%EC%B2%A0%20%EA%B2%BD%EC%9D%98%C2%B7%EC%A4%91%EC%95%99%EC%84%A0,https://namu.wiki/w/%EC%88%98%EB%8F%84%EA%B6%8C%20%EC%A0%84%EC%B2%A0%20%ED%99%98%EC%8A%B9%20%EC%A0%95%EB%B3%B4/%EC%88%98%EB%8F%84%EA%B6%8C%20%EC%A0%84%EC%B2%A0%20%EA%B2%BD%EC%9D%98%C2%B7%EC%A4%91%EC%95%99%EC%84%A0,,30,30
current_app,미금,수인분당선,오리,신분당선,동천,,,needs_verification,official_public_data_ambiguous,https://namu.wiki/w/%EC%88%98%EB%8F%84%EA%B6%8C%20%EC%A0%84%EC%B2%A0%20%ED%99%98%EC%8A%B9%20%EC%A0%95%EB%B3%B4/%EC%88%98%EB%8F%84%EA%B6%8C%20%EC%A0%84%EC%B2%A0%20%EC%88%98%EC%9D%B8%C2%B7%EB%B6%84%EB%8B%B9%EC%84%A0,https://www.data.go.kr/data/15041060/fileData.do,공공데이터 후보 위치는 존재하나 출발 방향 컬럼이 없어 방향별 확정 전 보류,240,
current_app,미금,수인분당선,오리,신분당선,정자,,,needs_verification,official_public_data_ambiguous,https://namu.wiki/w/%EC%88%98%EB%8F%84%EA%B6%8C%20%EC%A0%84%EC%B2%A0%20%ED%99%98%EC%8A%B9%20%EC%A0%95%EB%B3%B4/%EC%88%98%EB%8F%84%EA%B6%8C%20%EC%A0%84%EC%B2%A0%20%EC%88%98%EC%9D%B8%C2%B7%EB%B6%84%EB%8B%B9%EC%84%A0,https://www.data.go.kr/data/15041060/fileData.do,공공데이터 후보 위치는 존재하나 출발 방향 컬럼이 없어 방향별 확정 전 보류,240,
current_app,미금,수인분당선,정자,신분당선,동천,,,needs_verification,official_public_data_ambiguous,https://namu.wiki/w/%EC%88%98%EB%8F%84%EA%B6%8C%20%EC%A0%84%EC%B2%A0%20%ED%99%98%EC%8A%B9%20%EC%A0%95%EB%B3%B4/%EC%88%98%EB%8F%84%EA%B6%8C%20%EC%A0%84%EC%B2%A0%20%EC%88%98%EC%9D%B8%C2%B7%EB%B6%84%EB%8B%B9%EC%84%A0,https://www.data.go.kr/data/15041060/fileData.do,공공데이터 후보 위치는 존재하나 출발 방향 컬럼이 없어 방향별 확정 전 보류,240,
current_app,미금,수인분당선,정자,신분당선,정자,,,needs_verification,official_public_data_ambiguous,https://namu.wiki/w/%EC%88%98%EB%8F%84%EA%B6%8C%20%EC%A0%84%EC%B2%A0%20%ED%99%98%EC%8A%B9%20%EC%A0%95%EB%B3%B4/%EC%88%98%EB%8F%84%EA%B6%8C%20%EC%A0%84%EC%B2%A0%20%EC%88%98%EC%9D%B8%C2%B7%EB%B6%84%EB%8B%B9%EC%84%A0,https://www.data.go.kr/data/15041060/fileData.do,공공데이터 후보 위치는 존재하나 출발 방향 컬럼이 없어 방향별 확정 전 보류,240,
current_app,미금,신분당선,동천,수인분당선,오리,,,needs_verification,official_public_data_ambiguous,https://namu.wiki/w/%EC%88%98%EB%8F%84%EA%B6%8C%20%EC%A0%84%EC%B2%A0%20%ED%99%98%EC%8A%B9%20%EC%A0%95%EB%B3%B4,https://www.data.go.kr/data/15041072/fileData.do?recommendDataYn=Y,공공데이터 후보 위치는 존재하나 출발 방향 컬럼이 없어 방향별 확정 전 보류,240,
current_app,미금,신분당선,동천,수인분당선,정자,,,needs_verification,official_public_data_ambiguous,https://namu.wiki/w/%EC%88%98%EB%8F%84%EA%B6%8C%20%EC%A0%84%EC%B2%A0%20%ED%99%98%EC%8A%B9%20%EC%A0%95%EB%B3%B4,https://www.data.go.kr/data/15041072/fileData.do?recommendDataYn=Y,공공데이터 후보 위치는 존재하나 출발 방향 컬럼이 없어 방향별 확정 전 보류,240,
current_app,미금,신분당선,정자,수인분당선,오리,,,needs_verification,official_public_data_ambiguous,https://namu.wiki/w/%EC%88%98%EB%8F%84%EA%B6%8C%20%EC%A0%84%EC%B2%A0%20%ED%99%98%EC%8A%B9%20%EC%A0%95%EB%B3%B4,https://www.data.go.kr/data/15041072/fileData.do?recommendDataYn=Y,공공데이터 후보 위치는 존재하나 출발 방향 컬럼이 없어 방향별 확정 전 보류,240,
current_app,미금,신분당선,정자,수인분당선,정자,,,needs_verification,official_public_data_ambiguous,https://namu.wiki/w/%EC%88%98%EB%8F%84%EA%B6%8C%20%EC%A0%84%EC%B2%A0%20%ED%99%98%EC%8A%B9%20%EC%A0%95%EB%B3%B4,https://www.data.go.kr/data/15041072/fileData.do?recommendDataYn=Y,공공데이터 후보 위치는 존재하나 출발 방향 컬럼이 없어 방향별 확정 전 보류,240,
current_app,백마,경의중앙선,,서해선,,모든 문,,verified_legacy,legacy_app,https://namu.wiki/w/%EC%88%98%EB%8F%84%EA%B6%8C%20%EC%A0%84%EC%B2%A0%20%ED%99%98%EC%8A%B9%20%EC%A0%95%EB%B3%B4/%EC%88%98%EB%8F%84%EA%B6%8C%20%EC%A0%84%EC%B2%A0%20%EA%B2%BD%EC%9D%98%C2%B7%EC%A4%91%EC%95%99%EC%84%A0,https://namu.wiki/w/%EC%88%98%EB%8F%84%EA%B6%8C%20%EC%A0%84%EC%B2%A0%20%ED%99%98%EC%8A%B9%20%EC%A0%95%EB%B3%B4/%EC%88%98%EB%8F%84%EA%B6%8C%20%EC%A0%84%EC%B2%A0%20%EA%B2%BD%EC%9D%98%C2%B7%EC%A4%91%EC%95%99%EC%84%A0,,0,0
current_app,백마,서해선,,경의중앙선,,모든 문,,verified_legacy,legacy_app,https://namu.wiki/w/%EC%88%98%EB%8F%84%EA%B6%8C%20%EC%A0%84%EC%B2%A0%20%ED%99%98%EC%8A%B9%20%EC%A0%95%EB%B3%B4,https://namu.wiki/w/%EC%88%98%EB%8F%84%EA%B6%8C%20%EC%A0%84%EC%B2%A0%20%ED%99%98%EC%8A%B9%20%EC%A0%95%EB%B3%B4,,0,0
current_app,별내,8호선,갈매,경춘선,갈매,6-1,,verified_legacy,legacy_app,https://namu.wiki/w/%EC%88%98%EB%8F%84%EA%B6%8C%20%EC%A0%84%EC%B2%A0%20%ED%99%98%EC%8A%B9%20%EC%A0%95%EB%B3%B4,https://namu.wiki/w/%EC%88%98%EB%8F%84%EA%B6%8C%20%EC%A0%84%EC%B2%A0%20%ED%99%98%EC%8A%B9%20%EC%A0%95%EB%B3%B4,,43,43
current_app,별내,8호선,퇴계원,경춘선,퇴계원,6-1,,verified_legacy,legacy_app,https://namu.wiki/w/%EC%88%98%EB%8F%84%EA%B6%8C%20%EC%A0%84%EC%B2%A0%20%ED%99%98%EC%8A%B9%20%EC%A0%95%EB%B3%B4,https://namu.wiki/w/%EC%88%98%EB%8F%84%EA%B6%8C%20%EC%A0%84%EC%B2%A0%20%ED%99%98%EC%8A%B9%20%EC%A0%95%EB%B3%B4,,43,43
current_app,별내,경춘선,갈매,8호선,다산,6-1,,verified_legacy,legacy_app,https://namu.wiki/w/%EC%88%98%EB%8F%84%EA%B6%8C%20%EC%A0%84%EC%B2%A0%20%ED%99%98%EC%8A%B9%20%EC%A0%95%EB%B3%B4,https://namu.wiki/w/%EC%88%98%EB%8F%84%EA%B6%8C%20%EC%A0%84%EC%B2%A0%20%ED%99%98%EC%8A%B9%20%EC%A0%95%EB%B3%B4,,43,43
current_app,별내,경춘선,퇴계원,8호선,다산,6-1,,verified_legacy,legacy_app,https://namu.wiki/w/%EC%88%98%EB%8F%84%EA%B6%8C%20%EC%A0%84%EC%B2%A0%20%ED%99%98%EC%8A%B9%20%EC%A0%95%EB%B3%B4,https://namu.wiki/w/%EC%88%98%EB%8F%84%EA%B6%8C%20%EC%A0%84%EC%B2%A0%20%ED%99%98%EC%8A%B9%20%EC%A0%95%EB%B3%B4,,43,43
current_app,복정,8호선,산성,수인분당선,가천대,4-1,,verified_legacy,legacy_app,https://namu.wiki/w/%EC%88%98%EB%8F%84%EA%B6%8C%20%EC%A0%84%EC%B2%A0%20%ED%99%98%EC%8A%B9%20%EC%A0%95%EB%B3%B4,https://namu.wiki/w/%EC%88%98%EB%8F%84%EA%B6%8C%20%EC%A0%84%EC%B2%A0%20%ED%99%98%EC%8A%B9%20%EC%A0%95%EB%B3%B4,,46,46
current_app,복정,8호선,산성,수인분당선,수서,4-1,,verified_legacy,legacy_app,https://namu.wiki/w/%EC%88%98%EB%8F%84%EA%B6%8C%20%EC%A0%84%EC%B2%A0%20%ED%99%98%EC%8A%B9%20%EC%A0%95%EB%B3%B4,https://namu.wiki/w/%EC%88%98%EB%8F%84%EA%B6%8C%20%EC%A0%84%EC%B2%A0%20%ED%99%98%EC%8A%B9%20%EC%A0%95%EB%B3%B4,,46,46
current_app,복정,8호선,장지,수인분당선,가천대,3-4,,verified_legacy,legacy_app,https://namu.wiki/w/%EC%88%98%EB%8F%84%EA%B6%8C%20%EC%A0%84%EC%B2%A0%20%ED%99%98%EC%8A%B9%20%EC%A0%95%EB%B3%B4,https://namu.wiki/w/%EC%88%98%EB%8F%84%EA%B6%8C%20%EC%A0%84%EC%B2%A0%20%ED%99%98%EC%8A%B9%20%EC%A0%95%EB%B3%B4,,46,46
current_app,복정,8호선,장지,수인분당선,수서,3-4,,verified_legacy,legacy_app,https://namu.wiki/w/%EC%88%98%EB%8F%84%EA%B6%8C%20%EC%A0%84%EC%B2%A0%20%ED%99%98%EC%8A%B9%20%EC%A0%95%EB%B3%B4,https://namu.wiki/w/%EC%88%98%EB%8F%84%EA%B6%8C%20%EC%A0%84%EC%B2%A0%20%ED%99%98%EC%8A%B9%20%EC%A0%95%EB%B3%B4,,46,46
current_app,복정,수인분당선,가천대,8호선,산성,3-3,,verified_legacy,legacy_app,https://namu.wiki/w/%EC%88%98%EB%8F%84%EA%B6%8C%20%EC%A0%84%EC%B2%A0%20%ED%99%98%EC%8A%B9%20%EC%A0%95%EB%B3%B4/%EC%88%98%EB%8F%84%EA%B6%8C%20%EC%A0%84%EC%B2%A0%20%EC%88%98%EC%9D%B8%C2%B7%EB%B6%84%EB%8B%B9%EC%84%A0,https://namu.wiki/w/%EC%88%98%EB%8F%84%EA%B6%8C%20%EC%A0%84%EC%B2%A0%20%ED%99%98%EC%8A%B9%20%EC%A0%95%EB%B3%B4/%EC%88%98%EB%8F%84%EA%B6%8C%20%EC%A0%84%EC%B2%A0%20%EC%88%98%EC%9D%B8%C2%B7%EB%B6%84%EB%8B%B9%EC%84%A0,,46,46
current_app,복정,수인분당선,가천대,8호선,장지,3-3,,verified_legacy,legacy_app,https://namu.wiki/w/%EC%88%98%EB%8F%84%EA%B6%8C%20%EC%A0%84%EC%B2%A0%20%ED%99%98%EC%8A%B9%20%EC%A0%95%EB%B3%B4/%EC%88%98%EB%8F%84%EA%B6%8C%20%EC%A0%84%EC%B2%A0%20%EC%88%98%EC%9D%B8%C2%B7%EB%B6%84%EB%8B%B9%EC%84%A0,https://namu.wiki/w/%EC%88%98%EB%8F%84%EA%B6%8C%20%EC%A0%84%EC%B2%A0%20%ED%99%98%EC%8A%B9%20%EC%A0%95%EB%B3%B4/%EC%88%98%EB%8F%84%EA%B6%8C%20%EC%A0%84%EC%B2%A0%20%EC%88%98%EC%9D%B8%C2%B7%EB%B6%84%EB%8B%B9%EC%84%A0,,46,46
current_app,복정,수인분당선,수서,8호선,산성,6-2,,verified_legacy,legacy_app,https://namu.wiki/w/%EC%88%98%EB%8F%84%EA%B6%8C%20%EC%A0%84%EC%B2%A0%20%ED%99%98%EC%8A%B9%20%EC%A0%95%EB%B3%B4/%EC%88%98%EB%8F%84%EA%B6%8C%20%EC%A0%84%EC%B2%A0%20%EC%88%98%EC%9D%B8%C2%B7%EB%B6%84%EB%8B%B9%EC%84%A0,https://namu.wiki/w/%EC%88%98%EB%8F%84%EA%B6%8C%20%EC%A0%84%EC%B2%A0%20%ED%99%98%EC%8A%B9%20%EC%A0%95%EB%B3%B4/%EC%88%98%EB%8F%84%EA%B6%8C%20%EC%A0%84%EC%B2%A0%20%EC%88%98%EC%9D%B8%C2%B7%EB%B6%84%EB%8B%B9%EC%84%A0,,46,46
current_app,복정,수인분당선,수서,8호선,장지,6-2,,verified_legacy,legacy_app,https://namu.wiki/w/%EC%88%98%EB%8F%84%EA%B6%8C%20%EC%A0%84%EC%B2%A0%20%ED%99%98%EC%8A%B9%20%EC%A0%95%EB%B3%B4/%EC%88%98%EB%8F%84%EA%B6%8C%20%EC%A0%84%EC%B2%A0%20%EC%88%98%EC%9D%B8%C2%B7%EB%B6%84%EB%8B%B9%EC%84%A0,https://namu.wiki/w/%EC%88%98%EB%8F%84%EA%B6%8C%20%EC%A0%84%EC%B2%A0%20%ED%99%98%EC%8A%B9%20%EC%A0%95%EB%B3%B4/%EC%88%98%EB%8F%84%EA%B6%8C%20%EC%A0%84%EC%B2%A0%20%EC%88%98%EC%9D%B8%C2%B7%EB%B6%84%EB%8B%B9%EC%84%A0,,46,46
current_app,부천종합운동장,7호선,까치울,서해선,,5-4,,verified_legacy,legacy_app,https://namu.wiki/w/%EC%88%98%EB%8F%84%EA%B6%8C%20%EC%A0%84%EC%B2%A0%20%ED%99%98%EC%8A%B9%20%EC%A0%95%EB%B3%B4/%EC%84%9C%EC%9A%B8%20%EC%A7%80%ED%95%98%EC%B2%A0%207%ED%98%B8%EC%84%A0,https://namu.wiki/w/%EC%88%98%EB%8F%84%EA%B6%8C%20%EC%A0%84%EC%B2%A0%20%ED%99%98%EC%8A%B9%20%EC%A0%95%EB%B3%B4/%EC%84%9C%EC%9A%B8%20%EC%A7%80%ED%95%98%EC%B2%A0%207%ED%98%B8%EC%84%A0,,300,300
current_app,부천종합운동장,7호선,춘의,서해선,,3-1,,verified_legacy,legacy_app,https://namu.wiki/w/%EC%88%98%EB%8F%84%EA%B6%8C%20%EC%A0%84%EC%B2%A0%20%ED%99%98%EC%8A%B9%20%EC%A0%95%EB%B3%B4/%EC%84%9C%EC%9A%B8%20%EC%A7%80%ED%95%98%EC%B2%A0%207%ED%98%B8%EC%84%A0,https://namu.wiki/w/%EC%88%98%EB%8F%84%EA%B6%8C%20%EC%A0%84%EC%B2%A0%20%ED%99%98%EC%8A%B9%20%EC%A0%95%EB%B3%B4/%EC%84%9C%EC%9A%B8%20%EC%A7%80%ED%95%98%EC%B2%A0%207%ED%98%B8%EC%84%A0,,300,300
current_app,부천종합운동장,서해선,소사,7호선,,4-1,,verified_legacy,legacy_app,https://namu.wiki/w/%EC%88%98%EB%8F%84%EA%B6%8C%20%EC%A0%84%EC%B2%A0%20%ED%99%98%EC%8A%B9%20%EC%A0%95%EB%B3%B4,https://namu.wiki/w/%EC%88%98%EB%8F%84%EA%B6%8C%20%EC%A0%84%EC%B2%A0%20%ED%99%98%EC%8A%B9%20%EC%A0%95%EB%B3%B4,,240,
current_app,부천종합운동장,서해선,원종,7호선,,4-1,,verified_legacy,legacy_app,https://namu.wiki/w/%EC%88%98%EB%8F%84%EA%B6%8C%20%EC%A0%84%EC%B2%A0%20%ED%99%98%EC%8A%B9%20%EC%A0%95%EB%B3%B4,https://namu.wiki/w/%EC%88%98%EB%8F%84%EA%B6%8C%20%EC%A0%84%EC%B2%A0%20%ED%99%98%EC%8A%B9%20%EC%A0%95%EB%B3%B4,,240,
current_app,불광,3호선,녹번,6호선,독바위,10-4,,verified_legacy,legacy_app,https://namu.wiki/w/%EC%88%98%EB%8F%84%EA%B6%8C%20%EC%A0%84%EC%B2%A0%20%ED%99%98%EC%8A%B9%20%EC%A0%95%EB%B3%B4/%EC%88%98%EB%8F%84%EA%B6%8C%20%EC%A0%84%EC%B2%A0%203%ED%98%B8%EC%84%A0,https://namu.wiki/w/%EC%88%98%EB%8F%84%EA%B6%8C%20%EC%A0%84%EC%B2%A0%20%ED%99%98%EC%8A%B9%20%EC%A0%95%EB%B3%B4/%EC%88%98%EB%8F%84%EA%B6%8C%20%EC%A0%84%EC%B2%A0%203%ED%98%B8%EC%84%A0,,230,230
current_app,불광,3호선,연신내,6호선,독바위,1-1,,verified_legacy,legacy_app,https://namu.wiki/w/%EC%88%98%EB%8F%84%EA%B6%8C%20%EC%A0%84%EC%B2%A0%20%ED%99%98%EC%8A%B9%20%EC%A0%95%EB%B3%B4/%EC%88%98%EB%8F%84%EA%B6%8C%20%EC%A0%84%EC%B2%A0%203%ED%98%B8%EC%84%A0,https://namu.wiki/w/%EC%88%98%EB%8F%84%EA%B6%8C%20%EC%A0%84%EC%B2%A0%20%ED%99%98%EC%8A%B9%20%EC%A0%95%EB%B3%B4/%EC%88%98%EB%8F%84%EA%B6%8C%20%EC%A0%84%EC%B2%A0%203%ED%98%B8%EC%84%A0,,230,230
current_app,불광,6호선,독바위,3호선,녹번,7-2,,verified_legacy,legacy_app,https://namu.wiki/w/%EC%88%98%EB%8F%84%EA%B6%8C%20%EC%A0%84%EC%B2%A0%20%ED%99%98%EC%8A%B9%20%EC%A0%95%EB%B3%B4/%EC%84%9C%EC%9A%B8%20%EC%A7%80%ED%95%98%EC%B2%A0%206%ED%98%B8%EC%84%A0,https://namu.wiki/w/%EC%88%98%EB%8F%84%EA%B6%8C%20%EC%A0%84%EC%B2%A0%20%ED%99%98%EC%8A%B9%20%EC%A0%95%EB%B3%B4/%EC%84%9C%EC%9A%B8%20%EC%A7%80%ED%95%98%EC%B2%A0%206%ED%98%B8%EC%84%A0,,230,230
current_app,불광,6호선,독바위,3호선,연신내,2-3,,verified_legacy,legacy_app,https://namu.wiki/w/%EC%88%98%EB%8F%84%EA%B6%8C%20%EC%A0%84%EC%B2%A0%20%ED%99%98%EC%8A%B9%20%EC%A0%95%EB%B3%B4/%EC%84%9C%EC%9A%B8%20%EC%A7%80%ED%95%98%EC%B2%A0%206%ED%98%B8%EC%84%A0,https://namu.wiki/w/%EC%88%98%EB%8F%84%EA%B6%8C%20%EC%A0%84%EC%B2%A0%20%ED%99%98%EC%8A%B9%20%EC%A0%95%EB%B3%B4/%EC%84%9C%EC%9A%B8%20%EC%A7%80%ED%95%98%EC%B2%A0%206%ED%98%B8%EC%84%A0,,230,230
current_app,사당,2호선,낙성대,4호선,남태령,6-1,,verified_legacy,legacy_app,https://namu.wiki/w/%EC%88%98%EB%8F%84%EA%B6%8C%20%EC%A0%84%EC%B2%A0%20%ED%99%98%EC%8A%B9%20%EC%A0%95%EB%B3%B4/%EC%84%9C%EC%9A%B8%20%EC%A7%80%ED%95%98%EC%B2%A0%202%ED%98%B8%EC%84%A0,https://namu.wiki/w/%EC%88%98%EB%8F%84%EA%B6%8C%20%EC%A0%84%EC%B2%A0%20%ED%99%98%EC%8A%B9%20%EC%A0%95%EB%B3%B4/%EC%84%9C%EC%9A%B8%20%EC%A7%80%ED%95%98%EC%B2%A0%202%ED%98%B8%EC%84%A0,,136,136
current_app,사당,2호선,낙성대,4호선,총신대입구,6-1,,verified_legacy,legacy_app,https://namu.wiki/w/%EC%88%98%EB%8F%84%EA%B6%8C%20%EC%A0%84%EC%B2%A0%20%ED%99%98%EC%8A%B9%20%EC%A0%95%EB%B3%B4/%EC%84%9C%EC%9A%B8%20%EC%A7%80%ED%95%98%EC%B2%A0%202%ED%98%B8%EC%84%A0,https://namu.wiki/w/%EC%88%98%EB%8F%84%EA%B6%8C%20%EC%A0%84%EC%B2%A0%20%ED%99%98%EC%8A%B9%20%EC%A0%95%EB%B3%B4/%EC%84%9C%EC%9A%B8%20%EC%A7%80%ED%95%98%EC%B2%A0%202%ED%98%B8%EC%84%A0,,136,136
current_app,사당,2호선,방배,4호선,남태령,5-3,,verified_legacy,legacy_app,https://namu.wiki/w/%EC%88%98%EB%8F%84%EA%B6%8C%20%EC%A0%84%EC%B2%A0%20%ED%99%98%EC%8A%B9%20%EC%A0%95%EB%B3%B4/%EC%84%9C%EC%9A%B8%20%EC%A7%80%ED%95%98%EC%B2%A0%202%ED%98%B8%EC%84%A0,https://namu.wiki/w/%EC%88%98%EB%8F%84%EA%B6%8C%20%EC%A0%84%EC%B2%A0%20%ED%99%98%EC%8A%B9%20%EC%A0%95%EB%B3%B4/%EC%84%9C%EC%9A%B8%20%EC%A7%80%ED%95%98%EC%B2%A0%202%ED%98%B8%EC%84%A0,,136,136
current_app,사당,2호선,방배,4호선,총신대입구,5-3,,verified_legacy,legacy_app,https://namu.wiki/w/%EC%88%98%EB%8F%84%EA%B6%8C%20%EC%A0%84%EC%B2%A0%20%ED%99%98%EC%8A%B9%20%EC%A0%95%EB%B3%B4/%EC%84%9C%EC%9A%B8%20%EC%A7%80%ED%95%98%EC%B2%A0%202%ED%98%B8%EC%84%A0,https://namu.wiki/w/%EC%88%98%EB%8F%84%EA%B6%8C%20%EC%A0%84%EC%B2%A0%20%ED%99%98%EC%8A%B9%20%EC%A0%95%EB%B3%B4/%EC%84%9C%EC%9A%B8%20%EC%A7%80%ED%95%98%EC%B2%A0%202%ED%98%B8%EC%84%A0,,136,136
current_app,사당,4호선,남태령,2호선,낙성대,7-3,,verified_legacy,legacy_app,https://namu.wiki/w/%EC%88%98%EB%8F%84%EA%B6%8C%20%EC%A0%84%EC%B2%A0%20%ED%99%98%EC%8A%B9%20%EC%A0%95%EB%B3%B4/%EC%88%98%EB%8F%84%EA%B6%8C%20%EC%A0%84%EC%B2%A0%204%ED%98%B8%EC%84%A0,https://namu.wiki/w/%EC%88%98%EB%8F%84%EA%B6%8C%20%EC%A0%84%EC%B2%A0%20%ED%99%98%EC%8A%B9%20%EC%A0%95%EB%B3%B4/%EC%88%98%EB%8F%84%EA%B6%8C%20%EC%A0%84%EC%B2%A0%204%ED%98%B8%EC%84%A0,,136,136
current_app,사당,4호선,남태령,2호선,방배,1-1,,verified_legacy,legacy_app,https://namu.wiki/w/%EC%88%98%EB%8F%84%EA%B6%8C%20%EC%A0%84%EC%B2%A0%20%ED%99%98%EC%8A%B9%20%EC%A0%95%EB%B3%B4/%EC%88%98%EB%8F%84%EA%B6%8C%20%EC%A0%84%EC%B2%A0%204%ED%98%B8%EC%84%A0,https://namu.wiki/w/%EC%88%98%EB%8F%84%EA%B6%8C%20%EC%A0%84%EC%B2%A0%20%ED%99%98%EC%8A%B9%20%EC%A0%95%EB%B3%B4/%EC%88%98%EB%8F%84%EA%B6%8C%20%EC%A0%84%EC%B2%A0%204%ED%98%B8%EC%84%A0,,136,136
current_app,사당,4호선,총신대입구,2호선,낙성대,4-2,,verified_legacy,legacy_app,https://namu.wiki/w/%EC%88%98%EB%8F%84%EA%B6%8C%20%EC%A0%84%EC%B2%A0%20%ED%99%98%EC%8A%B9%20%EC%A0%95%EB%B3%B4/%EC%88%98%EB%8F%84%EA%B6%8C%20%EC%A0%84%EC%B2%A0%204%ED%98%B8%EC%84%A0,https://namu.wiki/w/%EC%88%98%EB%8F%84%EA%B6%8C%20%EC%A0%84%EC%B2%A0%20%ED%99%98%EC%8A%B9%20%EC%A0%95%EB%B3%B4/%EC%88%98%EB%8F%84%EA%B6%8C%20%EC%A0%84%EC%B2%A0%204%ED%98%B8%EC%84%A0,,136,136
current_app,사당,4호선,총신대입구,2호선,방배,10-4,,verified_legacy,legacy_app,https://namu.wiki/w/%EC%88%98%EB%8F%84%EA%B6%8C%20%EC%A0%84%EC%B2%A0%20%ED%99%98%EC%8A%B9%20%EC%A0%95%EB%B3%B4/%EC%88%98%EB%8F%84%EA%B6%8C%20%EC%A0%84%EC%B2%A0%204%ED%98%B8%EC%84%A0,https://namu.wiki/w/%EC%88%98%EB%8F%84%EA%B6%8C%20%EC%A0%84%EC%B2%A0%20%ED%99%98%EC%8A%B9%20%EC%A0%95%EB%B3%B4/%EC%88%98%EB%8F%84%EA%B6%8C%20%EC%A0%84%EC%B2%A0%204%ED%98%B8%EC%84%A0,,136,136
current_app,삼각지,4호선,숙대입구,6호선,녹사평,1-2,,verified_legacy,legacy_app,https://namu.wiki/w/%EC%88%98%EB%8F%84%EA%B6%8C%20%EC%A0%84%EC%B2%A0%20%ED%99%98%EC%8A%B9%20%EC%A0%95%EB%B3%B4/%EC%88%98%EB%8F%84%EA%B6%8C%20%EC%A0%84%EC%B2%A0%204%ED%98%B8%EC%84%A0,https://namu.wiki/w/%EC%88%98%EB%8F%84%EA%B6%8C%20%EC%A0%84%EC%B2%A0%20%ED%99%98%EC%8A%B9%20%EC%A0%95%EB%B3%B4/%EC%88%98%EB%8F%84%EA%B6%8C%20%EC%A0%84%EC%B2%A0%204%ED%98%B8%EC%84%A0,,234,234
current_app,삼각지,4호선,숙대입구,6호선,효창공원앞,1-2,,verified_legacy,legacy_app,https://namu.wiki/w/%EC%88%98%EB%8F%84%EA%B6%8C%20%EC%A0%84%EC%B2%A0%20%ED%99%98%EC%8A%B9%20%EC%A0%95%EB%B3%B4/%EC%88%98%EB%8F%84%EA%B6%8C%20%EC%A0%84%EC%B2%A0%204%ED%98%B8%EC%84%A0,https://namu.wiki/w/%EC%88%98%EB%8F%84%EA%B6%8C%20%EC%A0%84%EC%B2%A0%20%ED%99%98%EC%8A%B9%20%EC%A0%95%EB%B3%B4/%EC%88%98%EB%8F%84%EA%B6%8C%20%EC%A0%84%EC%B2%A0%204%ED%98%B8%EC%84%A0,,234,234
current_app,삼각지,4호선,신용산,6호선,녹사평,10-3,,verified_legacy,legacy_app,https://namu.wiki/w/%EC%88%98%EB%8F%84%EA%B6%8C%20%EC%A0%84%EC%B2%A0%20%ED%99%98%EC%8A%B9%20%EC%A0%95%EB%B3%B4/%EC%88%98%EB%8F%84%EA%B6%8C%20%EC%A0%84%EC%B2%A0%204%ED%98%B8%EC%84%A0,https://namu.wiki/w/%EC%88%98%EB%8F%84%EA%B6%8C%20%EC%A0%84%EC%B2%A0%20%ED%99%98%EC%8A%B9%20%EC%A0%95%EB%B3%B4/%EC%88%98%EB%8F%84%EA%B6%8C%20%EC%A0%84%EC%B2%A0%204%ED%98%B8%EC%84%A0,,234,234
current_app,삼각지,4호선,신용산,6호선,효창공원앞,10-3,,verified_legacy,legacy_app,https://namu.wiki/w/%EC%88%98%EB%8F%84%EA%B6%8C%20%EC%A0%84%EC%B2%A0%20%ED%99%98%EC%8A%B9%20%EC%A0%95%EB%B3%B4/%EC%88%98%EB%8F%84%EA%B6%8C%20%EC%A0%84%EC%B2%A0%204%ED%98%B8%EC%84%A0,https://namu.wiki/w/%EC%88%98%EB%8F%84%EA%B6%8C%20%EC%A0%84%EC%B2%A0%20%ED%99%98%EC%8A%B9%20%EC%A0%95%EB%B3%B4/%EC%88%98%EB%8F%84%EA%B6%8C%20%EC%A0%84%EC%B2%A0%204%ED%98%B8%EC%84%A0,,234,234
current_app,삼각지,6호선,녹사평,4호선,숙대입구,3-1,,verified_legacy,legacy_app,https://namu.wiki/w/%EC%88%98%EB%8F%84%EA%B6%8C%20%EC%A0%84%EC%B2%A0%20%ED%99%98%EC%8A%B9%20%EC%A0%95%EB%B3%B4/%EC%84%9C%EC%9A%B8%20%EC%A7%80%ED%95%98%EC%B2%A0%206%ED%98%B8%EC%84%A0,https://namu.wiki/w/%EC%88%98%EB%8F%84%EA%B6%8C%20%EC%A0%84%EC%B2%A0%20%ED%99%98%EC%8A%B9%20%EC%A0%95%EB%B3%B4/%EC%84%9C%EC%9A%B8%20%EC%A7%80%ED%95%98%EC%B2%A0%206%ED%98%B8%EC%84%A0,,234,234
current_app,삼각지,6호선,녹사평,4호선,신용산,6-4,,verified_legacy,legacy_app,https://namu.wiki/w/%EC%88%98%EB%8F%84%EA%B6%8C%20%EC%A0%84%EC%B2%A0%20%ED%99%98%EC%8A%B9%20%EC%A0%95%EB%B3%B4/%EC%84%9C%EC%9A%B8%20%EC%A7%80%ED%95%98%EC%B2%A0%206%ED%98%B8%EC%84%A0,https://namu.wiki/w/%EC%88%98%EB%8F%84%EA%B6%8C%20%EC%A0%84%EC%B2%A0%20%ED%99%98%EC%8A%B9%20%EC%A0%95%EB%B3%B4/%EC%84%9C%EC%9A%B8%20%EC%A7%80%ED%95%98%EC%B2%A0%206%ED%98%B8%EC%84%A0,,234,234
current_app,삼각지,6호선,효창공원앞,4호선,숙대입구,6-4,,verified_legacy,legacy_app,https://namu.wiki/w/%EC%88%98%EB%8F%84%EA%B6%8C%20%EC%A0%84%EC%B2%A0%20%ED%99%98%EC%8A%B9%20%EC%A0%95%EB%B3%B4/%EC%84%9C%EC%9A%B8%20%EC%A7%80%ED%95%98%EC%B2%A0%206%ED%98%B8%EC%84%A0,https://namu.wiki/w/%EC%88%98%EB%8F%84%EA%B6%8C%20%EC%A0%84%EC%B2%A0%20%ED%99%98%EC%8A%B9%20%EC%A0%95%EB%B3%B4/%EC%84%9C%EC%9A%B8%20%EC%A7%80%ED%95%98%EC%B2%A0%206%ED%98%B8%EC%84%A0,,234,234
current_app,삼각지,6호선,효창공원앞,4호선,신용산,2-4,,verified_legacy,legacy_app,https://namu.wiki/w/%EC%88%98%EB%8F%84%EA%B6%8C%20%EC%A0%84%EC%B2%A0%20%ED%99%98%EC%8A%B9%20%EC%A0%95%EB%B3%B4/%EC%84%9C%EC%9A%B8%20%EC%A7%80%ED%95%98%EC%B2%A0%206%ED%98%B8%EC%84%A0,https://namu.wiki/w/%EC%88%98%EB%8F%84%EA%B6%8C%20%EC%A0%84%EC%B2%A0%20%ED%99%98%EC%8A%B9%20%EC%A0%95%EB%B3%B4/%EC%84%9C%EC%9A%B8%20%EC%A7%80%ED%95%98%EC%B2%A0%206%ED%98%B8%EC%84%A0,,234,234
current_app,상봉,7호선,면목,경의중앙선,망우,6-1,,verified_legacy,legacy_app,https://namu.wiki/w/%EC%88%98%EB%8F%84%EA%B6%8C%20%EC%A0%84%EC%B2%A0%20%ED%99%98%EC%8A%B9%20%EC%A0%95%EB%B3%B4/%EC%84%9C%EC%9A%B8%20%EC%A7%80%ED%95%98%EC%B2%A0%207%ED%98%B8%EC%84%A0,https://namu.wiki/w/%EC%88%98%EB%8F%84%EA%B6%8C%20%EC%A0%84%EC%B2%A0%20%ED%99%98%EC%8A%B9%20%EC%A0%95%EB%B3%B4/%EC%84%9C%EC%9A%B8%20%EC%A7%80%ED%95%98%EC%B2%A0%207%ED%98%B8%EC%84%A0,,83,
current_app,상봉,7호선,면목,경의중앙선,중랑,6-1,,verified_legacy,legacy_app,https://namu.wiki/w/%EC%88%98%EB%8F%84%EA%B6%8C%20%EC%A0%84%EC%B2%A0%20%ED%99%98%EC%8A%B9%20%EC%A0%95%EB%B3%B4/%EC%84%9C%EC%9A%B8%20%EC%A7%80%ED%95%98%EC%B2%A0%207%ED%98%B8%EC%84%A0,https://namu.wiki/w/%EC%88%98%EB%8F%84%EA%B6%8C%20%EC%A0%84%EC%B2%A0%20%ED%99%98%EC%8A%B9%20%EC%A0%95%EB%B3%B4/%EC%84%9C%EC%9A%B8%20%EC%A7%80%ED%95%98%EC%B2%A0%207%ED%98%B8%EC%84%A0,,83,
current_app,상봉,7호선,면목,경춘선,망우,6-1,,verified_legacy,legacy_app,https://namu.wiki/w/%EC%88%98%EB%8F%84%EA%B6%8C%20%EC%A0%84%EC%B2%A0%20%ED%99%98%EC%8A%B9%20%EC%A0%95%EB%B3%B4/%EC%84%9C%EC%9A%B8%20%EC%A7%80%ED%95%98%EC%B2%A0%207%ED%98%B8%EC%84%A0,https://namu.wiki/w/%EC%88%98%EB%8F%84%EA%B6%8C%20%EC%A0%84%EC%B2%A0%20%ED%99%98%EC%8A%B9%20%EC%A0%95%EB%B3%B4/%EC%84%9C%EC%9A%B8%20%EC%A7%80%ED%95%98%EC%B2%A0%207%ED%98%B8%EC%84%A0,,240,240
current_app,상봉,7호선,중화,경의중앙선,망우,3-4,,verified_legacy,legacy_app,https://namu.wiki/w/%EC%88%98%EB%8F%84%EA%B6%8C%20%EC%A0%84%EC%B2%A0%20%ED%99%98%EC%8A%B9%20%EC%A0%95%EB%B3%B4/%EC%84%9C%EC%9A%B8%20%EC%A7%80%ED%95%98%EC%B2%A0%207%ED%98%B8%EC%84%A0,https://namu.wiki/w/%EC%88%98%EB%8F%84%EA%B6%8C%20%EC%A0%84%EC%B2%A0%20%ED%99%98%EC%8A%B9%20%EC%A0%95%EB%B3%B4/%EC%84%9C%EC%9A%B8%20%EC%A7%80%ED%95%98%EC%B2%A0%207%ED%98%B8%EC%84%A0,,83,
current_app,상봉,7호선,중화,경의중앙선,중랑,3-4,,verified_legacy,legacy_app,https://namu.wiki/w/%EC%88%98%EB%8F%84%EA%B6%8C%20%EC%A0%84%EC%B2%A0%20%ED%99%98%EC%8A%B9%20%EC%A0%95%EB%B3%B4/%EC%84%9C%EC%9A%B8%20%EC%A7%80%ED%95%98%EC%B2%A0%207%ED%98%B8%EC%84%A0,https://namu.wiki/w/%EC%88%98%EB%8F%84%EA%B6%8C%20%EC%A0%84%EC%B2%A0%20%ED%99%98%EC%8A%B9%20%EC%A0%95%EB%B3%B4/%EC%84%9C%EC%9A%B8%20%EC%A7%80%ED%95%98%EC%B2%A0%207%ED%98%B8%EC%84%A0,,83,
current_app,상봉,7호선,중화,경춘선,망우,3-4,,verified_legacy,legacy_app,https://namu.wiki/w/%EC%88%98%EB%8F%84%EA%B6%8C%20%EC%A0%84%EC%B2%A0%20%ED%99%98%EC%8A%B9%20%EC%A0%95%EB%B3%B4/%EC%84%9C%EC%9A%B8%20%EC%A7%80%ED%95%98%EC%B2%A0%207%ED%98%B8%EC%84%A0,https://namu.wiki/w/%EC%88%98%EB%8F%84%EA%B6%8C%20%EC%A0%84%EC%B2%A0%20%ED%99%98%EC%8A%B9%20%EC%A0%95%EB%B3%B4/%EC%84%9C%EC%9A%B8%20%EC%A7%80%ED%95%98%EC%B2%A0%207%ED%98%B8%EC%84%A0,,240,240
current_app,상봉,경의중앙선,망우,7호선,면목,4-2,,verified_legacy,legacy_app,https://namu.wiki/w/%EC%88%98%EB%8F%84%EA%B6%8C%20%EC%A0%84%EC%B2%A0%20%ED%99%98%EC%8A%B9%20%EC%A0%95%EB%B3%B4/%EC%88%98%EB%8F%84%EA%B6%8C%20%EC%A0%84%EC%B2%A0%20%EA%B2%BD%EC%9D%98%C2%B7%EC%A4%91%EC%95%99%EC%84%A0,https://namu.wiki/w/%EC%88%98%EB%8F%84%EA%B6%8C%20%EC%A0%84%EC%B2%A0%20%ED%99%98%EC%8A%B9%20%EC%A0%95%EB%B3%B4/%EC%88%98%EB%8F%84%EA%B6%8C%20%EC%A0%84%EC%B2%A0%20%EA%B2%BD%EC%9D%98%C2%B7%EC%A4%91%EC%95%99%EC%84%A0,,240,240
current_app,상봉,경의중앙선,망우,7호선,중화,4-2,,verified_legacy,legacy_app,https://namu.wiki/w/%EC%88%98%EB%8F%84%EA%B6%8C%20%EC%A0%84%EC%B2%A0%20%ED%99%98%EC%8A%B9%20%EC%A0%95%EB%B3%B4/%EC%88%98%EB%8F%84%EA%B6%8C%20%EC%A0%84%EC%B2%A0%20%EA%B2%BD%EC%9D%98%C2%B7%EC%A4%91%EC%95%99%EC%84%A0,https://namu.wiki/w/%EC%88%98%EB%8F%84%EA%B6%8C%20%EC%A0%84%EC%B2%A0%20%ED%99%98%EC%8A%B9%20%EC%A0%95%EB%B3%B4/%EC%88%98%EB%8F%84%EA%B6%8C%20%EC%A0%84%EC%B2%A0%20%EA%B2%BD%EC%9D%98%C2%B7%EC%A4%91%EC%95%99%EC%84%A0,,240,240
current_app,상봉,경의중앙선,망우,경춘선,망우,6-2,,verified_legacy,legacy_app,https://namu.wiki/w/%EC%88%98%EB%8F%84%EA%B6%8C%20%EC%A0%84%EC%B2%A0%20%ED%99%98%EC%8A%B9%20%EC%A0%95%EB%B3%B4/%EC%88%98%EB%8F%84%EA%B6%8C%20%EC%A0%84%EC%B2%A0%20%EA%B2%BD%EC%9D%98%C2%B7%EC%A4%91%EC%95%99%EC%84%A0,https://namu.wiki/w/%EC%88%98%EB%8F%84%EA%B6%8C%20%EC%A0%84%EC%B2%A0%20%ED%99%98%EC%8A%B9%20%EC%A0%95%EB%B3%B4/%EC%88%98%EB%8F%84%EA%B6%8C%20%EC%A0%84%EC%B2%A0%20%EA%B2%BD%EC%9D%98%C2%B7%EC%A4%91%EC%95%99%EC%84%A0,,120,120
current_app,상봉,경의중앙선,중랑,7호선,면목,6-2,,verified_legacy,legacy_app,https://namu.wiki/w/%EC%88%98%EB%8F%84%EA%B6%8C%20%EC%A0%84%EC%B2%A0%20%ED%99%98%EC%8A%B9%20%EC%A0%95%EB%B3%B4/%EC%88%98%EB%8F%84%EA%B6%8C%20%EC%A0%84%EC%B2%A0%20%EA%B2%BD%EC%9D%98%C2%B7%EC%A4%91%EC%95%99%EC%84%A0,https://namu.wiki/w/%EC%88%98%EB%8F%84%EA%B6%8C%20%EC%A0%84%EC%B2%A0%20%ED%99%98%EC%8A%B9%20%EC%A0%95%EB%B3%B4/%EC%88%98%EB%8F%84%EA%B6%8C%20%EC%A0%84%EC%B2%A0%20%EA%B2%BD%EC%9D%98%C2%B7%EC%A4%91%EC%95%99%EC%84%A0,,240,240
current_app,상봉,경의중앙선,중랑,7호선,중화,6-2,,verified_legacy,legacy_app,https://namu.wiki/w/%EC%88%98%EB%8F%84%EA%B6%8C%20%EC%A0%84%EC%B2%A0%20%ED%99%98%EC%8A%B9%20%EC%A0%95%EB%B3%B4/%EC%88%98%EB%8F%84%EA%B6%8C%20%EC%A0%84%EC%B2%A0%20%EA%B2%BD%EC%9D%98%C2%B7%EC%A4%91%EC%95%99%EC%84%A0,https://namu.wiki/w/%EC%88%98%EB%8F%84%EA%B6%8C%20%EC%A0%84%EC%B2%A0%20%ED%99%98%EC%8A%B9%20%EC%A0%95%EB%B3%B4/%EC%88%98%EB%8F%84%EA%B6%8C%20%EC%A0%84%EC%B2%A0%20%EA%B2%BD%EC%9D%98%C2%B7%EC%A4%91%EC%95%99%EC%84%A0,,240,240
current_app,상봉,경의중앙선,중랑,경춘선,망우,6-2,,verified_legacy,legacy_app,https://namu.wiki/w/%EC%88%98%EB%8F%84%EA%B6%8C%20%EC%A0%84%EC%B2%A0%20%ED%99%98%EC%8A%B9%20%EC%A0%95%EB%B3%B4/%EC%88%98%EB%8F%84%EA%B6%8C%20%EC%A0%84%EC%B2%A0%20%EA%B2%BD%EC%9D%98%C2%B7%EC%A4%91%EC%95%99%EC%84%A0,https://namu.wiki/w/%EC%88%98%EB%8F%84%EA%B6%8C%20%EC%A0%84%EC%B2%A0%20%ED%99%98%EC%8A%B9%20%EC%A0%95%EB%B3%B4/%EC%88%98%EB%8F%84%EA%B6%8C%20%EC%A0%84%EC%B2%A0%20%EA%B2%BD%EC%9D%98%C2%B7%EC%A4%91%EC%95%99%EC%84%A0,,120,120
current_app,상봉,경춘선,망우,경의중앙선,망우,4-4,,verified_legacy,legacy_app,https://namu.wiki/w/%EC%88%98%EB%8F%84%EA%B6%8C%20%EC%A0%84%EC%B2%A0%20%ED%99%98%EC%8A%B9%20%EC%A0%95%EB%B3%B4,https://namu.wiki/w/%EC%88%98%EB%8F%84%EA%B6%8C%20%EC%A0%84%EC%B2%A0%20%ED%99%98%EC%8A%B9%20%EC%A0%95%EB%B3%B4,,120,120
current_app,상봉,경춘선,면목,7호선,면목,7-4,,verified_legacy,legacy_app,https://namu.wiki/w/%EC%88%98%EB%8F%84%EA%B6%8C%20%EC%A0%84%EC%B2%A0%20%ED%99%98%EC%8A%B9%20%EC%A0%95%EB%B3%B4,https://namu.wiki/w/%EC%88%98%EB%8F%84%EA%B6%8C%20%EC%A0%84%EC%B2%A0%20%ED%99%98%EC%8A%B9%20%EC%A0%95%EB%B3%B4,,240,240
current_app,상봉,경춘선,중랑,경의중앙선,중랑,4-4,,verified_legacy,legacy_app,https://namu.wiki/w/%EC%88%98%EB%8F%84%EA%B6%8C%20%EC%A0%84%EC%B2%A0%20%ED%99%98%EC%8A%B9%20%EC%A0%95%EB%B3%B4,https://namu.wiki/w/%EC%88%98%EB%8F%84%EA%B6%8C%20%EC%A0%84%EC%B2%A0%20%ED%99%98%EC%8A%B9%20%EC%A0%95%EB%B3%B4,,120,120
current_app,상봉,경춘선,중화,7호선,중화,7-4,,verified_legacy,legacy_app,https://namu.wiki/w/%EC%88%98%EB%8F%84%EA%B6%8C%20%EC%A0%84%EC%B2%A0%20%ED%99%98%EC%8A%B9%20%EC%A0%95%EB%B3%B4,https://namu.wiki/w/%EC%88%98%EB%8F%84%EA%B6%8C%20%EC%A0%84%EC%B2%A0%20%ED%99%98%EC%8A%B9%20%EC%A0%95%EB%B3%B4,,240,240
current_app,서울역,1호선,남영,4호선,숙대입구,1-2,,verified_legacy,legacy_app,https://namu.wiki/w/%EC%88%98%EB%8F%84%EA%B6%8C%20%EC%A0%84%EC%B2%A0%20%ED%99%98%EC%8A%B9%20%EC%A0%95%EB%B3%B4/%EC%88%98%EB%8F%84%EA%B6%8C%20%EC%A0%84%EC%B2%A0%201%ED%98%B8%EC%84%A0,https://namu.wiki/w/%EC%88%98%EB%8F%84%EA%B6%8C%20%EC%A0%84%EC%B2%A0%20%ED%99%98%EC%8A%B9%20%EC%A0%95%EB%B3%B4/%EC%88%98%EB%8F%84%EA%B6%8C%20%EC%A0%84%EC%B2%A0%201%ED%98%B8%EC%84%A0,,214,214
current_app,서울역,1호선,남영,4호선,회현,1-2,,verified_legacy,legacy_app,https://namu.wiki/w/%EC%88%98%EB%8F%84%EA%B6%8C%20%EC%A0%84%EC%B2%A0%20%ED%99%98%EC%8A%B9%20%EC%A0%95%EB%B3%B4/%EC%88%98%EB%8F%84%EA%B6%8C%20%EC%A0%84%EC%B2%A0%201%ED%98%B8%EC%84%A0,https://namu.wiki/w/%EC%88%98%EB%8F%84%EA%B6%8C%20%EC%A0%84%EC%B2%A0%20%ED%99%98%EC%8A%B9%20%EC%A0%95%EB%B3%B4/%EC%88%98%EB%8F%84%EA%B6%8C%20%EC%A0%84%EC%B2%A0%201%ED%98%B8%EC%84%A0,,214,214
current_app,서울역,1호선,남영,공항철도,공덕,10-4,,verified_legacy,legacy_app,https://namu.wiki/w/%EC%88%98%EB%8F%84%EA%B6%8C%20%EC%A0%84%EC%B2%A0%20%ED%99%98%EC%8A%B9%20%EC%A0%95%EB%B3%B4/%EC%88%98%EB%8F%84%EA%B6%8C%20%EC%A0%84%EC%B2%A0%201%ED%98%B8%EC%84%A0,https://namu.wiki/w/%EC%88%98%EB%8F%84%EA%B6%8C%20%EC%A0%84%EC%B2%A0%20%ED%99%98%EC%8A%B9%20%EC%A0%95%EB%B3%B4/%EC%88%98%EB%8F%84%EA%B6%8C%20%EC%A0%84%EC%B2%A0%201%ED%98%B8%EC%84%A0,,600,600
current_app,서울역,1호선,시청,4호선,숙대입구,10-4,,verified_legacy,legacy_app,https://namu.wiki/w/%EC%88%98%EB%8F%84%EA%B6%8C%20%EC%A0%84%EC%B2%A0%20%ED%99%98%EC%8A%B9%20%EC%A0%95%EB%B3%B4/%EC%88%98%EB%8F%84%EA%B6%8C%20%EC%A0%84%EC%B2%A0%201%ED%98%B8%EC%84%A0,https://namu.wiki/w/%EC%88%98%EB%8F%84%EA%B6%8C%20%EC%A0%84%EC%B2%A0%20%ED%99%98%EC%8A%B9%20%EC%A0%95%EB%B3%B4/%EC%88%98%EB%8F%84%EA%B6%8C%20%EC%A0%84%EC%B2%A0%201%ED%98%B8%EC%84%A0,,214,214
current_app,서울역,1호선,시청,4호선,회현,10-4,,verified_legacy,legacy_app,https://namu.wiki/w/%EC%88%98%EB%8F%84%EA%B6%8C%20%EC%A0%84%EC%B2%A0%20%ED%99%98%EC%8A%B9%20%EC%A0%95%EB%B3%B4/%EC%88%98%EB%8F%84%EA%B6%8C%20%EC%A0%84%EC%B2%A0%201%ED%98%B8%EC%84%A0,https://namu.wiki/w/%EC%88%98%EB%8F%84%EA%B6%8C%20%EC%A0%84%EC%B2%A0%20%ED%99%98%EC%8A%B9%20%EC%A0%95%EB%B3%B4/%EC%88%98%EB%8F%84%EA%B6%8C%20%EC%A0%84%EC%B2%A0%201%ED%98%B8%EC%84%A0,,214,214
current_app,서울역,1호선,시청,공항철도,공덕,1-1,,verified_legacy,legacy_app,https://namu.wiki/w/%EC%88%98%EB%8F%84%EA%B6%8C%20%EC%A0%84%EC%B2%A0%20%ED%99%98%EC%8A%B9%20%EC%A0%95%EB%B3%B4/%EC%88%98%EB%8F%84%EA%B6%8C%20%EC%A0%84%EC%B2%A0%201%ED%98%B8%EC%84%A0,https://namu.wiki/w/%EC%88%98%EB%8F%84%EA%B6%8C%20%EC%A0%84%EC%B2%A0%20%ED%99%98%EC%8A%B9%20%EC%A0%95%EB%B3%B4/%EC%88%98%EB%8F%84%EA%B6%8C%20%EC%A0%84%EC%B2%A0%201%ED%98%B8%EC%84%A0,,600,600
current_app,서울역,4호선,숙대입구,1호선,남영,10-4,,verified_legacy,legacy_app,https://namu.wiki/w/%EC%88%98%EB%8F%84%EA%B6%8C%20%EC%A0%84%EC%B2%A0%20%ED%99%98%EC%8A%B9%20%EC%A0%95%EB%B3%B4/%EC%88%98%EB%8F%84%EA%B6%8C%20%EC%A0%84%EC%B2%A0%204%ED%98%B8%EC%84%A0,https://namu.wiki/w/%EC%88%98%EB%8F%84%EA%B6%8C%20%EC%A0%84%EC%B2%A0%20%ED%99%98%EC%8A%B9%20%EC%A0%95%EB%B3%B4/%EC%88%98%EB%8F%84%EA%B6%8C%20%EC%A0%84%EC%B2%A0%204%ED%98%B8%EC%84%A0,,214,214
current_app,서울역,4호선,숙대입구,1호선,시청,10-4,,verified_legacy,legacy_app,https://namu.wiki/w/%EC%88%98%EB%8F%84%EA%B6%8C%20%EC%A0%84%EC%B2%A0%20%ED%99%98%EC%8A%B9%20%EC%A0%95%EB%B3%B4/%EC%88%98%EB%8F%84%EA%B6%8C%20%EC%A0%84%EC%B2%A0%204%ED%98%B8%EC%84%A0,https://namu.wiki/w/%EC%88%98%EB%8F%84%EA%B6%8C%20%EC%A0%84%EC%B2%A0%20%ED%99%98%EC%8A%B9%20%EC%A0%95%EB%B3%B4/%EC%88%98%EB%8F%84%EA%B6%8C%20%EC%A0%84%EC%B2%A0%204%ED%98%B8%EC%84%A0,,214,214
current_app,서울역,4호선,숙대입구,공항철도,공덕,3-3,,verified_legacy,legacy_app,https://namu.wiki/w/%EC%88%98%EB%8F%84%EA%B6%8C%20%EC%A0%84%EC%B2%A0%20%ED%99%98%EC%8A%B9%20%EC%A0%95%EB%B3%B4/%EC%88%98%EB%8F%84%EA%B6%8C%20%EC%A0%84%EC%B2%A0%204%ED%98%B8%EC%84%A0,https://namu.wiki/w/%EC%88%98%EB%8F%84%EA%B6%8C%20%EC%A0%84%EC%B2%A0%20%ED%99%98%EC%8A%B9%20%EC%A0%95%EB%B3%B4/%EC%88%98%EB%8F%84%EA%B6%8C%20%EC%A0%84%EC%B2%A0%204%ED%98%B8%EC%84%A0,,600,600
current_app,서울역,4호선,회현,1호선,남영,1-1,,verified_legacy,legacy_app,https://namu.wiki/w/%EC%88%98%EB%8F%84%EA%B6%8C%20%EC%A0%84%EC%B2%A0%20%ED%99%98%EC%8A%B9%20%EC%A0%95%EB%B3%B4/%EC%88%98%EB%8F%84%EA%B6%8C%20%EC%A0%84%EC%B2%A0%204%ED%98%B8%EC%84%A0,https://namu.wiki/w/%EC%88%98%EB%8F%84%EA%B6%8C%20%EC%A0%84%EC%B2%A0%20%ED%99%98%EC%8A%B9%20%EC%A0%95%EB%B3%B4/%EC%88%98%EB%8F%84%EA%B6%8C%20%EC%A0%84%EC%B2%A0%204%ED%98%B8%EC%84%A0,,214,214
current_app,서울역,4호선,회현,1호선,시청,1-1,,verified_legacy,legacy_app,https://namu.wiki/w/%EC%88%98%EB%8F%84%EA%B6%8C%20%EC%A0%84%EC%B2%A0%20%ED%99%98%EC%8A%B9%20%EC%A0%95%EB%B3%B4/%EC%88%98%EB%8F%84%EA%B6%8C%20%EC%A0%84%EC%B2%A0%204%ED%98%B8%EC%84%A0,https://namu.wiki/w/%EC%88%98%EB%8F%84%EA%B6%8C%20%EC%A0%84%EC%B2%A0%20%ED%99%98%EC%8A%B9%20%EC%A0%95%EB%B3%B4/%EC%88%98%EB%8F%84%EA%B6%8C%20%EC%A0%84%EC%B2%A0%204%ED%98%B8%EC%84%A0,,214,214
current_app,서울역,4호선,회현,공항철도,공덕,8-1,,verified_legacy,legacy_app,https://namu.wiki/w/%EC%88%98%EB%8F%84%EA%B6%8C%20%EC%A0%84%EC%B2%A0%20%ED%99%98%EC%8A%B9%20%EC%A0%95%EB%B3%B4/%EC%88%98%EB%8F%84%EA%B6%8C%20%EC%A0%84%EC%B2%A0%204%ED%98%B8%EC%84%A0,https://namu.wiki/w/%EC%88%98%EB%8F%84%EA%B6%8C%20%EC%A0%84%EC%B2%A0%20%ED%99%98%EC%8A%B9%20%EC%A0%95%EB%B3%B4/%EC%88%98%EB%8F%84%EA%B6%8C%20%EC%A0%84%EC%B2%A0%204%ED%98%B8%EC%84%A0,,600,600
current_app,서울역,공항철도,남영,1호선,남영,3-2,,verified_legacy,legacy_app,https://namu.wiki/w/%EC%88%98%EB%8F%84%EA%B6%8C%20%EC%A0%84%EC%B2%A0%20%ED%99%98%EC%8A%B9%20%EC%A0%95%EB%B3%B4,https://namu.wiki/w/%EC%88%98%EB%8F%84%EA%B6%8C%20%EC%A0%84%EC%B2%A0%20%ED%99%98%EC%8A%B9%20%EC%A0%95%EB%B3%B4,,600,600
current_app,서울역,공항철도,숙대입구,4호선,숙대입구,3-2,,verified_legacy,legacy_app,https://namu.wiki/w/%EC%88%98%EB%8F%84%EA%B6%8C%20%EC%A0%84%EC%B2%A0%20%ED%99%98%EC%8A%B9%20%EC%A0%95%EB%B3%B4,https://namu.wiki/w/%EC%88%98%EB%8F%84%EA%B6%8C%20%EC%A0%84%EC%B2%A0%20%ED%99%98%EC%8A%B9%20%EC%A0%95%EB%B3%B4,,600,600
current_app,서울역,공항철도,시청,1호선,시청,3-2,,verified_legacy,legacy_app,https://namu.wiki/w/%EC%88%98%EB%8F%84%EA%B6%8C%20%EC%A0%84%EC%B2%A0%20%ED%99%98%EC%8A%B9%20%EC%A0%95%EB%B3%B4,https://namu.wiki/w/%EC%88%98%EB%8F%84%EA%B6%8C%20%EC%A0%84%EC%B2%A0%20%ED%99%98%EC%8A%B9%20%EC%A0%95%EB%B3%B4,,600,600
current_app,서울역,공항철도,회현,4호선,회현,3-2,,verified_legacy,legacy_app,https://namu.wiki/w/%EC%88%98%EB%8F%84%EA%B6%8C%20%EC%A0%84%EC%B2%A0%20%ED%99%98%EC%8A%B9%20%EC%A0%95%EB%B3%B4,https://namu.wiki/w/%EC%88%98%EB%8F%84%EA%B6%8C%20%EC%A0%84%EC%B2%A0%20%ED%99%98%EC%8A%B9%20%EC%A0%95%EB%B3%B4,,600,600
current_app,석계,1호선,광운대,6호선,돌곶이,10-4,,verified_legacy,legacy_app,https://namu.wiki/w/%EC%88%98%EB%8F%84%EA%B6%8C%20%EC%A0%84%EC%B2%A0%20%ED%99%98%EC%8A%B9%20%EC%A0%95%EB%B3%B4/%EC%88%98%EB%8F%84%EA%B6%8C%20%EC%A0%84%EC%B2%A0%201%ED%98%B8%EC%84%A0,https://namu.wiki/w/%EC%88%98%EB%8F%84%EA%B6%8C%20%EC%A0%84%EC%B2%A0%20%ED%99%98%EC%8A%B9%20%EC%A0%95%EB%B3%B4/%EC%88%98%EB%8F%84%EA%B6%8C%20%EC%A0%84%EC%B2%A0%201%ED%98%B8%EC%84%A0,,208,208
current_app,석계,1호선,광운대,6호선,태릉입구,10-4,,verified_legacy,legacy_app,https://namu.wiki/w/%EC%88%98%EB%8F%84%EA%B6%8C%20%EC%A0%84%EC%B2%A0%20%ED%99%98%EC%8A%B9%20%EC%A0%95%EB%B3%B4/%EC%88%98%EB%8F%84%EA%B6%8C%20%EC%A0%84%EC%B2%A0%201%ED%98%B8%EC%84%A0,https://namu.wiki/w/%EC%88%98%EB%8F%84%EA%B6%8C%20%EC%A0%84%EC%B2%A0%20%ED%99%98%EC%8A%B9%20%EC%A0%95%EB%B3%B4/%EC%88%98%EB%8F%84%EA%B6%8C%20%EC%A0%84%EC%B2%A0%201%ED%98%B8%EC%84%A0,,208,208
current_app,석계,1호선,신이문,6호선,돌곶이,1-1,,verified_legacy,legacy_app,https://namu.wiki/w/%EC%88%98%EB%8F%84%EA%B6%8C%20%EC%A0%84%EC%B2%A0%20%ED%99%98%EC%8A%B9%20%EC%A0%95%EB%B3%B4/%EC%88%98%EB%8F%84%EA%B6%8C%20%EC%A0%84%EC%B2%A0%201%ED%98%B8%EC%84%A0,https://namu.wiki/w/%EC%88%98%EB%8F%84%EA%B6%8C%20%EC%A0%84%EC%B2%A0%20%ED%99%98%EC%8A%B9%20%EC%A0%95%EB%B3%B4/%EC%88%98%EB%8F%84%EA%B6%8C%20%EC%A0%84%EC%B2%A0%201%ED%98%B8%EC%84%A0,,208,208
current_app,석계,1호선,신이문,6호선,태릉입구,1-1,,verified_legacy,legacy_app,https://namu.wiki/w/%EC%88%98%EB%8F%84%EA%B6%8C%20%EC%A0%84%EC%B2%A0%20%ED%99%98%EC%8A%B9%20%EC%A0%95%EB%B3%B4/%EC%88%98%EB%8F%84%EA%B6%8C%20%EC%A0%84%EC%B2%A0%201%ED%98%B8%EC%84%A0,https://namu.wiki/w/%EC%88%98%EB%8F%84%EA%B6%8C%20%EC%A0%84%EC%B2%A0%20%ED%99%98%EC%8A%B9%20%EC%A0%95%EB%B3%B4/%EC%88%98%EB%8F%84%EA%B6%8C%20%EC%A0%84%EC%B2%A0%201%ED%98%B8%EC%84%A0,,208,208
current_app,석계,6호선,돌곶이,1호선,광운대,4-3,,verified_legacy,legacy_app,https://namu.wiki/w/%EC%88%98%EB%8F%84%EA%B6%8C%20%EC%A0%84%EC%B2%A0%20%ED%99%98%EC%8A%B9%20%EC%A0%95%EB%B3%B4/%EC%84%9C%EC%9A%B8%20%EC%A7%80%ED%95%98%EC%B2%A0%206%ED%98%B8%EC%84%A0,https://namu.wiki/w/%EC%88%98%EB%8F%84%EA%B6%8C%20%EC%A0%84%EC%B2%A0%20%ED%99%98%EC%8A%B9%20%EC%A0%95%EB%B3%B4/%EC%84%9C%EC%9A%B8%20%EC%A7%80%ED%95%98%EC%B2%A0%206%ED%98%B8%EC%84%A0,,208,208
current_app,석계,6호선,돌곶이,1호선,신이문,4-3,,verified_legacy,legacy_app,https://namu.wiki/w/%EC%88%98%EB%8F%84%EA%B6%8C%20%EC%A0%84%EC%B2%A0%20%ED%99%98%EC%8A%B9%20%EC%A0%95%EB%B3%B4/%EC%84%9C%EC%9A%B8%20%EC%A7%80%ED%95%98%EC%B2%A0%206%ED%98%B8%EC%84%A0,https://namu.wiki/w/%EC%88%98%EB%8F%84%EA%B6%8C%20%EC%A0%84%EC%B2%A0%20%ED%99%98%EC%8A%B9%20%EC%A0%95%EB%B3%B4/%EC%84%9C%EC%9A%B8%20%EC%A7%80%ED%95%98%EC%B2%A0%206%ED%98%B8%EC%84%A0,,208,208
current_app,석계,6호선,태릉입구,1호선,광운대,5-2,,verified_legacy,legacy_app,https://namu.wiki/w/%EC%88%98%EB%8F%84%EA%B6%8C%20%EC%A0%84%EC%B2%A0%20%ED%99%98%EC%8A%B9%20%EC%A0%95%EB%B3%B4/%EC%84%9C%EC%9A%B8%20%EC%A7%80%ED%95%98%EC%B2%A0%206%ED%98%B8%EC%84%A0,https://namu.wiki/w/%EC%88%98%EB%8F%84%EA%B6%8C%20%EC%A0%84%EC%B2%A0%20%ED%99%98%EC%8A%B9%20%EC%A0%95%EB%B3%B4/%EC%84%9C%EC%9A%B8%20%EC%A7%80%ED%95%98%EC%B2%A0%206%ED%98%B8%EC%84%A0,,208,208
current_app,석계,6호선,태릉입구,1호선,신이문,5-2,,verified_legacy,legacy_app,https://namu.wiki/w/%EC%88%98%EB%8F%84%EA%B6%8C%20%EC%A0%84%EC%B2%A0%20%ED%99%98%EC%8A%B9%20%EC%A0%95%EB%B3%B4/%EC%84%9C%EC%9A%B8%20%EC%A7%80%ED%95%98%EC%B2%A0%206%ED%98%B8%EC%84%A0,https://namu.wiki/w/%EC%88%98%EB%8F%84%EA%B6%8C%20%EC%A0%84%EC%B2%A0%20%ED%99%98%EC%8A%B9%20%EC%A0%95%EB%B3%B4/%EC%84%9C%EC%9A%B8%20%EC%A7%80%ED%95%98%EC%B2%A0%206%ED%98%B8%EC%84%A0,,208,208
current_app,석촌,8호선,송파,9호선,,1-1,,verified_legacy,legacy_app,https://namu.wiki/w/%EC%88%98%EB%8F%84%EA%B6%8C%20%EC%A0%84%EC%B2%A0%20%ED%99%98%EC%8A%B9%20%EC%A0%95%EB%B3%B4,https://namu.wiki/w/%EC%88%98%EB%8F%84%EA%B6%8C%20%EC%A0%84%EC%B2%A0%20%ED%99%98%EC%8A%B9%20%EC%A0%95%EB%B3%B4,,68,
current_app,석촌,8호선,잠실,9호선,,6-4,,verified_legacy,legacy_app,https://namu.wiki/w/%EC%88%98%EB%8F%84%EA%B6%8C%20%EC%A0%84%EC%B2%A0%20%ED%99%98%EC%8A%B9%20%EC%A0%95%EB%B3%B4,https://namu.wiki/w/%EC%88%98%EB%8F%84%EA%B6%8C%20%EC%A0%84%EC%B2%A0%20%ED%99%98%EC%8A%B9%20%EC%A0%95%EB%B3%B4,,68,
current_app,석촌,9호선,석촌고분,8호선,송파,3-3,,verified_legacy,legacy_app,https://namu.wiki/w/%EC%88%98%EB%8F%84%EA%B6%8C%20%EC%A0%84%EC%B2%A0%20%ED%99%98%EC%8A%B9%20%EC%A0%95%EB%B3%B4/%EC%84%9C%EC%9A%B8%20%EC%A7%80%ED%95%98%EC%B2%A0%209%ED%98%B8%EC%84%A0,https://namu.wiki/w/%EC%88%98%EB%8F%84%EA%B6%8C%20%EC%A0%84%EC%B2%A0%20%ED%99%98%EC%8A%B9%20%EC%A0%95%EB%B3%B4/%EC%84%9C%EC%9A%B8%20%EC%A7%80%ED%95%98%EC%B2%A0%209%ED%98%B8%EC%84%A0,,120,120
current_app,석촌,9호선,석촌고분,8호선,잠실,4-4,,verified_legacy,legacy_app,https://namu.wiki/w/%EC%88%98%EB%8F%84%EA%B6%8C%20%EC%A0%84%EC%B2%A0%20%ED%99%98%EC%8A%B9%20%EC%A0%95%EB%B3%B4/%EC%84%9C%EC%9A%B8%20%EC%A7%80%ED%95%98%EC%B2%A0%209%ED%98%B8%EC%84%A0,https://namu.wiki/w/%EC%88%98%EB%8F%84%EA%B6%8C%20%EC%A0%84%EC%B2%A0%20%ED%99%98%EC%8A%B9%20%EC%A0%95%EB%B3%B4/%EC%84%9C%EC%9A%B8%20%EC%A7%80%ED%95%98%EC%B2%A0%209%ED%98%B8%EC%84%A0,,120,120
current_app,석촌,9호선,송파나루,8호선,송파,4-2,,verified_legacy,legacy_app,https://namu.wiki/w/%EC%88%98%EB%8F%84%EA%B6%8C%20%EC%A0%84%EC%B2%A0%20%ED%99%98%EC%8A%B9%20%EC%A0%95%EB%B3%B4/%EC%84%9C%EC%9A%B8%20%EC%A7%80%ED%95%98%EC%B2%A0%209%ED%98%B8%EC%84%A0,https://namu.wiki/w/%EC%88%98%EB%8F%84%EA%B6%8C%20%EC%A0%84%EC%B2%A0%20%ED%99%98%EC%8A%B9%20%EC%A0%95%EB%B3%B4/%EC%84%9C%EC%9A%B8%20%EC%A7%80%ED%95%98%EC%B2%A0%209%ED%98%B8%EC%84%A0,,120,120
current_app,석촌,9호선,송파나루,8호선,잠실,1-1,,verified_legacy,legacy_app,https://namu.wiki/w/%EC%88%98%EB%8F%84%EA%B6%8C%20%EC%A0%84%EC%B2%A0%20%ED%99%98%EC%8A%B9%20%EC%A0%95%EB%B3%B4/%EC%84%9C%EC%9A%B8%20%EC%A7%80%ED%95%98%EC%B2%A0%209%ED%98%B8%EC%84%A0,https://namu.wiki/w/%EC%88%98%EB%8F%84%EA%B6%8C%20%EC%A0%84%EC%B2%A0%20%ED%99%98%EC%8A%B9%20%EC%A0%95%EB%B3%B4/%EC%84%9C%EC%9A%B8%20%EC%A7%80%ED%95%98%EC%B2%A0%209%ED%98%B8%EC%84%A0,,120,120
current_app,선릉,2호선,삼성,수인분당선,선정릉,6-3,,verified_legacy,legacy_app,https://namu.wiki/w/%EC%88%98%EB%8F%84%EA%B6%8C%20%EC%A0%84%EC%B2%A0%20%ED%99%98%EC%8A%B9%20%EC%A0%95%EB%B3%B4/%EC%84%9C%EC%9A%B8%20%EC%A7%80%ED%95%98%EC%B2%A0%202%ED%98%B8%EC%84%A0,https://namu.wiki/w/%EC%88%98%EB%8F%84%EA%B6%8C%20%EC%A0%84%EC%B2%A0%20%ED%99%98%EC%8A%B9%20%EC%A0%95%EB%B3%B4/%EC%84%9C%EC%9A%B8%20%EC%A7%80%ED%95%98%EC%B2%A0%202%ED%98%B8%EC%84%A0,,300,300
current_app,선릉,2호선,삼성,수인분당선,한티,5-2,,verified_legacy,legacy_app,https://namu.wiki/w/%EC%88%98%EB%8F%84%EA%B6%8C%20%EC%A0%84%EC%B2%A0%20%ED%99%98%EC%8A%B9%20%EC%A0%95%EB%B3%B4/%EC%84%9C%EC%9A%B8%20%EC%A7%80%ED%95%98%EC%B2%A0%202%ED%98%B8%EC%84%A0,https://namu.wiki/w/%EC%88%98%EB%8F%84%EA%B6%8C%20%EC%A0%84%EC%B2%A0%20%ED%99%98%EC%8A%B9%20%EC%A0%95%EB%B3%B4/%EC%84%9C%EC%9A%B8%20%EC%A7%80%ED%95%98%EC%B2%A0%202%ED%98%B8%EC%84%A0,,300,300
current_app,선릉,2호선,역삼,수인분당선,선정릉,5-2,,verified_legacy,legacy_app,https://namu.wiki/w/%EC%88%98%EB%8F%84%EA%B6%8C%20%EC%A0%84%EC%B2%A0%20%ED%99%98%EC%8A%B9%20%EC%A0%95%EB%B3%B4/%EC%84%9C%EC%9A%B8%20%EC%A7%80%ED%95%98%EC%B2%A0%202%ED%98%B8%EC%84%A0,https://namu.wiki/w/%EC%88%98%EB%8F%84%EA%B6%8C%20%EC%A0%84%EC%B2%A0%20%ED%99%98%EC%8A%B9%20%EC%A0%95%EB%B3%B4/%EC%84%9C%EC%9A%B8%20%EC%A7%80%ED%95%98%EC%B2%A0%202%ED%98%B8%EC%84%A0,,300,300
current_app,선릉,2호선,역삼,수인분당선,한티,6-3,,verified_legacy,legacy_app,https://namu.wiki/w/%EC%88%98%EB%8F%84%EA%B6%8C%20%EC%A0%84%EC%B2%A0%20%ED%99%98%EC%8A%B9%20%EC%A0%95%EB%B3%B4/%EC%84%9C%EC%9A%B8%20%EC%A7%80%ED%95%98%EC%B2%A0%202%ED%98%B8%EC%84%A0,https://namu.wiki/w/%EC%88%98%EB%8F%84%EA%B6%8C%20%EC%A0%84%EC%B2%A0%20%ED%99%98%EC%8A%B9%20%EC%A0%95%EB%B3%B4/%EC%84%9C%EC%9A%B8%20%EC%A7%80%ED%95%98%EC%B2%A0%202%ED%98%B8%EC%84%A0,,300,300
current_app,선릉,수인분당선,선정릉,2호선,삼성,6-3,,verified_legacy,legacy_app,https://namu.wiki/w/%EC%88%98%EB%8F%84%EA%B6%8C%20%EC%A0%84%EC%B2%A0%20%ED%99%98%EC%8A%B9%20%EC%A0%95%EB%B3%B4/%EC%88%98%EB%8F%84%EA%B6%8C%20%EC%A0%84%EC%B2%A0%20%EC%88%98%EC%9D%B8%C2%B7%EB%B6%84%EB%8B%B9%EC%84%A0,https://namu.wiki/w/%EC%88%98%EB%8F%84%EA%B6%8C%20%EC%A0%84%EC%B2%A0%20%ED%99%98%EC%8A%B9%20%EC%A0%95%EB%B3%B4/%EC%88%98%EB%8F%84%EA%B6%8C%20%EC%A0%84%EC%B2%A0%20%EC%88%98%EC%9D%B8%C2%B7%EB%B6%84%EB%8B%B9%EC%84%A0,,300,300
current_app,선릉,수인분당선,선정릉,2호선,역삼,5-1,,verified_legacy,legacy_app,https://namu.wiki/w/%EC%88%98%EB%8F%84%EA%B6%8C%20%EC%A0%84%EC%B2%A0%20%ED%99%98%EC%8A%B9%20%EC%A0%95%EB%B3%B4/%EC%88%98%EB%8F%84%EA%B6%8C%20%EC%A0%84%EC%B2%A0%20%EC%88%98%EC%9D%B8%C2%B7%EB%B6%84%EB%8B%B9%EC%84%A0,https://namu.wiki/w/%EC%88%98%EB%8F%84%EA%B6%8C%20%EC%A0%84%EC%B2%A0%20%ED%99%98%EC%8A%B9%20%EC%A0%95%EB%B3%B4/%EC%88%98%EB%8F%84%EA%B6%8C%20%EC%A0%84%EC%B2%A0%20%EC%88%98%EC%9D%B8%C2%B7%EB%B6%84%EB%8B%B9%EC%84%A0,,300,300
current_app,선릉,수인분당선,한티,2호선,삼성,1-2,,verified_legacy,legacy_app,https://namu.wiki/w/%EC%88%98%EB%8F%84%EA%B6%8C%20%EC%A0%84%EC%B2%A0%20%ED%99%98%EC%8A%B9%20%EC%A0%95%EB%B3%B4/%EC%88%98%EB%8F%84%EA%B6%8C%20%EC%A0%84%EC%B2%A0%20%EC%88%98%EC%9D%B8%C2%B7%EB%B6%84%EB%8B%B9%EC%84%A0,https://namu.wiki/w/%EC%88%98%EB%8F%84%EA%B6%8C%20%EC%A0%84%EC%B2%A0%20%ED%99%98%EC%8A%B9%20%EC%A0%95%EB%B3%B4/%EC%88%98%EB%8F%84%EA%B6%8C%20%EC%A0%84%EC%B2%A0%20%EC%88%98%EC%9D%B8%C2%B7%EB%B6%84%EB%8B%B9%EC%84%A0,,300,300
current_app,선릉,수인분당선,한티,2호선,역삼,2-4,,verified_legacy,legacy_app,https://namu.wiki/w/%EC%88%98%EB%8F%84%EA%B6%8C%20%EC%A0%84%EC%B2%A0%20%ED%99%98%EC%8A%B9%20%EC%A0%95%EB%B3%B4/%EC%88%98%EB%8F%84%EA%B6%8C%20%EC%A0%84%EC%B2%A0%20%EC%88%98%EC%9D%B8%C2%B7%EB%B6%84%EB%8B%B9%EC%84%A0,https://namu.wiki/w/%EC%88%98%EB%8F%84%EA%B6%8C%20%EC%A0%84%EC%B2%A0%20%ED%99%98%EC%8A%B9%20%EC%A0%95%EB%B3%B4/%EC%88%98%EB%8F%84%EA%B6%8C%20%EC%A0%84%EC%B2%A0%20%EC%88%98%EC%9D%B8%C2%B7%EB%B6%84%EB%8B%B9%EC%84%A0,,300,300
current_app,선정릉,9호선,삼성중앙,수인분당선,,2-1,,verified_legacy,legacy_app,https://namu.wiki/w/%EC%88%98%EB%8F%84%EA%B6%8C%20%EC%A0%84%EC%B2%A0%20%ED%99%98%EC%8A%B9%20%EC%A0%95%EB%B3%B4/%EC%84%9C%EC%9A%B8%20%EC%A7%80%ED%95%98%EC%B2%A0%209%ED%98%B8%EC%84%A0,https://namu.wiki/w/%EC%88%98%EB%8F%84%EA%B6%8C%20%EC%A0%84%EC%B2%A0%20%ED%99%98%EC%8A%B9%20%EC%A0%95%EB%B3%B4/%EC%84%9C%EC%9A%B8%20%EC%A7%80%ED%95%98%EC%B2%A0%209%ED%98%B8%EC%84%A0,,120,120
current_app,선정릉,9호선,언주,수인분당선,,5-4,,verified_legacy,legacy_app,https://namu.wiki/w/%EC%88%98%EB%8F%84%EA%B6%8C%20%EC%A0%84%EC%B2%A0%20%ED%99%98%EC%8A%B9%20%EC%A0%95%EB%B3%B4/%EC%84%9C%EC%9A%B8%20%EC%A7%80%ED%95%98%EC%B2%A0%209%ED%98%B8%EC%84%A0,https://namu.wiki/w/%EC%88%98%EB%8F%84%EA%B6%8C%20%EC%A0%84%EC%B2%A0%20%ED%99%98%EC%8A%B9%20%EC%A0%95%EB%B3%B4/%EC%84%9C%EC%9A%B8%20%EC%A7%80%ED%95%98%EC%B2%A0%209%ED%98%B8%EC%84%A0,,120,120
current_app,선정릉,수인분당선,강남구청,9호선,,3-4,,verified_legacy,legacy_app,https://namu.wiki/w/%EC%88%98%EB%8F%84%EA%B6%8C%20%EC%A0%84%EC%B2%A0%20%ED%99%98%EC%8A%B9%20%EC%A0%95%EB%B3%B4/%EC%88%98%EB%8F%84%EA%B6%8C%20%EC%A0%84%EC%B2%A0%20%EC%88%98%EC%9D%B8%C2%B7%EB%B6%84%EB%8B%B9%EC%84%A0,https://namu.wiki/w/%EC%88%98%EB%8F%84%EA%B6%8C%20%EC%A0%84%EC%B2%A0%20%ED%99%98%EC%8A%B9%20%EC%A0%95%EB%B3%B4/%EC%88%98%EB%8F%84%EA%B6%8C%20%EC%A0%84%EC%B2%A0%20%EC%88%98%EC%9D%B8%C2%B7%EB%B6%84%EB%8B%B9%EC%84%A0,,240,
current_app,선정릉,수인분당선,선릉,9호선,,2-1,,verified_legacy,legacy_app,https://namu.wiki/w/%EC%88%98%EB%8F%84%EA%B6%8C%20%EC%A0%84%EC%B2%A0%20%ED%99%98%EC%8A%B9%20%EC%A0%95%EB%B3%B4/%EC%88%98%EB%8F%84%EA%B6%8C%20%EC%A0%84%EC%B2%A0%20%EC%88%98%EC%9D%B8%C2%B7%EB%B6%84%EB%8B%B9%EC%84%A0,https://namu.wiki/w/%EC%88%98%EB%8F%84%EA%B6%8C%20%EC%A0%84%EC%B2%A0%20%ED%99%98%EC%8A%B9%20%EC%A0%95%EB%B3%B4/%EC%88%98%EB%8F%84%EA%B6%8C%20%EC%A0%84%EC%B2%A0%20%EC%88%98%EC%9D%B8%C2%B7%EB%B6%84%EB%8B%B9%EC%84%A0,,240,
current_app,성수,2호선,건대입구,2호선,건대입구,4-4,,verified_legacy,legacy_app,https://namu.wiki/w/%EC%88%98%EB%8F%84%EA%B6%8C%20%EC%A0%84%EC%B2%A0%20%ED%99%98%EC%8A%B9%20%EC%A0%95%EB%B3%B4/%EC%84%9C%EC%9A%B8%20%EC%A7%80%ED%95%98%EC%B2%A0%202%ED%98%B8%EC%84%A0,https://namu.wiki/w/%EC%88%98%EB%8F%84%EA%B6%8C%20%EC%A0%84%EC%B2%A0%20%ED%99%98%EC%8A%B9%20%EC%A0%95%EB%B3%B4/%EC%84%9C%EC%9A%B8%20%EC%A7%80%ED%95%98%EC%B2%A0%202%ED%98%B8%EC%84%A0,,38,38
current_app,성수,2호선,건대입구,2호선,용답,10-4,,verified_legacy,legacy_app,https://namu.wiki/w/%EC%88%98%EB%8F%84%EA%B6%8C%20%EC%A0%84%EC%B2%A0%20%ED%99%98%EC%8A%B9%20%EC%A0%95%EB%B3%B4/%EC%84%9C%EC%9A%B8%20%EC%A7%80%ED%95%98%EC%B2%A0%202%ED%98%B8%EC%84%A0,https://namu.wiki/w/%EC%88%98%EB%8F%84%EA%B6%8C%20%EC%A0%84%EC%B2%A0%20%ED%99%98%EC%8A%B9%20%EC%A0%95%EB%B3%B4/%EC%84%9C%EC%9A%B8%20%EC%A7%80%ED%95%98%EC%B2%A0%202%ED%98%B8%EC%84%A0,,38,38
current_app,성수,2호선,뚝섬,2호선,뚝섬,모든 호차-모든 문,,verified_legacy,legacy_app,https://namu.wiki/w/%EC%88%98%EB%8F%84%EA%B6%8C%20%EC%A0%84%EC%B2%A0%20%ED%99%98%EC%8A%B9%20%EC%A0%95%EB%B3%B4/%EC%84%9C%EC%9A%B8%20%EC%A7%80%ED%95%98%EC%B2%A0%202%ED%98%B8%EC%84%A0,https://namu.wiki/w/%EC%88%98%EB%8F%84%EA%B6%8C%20%EC%A0%84%EC%B2%A0%20%ED%99%98%EC%8A%B9%20%EC%A0%95%EB%B3%B4/%EC%84%9C%EC%9A%B8%20%EC%A7%80%ED%95%98%EC%B2%A0%202%ED%98%B8%EC%84%A0,,38,38
current_app,성수,2호선,뚝섬,2호선,용답,3-1,,verified_legacy,legacy_app,https://namu.wiki/w/%EC%88%98%EB%8F%84%EA%B6%8C%20%EC%A0%84%EC%B2%A0%20%ED%99%98%EC%8A%B9%20%EC%A0%95%EB%B3%B4/%EC%84%9C%EC%9A%B8%20%EC%A7%80%ED%95%98%EC%B2%A0%202%ED%98%B8%EC%84%A0,https://namu.wiki/w/%EC%88%98%EB%8F%84%EA%B6%8C%20%EC%A0%84%EC%B2%A0%20%ED%99%98%EC%8A%B9%20%EC%A0%95%EB%B3%B4/%EC%84%9C%EC%9A%B8%20%EC%A7%80%ED%95%98%EC%B2%A0%202%ED%98%B8%EC%84%A0,,38,38
current_app,소사,1호선,부천,서해선,,3-4,,verified_legacy,legacy_app,https://namu.wiki/w/%EC%88%98%EB%8F%84%EA%B6%8C%20%EC%A0%84%EC%B2%A0%20%ED%99%98%EC%8A%B9%20%EC%A0%95%EB%B3%B4/%EC%88%98%EB%8F%84%EA%B6%8C%20%EC%A0%84%EC%B2%A0%201%ED%98%B8%EC%84%A0,https://namu.wiki/w/%EC%88%98%EB%8F%84%EA%B6%8C%20%EC%A0%84%EC%B2%A0%20%ED%99%98%EC%8A%B9%20%EC%A0%95%EB%B3%B4/%EC%88%98%EB%8F%84%EA%B6%8C%20%EC%A0%84%EC%B2%A0%201%ED%98%B8%EC%84%A0,,240,
current_app,소사,1호선,역곡,서해선,,8-1,,verified_legacy,legacy_app,https://namu.wiki/w/%EC%88%98%EB%8F%84%EA%B6%8C%20%EC%A0%84%EC%B2%A0%20%ED%99%98%EC%8A%B9%20%EC%A0%95%EB%B3%B4/%EC%88%98%EB%8F%84%EA%B6%8C%20%EC%A0%84%EC%B2%A0%201%ED%98%B8%EC%84%A0,https://namu.wiki/w/%EC%88%98%EB%8F%84%EA%B6%8C%20%EC%A0%84%EC%B2%A0%20%ED%99%98%EC%8A%B9%20%EC%A0%95%EB%B3%B4/%EC%88%98%EB%8F%84%EA%B6%8C%20%EC%A0%84%EC%B2%A0%201%ED%98%B8%EC%84%A0,,240,
current_app,소사,서해선,부천종합운동장,1호선,,4-4,,verified_legacy,legacy_app,https://namu.wiki/w/%EC%88%98%EB%8F%84%EA%B6%8C%20%EC%A0%84%EC%B2%A0%20%ED%99%98%EC%8A%B9%20%EC%A0%95%EB%B3%B4,https://namu.wiki/w/%EC%88%98%EB%8F%84%EA%B6%8C%20%EC%A0%84%EC%B2%A0%20%ED%99%98%EC%8A%B9%20%EC%A0%95%EB%B3%B4,,240,
current_app,소사,서해선,소새울,1호선,,1-1,,verified_legacy,legacy_app,https://namu.wiki/w/%EC%88%98%EB%8F%84%EA%B6%8C%20%EC%A0%84%EC%B2%A0%20%ED%99%98%EC%8A%B9%20%EC%A0%95%EB%B3%B4,https://namu.wiki/w/%EC%88%98%EB%8F%84%EA%B6%8C%20%EC%A0%84%EC%B2%A0%20%ED%99%98%EC%8A%B9%20%EC%A0%95%EB%B3%B4,,240,
current_app,수서,3호선,가락시장,수인분당선,대모산입구,8-4,,verified_legacy,legacy_app,https://namu.wiki/w/%EC%88%98%EB%8F%84%EA%B6%8C%20%EC%A0%84%EC%B2%A0%20%ED%99%98%EC%8A%B9%20%EC%A0%95%EB%B3%B4/%EC%88%98%EB%8F%84%EA%B6%8C%20%EC%A0%84%EC%B2%A0%203%ED%98%B8%EC%84%A0,https://namu.wiki/w/%EC%88%98%EB%8F%84%EA%B6%8C%20%EC%A0%84%EC%B2%A0%20%ED%99%98%EC%8A%B9%20%EC%A0%95%EB%B3%B4/%EC%88%98%EB%8F%84%EA%B6%8C%20%EC%A0%84%EC%B2%A0%203%ED%98%B8%EC%84%A0,,89,89
current_app,수서,3호선,가락시장,수인분당선,복정,9-1,,verified_legacy,legacy_app,https://namu.wiki/w/%EC%88%98%EB%8F%84%EA%B6%8C%20%EC%A0%84%EC%B2%A0%20%ED%99%98%EC%8A%B9%20%EC%A0%95%EB%B3%B4/%EC%88%98%EB%8F%84%EA%B6%8C%20%EC%A0%84%EC%B2%A0%203%ED%98%B8%EC%84%A0,https://namu.wiki/w/%EC%88%98%EB%8F%84%EA%B6%8C%20%EC%A0%84%EC%B2%A0%20%ED%99%98%EC%8A%B9%20%EC%A0%95%EB%B3%B4/%EC%88%98%EB%8F%84%EA%B6%8C%20%EC%A0%84%EC%B2%A0%203%ED%98%B8%EC%84%A0,,89,89
current_app,수서,3호선,일원,수인분당선,대모산입구,3-1,,verified_legacy,legacy_app,https://namu.wiki/w/%EC%88%98%EB%8F%84%EA%B6%8C%20%EC%A0%84%EC%B2%A0%20%ED%99%98%EC%8A%B9%20%EC%A0%95%EB%B3%B4/%EC%88%98%EB%8F%84%EA%B6%8C%20%EC%A0%84%EC%B2%A0%203%ED%98%B8%EC%84%A0,https://namu.wiki/w/%EC%88%98%EB%8F%84%EA%B6%8C%20%EC%A0%84%EC%B2%A0%20%ED%99%98%EC%8A%B9%20%EC%A0%95%EB%B3%B4/%EC%88%98%EB%8F%84%EA%B6%8C%20%EC%A0%84%EC%B2%A0%203%ED%98%B8%EC%84%A0,,89,89
current_app,수서,3호선,일원,수인분당선,복정,3-1,,verified_legacy,legacy_app,https://namu.wiki/w/%EC%88%98%EB%8F%84%EA%B6%8C%20%EC%A0%84%EC%B2%A0%20%ED%99%98%EC%8A%B9%20%EC%A0%95%EB%B3%B4/%EC%88%98%EB%8F%84%EA%B6%8C%20%EC%A0%84%EC%B2%A0%203%ED%98%B8%EC%84%A0,https://namu.wiki/w/%EC%88%98%EB%8F%84%EA%B6%8C%20%EC%A0%84%EC%B2%A0%20%ED%99%98%EC%8A%B9%20%EC%A0%95%EB%B3%B4/%EC%88%98%EB%8F%84%EA%B6%8C%20%EC%A0%84%EC%B2%A0%203%ED%98%B8%EC%84%A0,,89,89
current_app,수서,수인분당선,대모산입구,3호선,가락시장,6-1,,verified_legacy,legacy_app,https://namu.wiki/w/%EC%88%98%EB%8F%84%EA%B6%8C%20%EC%A0%84%EC%B2%A0%20%ED%99%98%EC%8A%B9%20%EC%A0%95%EB%B3%B4/%EC%88%98%EB%8F%84%EA%B6%8C%20%EC%A0%84%EC%B2%A0%20%EC%88%98%EC%9D%B8%C2%B7%EB%B6%84%EB%8B%B9%EC%84%A0,https://namu.wiki/w/%EC%88%98%EB%8F%84%EA%B6%8C%20%EC%A0%84%EC%B2%A0%20%ED%99%98%EC%8A%B9%20%EC%A0%95%EB%B3%B4/%EC%88%98%EB%8F%84%EA%B6%8C%20%EC%A0%84%EC%B2%A0%20%EC%88%98%EC%9D%B8%C2%B7%EB%B6%84%EB%8B%B9%EC%84%A0,,89,89
current_app,수서,수인분당선,대모산입구,3호선,일원,6-4,,verified_legacy,legacy_app,https://namu.wiki/w/%EC%88%98%EB%8F%84%EA%B6%8C%20%EC%A0%84%EC%B2%A0%20%ED%99%98%EC%8A%B9%20%EC%A0%95%EB%B3%B4/%EC%88%98%EB%8F%84%EA%B6%8C%20%EC%A0%84%EC%B2%A0%20%EC%88%98%EC%9D%B8%C2%B7%EB%B6%84%EB%8B%B9%EC%84%A0,https://namu.wiki/w/%EC%88%98%EB%8F%84%EA%B6%8C%20%EC%A0%84%EC%B2%A0%20%ED%99%98%EC%8A%B9%20%EC%A0%95%EB%B3%B4/%EC%88%98%EB%8F%84%EA%B6%8C%20%EC%A0%84%EC%B2%A0%20%EC%88%98%EC%9D%B8%C2%B7%EB%B6%84%EB%8B%B9%EC%84%A0,,89,89
current_app,수서,수인분당선,복정,3호선,가락시장,2-4,,verified_legacy,legacy_app,https://namu.wiki/w/%EC%88%98%EB%8F%84%EA%B6%8C%20%EC%A0%84%EC%B2%A0%20%ED%99%98%EC%8A%B9%20%EC%A0%95%EB%B3%B4/%EC%88%98%EB%8F%84%EA%B6%8C%20%EC%A0%84%EC%B2%A0%20%EC%88%98%EC%9D%B8%C2%B7%EB%B6%84%EB%8B%B9%EC%84%A0,https://namu.wiki/w/%EC%88%98%EB%8F%84%EA%B6%8C%20%EC%A0%84%EC%B2%A0%20%ED%99%98%EC%8A%B9%20%EC%A0%95%EB%B3%B4/%EC%88%98%EB%8F%84%EA%B6%8C%20%EC%A0%84%EC%B2%A0%20%EC%88%98%EC%9D%B8%C2%B7%EB%B6%84%EB%8B%B9%EC%84%A0,,89,89
current_app,수서,수인분당선,복정,3호선,일원,1-1,,verified_legacy,legacy_app,https://namu.wiki/w/%EC%88%98%EB%8F%84%EA%B6%8C%20%EC%A0%84%EC%B2%A0%20%ED%99%98%EC%8A%B9%20%EC%A0%95%EB%B3%B4/%EC%88%98%EB%8F%84%EA%B6%8C%20%EC%A0%84%EC%B2%A0%20%EC%88%98%EC%9D%B8%C2%B7%EB%B6%84%EB%8B%B9%EC%84%A0,https://namu.wiki/w/%EC%88%98%EB%8F%84%EA%B6%8C%20%EC%A0%84%EC%B2%A0%20%ED%99%98%EC%8A%B9%20%EC%A0%95%EB%B3%B4/%EC%88%98%EB%8F%84%EA%B6%8C%20%EC%A0%84%EC%B2%A0%20%EC%88%98%EC%9D%B8%C2%B7%EB%B6%84%EB%8B%B9%EC%84%A0,,89,89
current_app,수원,1호선,세류,수인분당선,매교,1-3,,verified_legacy,legacy_app,https://namu.wiki/w/%EC%88%98%EB%8F%84%EA%B6%8C%20%EC%A0%84%EC%B2%A0%20%ED%99%98%EC%8A%B9%20%EC%A0%95%EB%B3%B4/%EC%88%98%EB%8F%84%EA%B6%8C%20%EC%A0%84%EC%B2%A0%201%ED%98%B8%EC%84%A0,https://namu.wiki/w/%EC%88%98%EB%8F%84%EA%B6%8C%20%EC%A0%84%EC%B2%A0%20%ED%99%98%EC%8A%B9%20%EC%A0%95%EB%B3%B4/%EC%88%98%EB%8F%84%EA%B6%8C%20%EC%A0%84%EC%B2%A0%201%ED%98%B8%EC%84%A0,,420,420
current_app,수원,1호선,화서,수인분당선,매교,8-2,,verified_legacy,legacy_app,https://namu.wiki/w/%EC%88%98%EB%8F%84%EA%B6%8C%20%EC%A0%84%EC%B2%A0%20%ED%99%98%EC%8A%B9%20%EC%A0%95%EB%B3%B4/%EC%88%98%EB%8F%84%EA%B6%8C%20%EC%A0%84%EC%B2%A0%201%ED%98%B8%EC%84%A0,https://namu.wiki/w/%EC%88%98%EB%8F%84%EA%B6%8C%20%EC%A0%84%EC%B2%A0%20%ED%99%98%EC%8A%B9%20%EC%A0%95%EB%B3%B4/%EC%88%98%EB%8F%84%EA%B6%8C%20%EC%A0%84%EC%B2%A0%201%ED%98%B8%EC%84%A0,,420,420
current_app,수원,수인분당선,세류,1호선,세류,5-2,,verified_legacy,legacy_app,https://namu.wiki/w/%EC%88%98%EB%8F%84%EA%B6%8C%20%EC%A0%84%EC%B2%A0%20%ED%99%98%EC%8A%B9%20%EC%A0%95%EB%B3%B4/%EC%88%98%EB%8F%84%EA%B6%8C%20%EC%A0%84%EC%B2%A0%20%EC%88%98%EC%9D%B8%C2%B7%EB%B6%84%EB%8B%B9%EC%84%A0,https://namu.wiki/w/%EC%88%98%EB%8F%84%EA%B6%8C%20%EC%A0%84%EC%B2%A0%20%ED%99%98%EC%8A%B9%20%EC%A0%95%EB%B3%B4/%EC%88%98%EB%8F%84%EA%B6%8C%20%EC%A0%84%EC%B2%A0%20%EC%88%98%EC%9D%B8%C2%B7%EB%B6%84%EB%8B%B9%EC%84%A0,,420,420
current_app,수원,수인분당선,화서,1호선,화서,5-2,,verified_legacy,legacy_app,https://namu.wiki/w/%EC%88%98%EB%8F%84%EA%B6%8C%20%EC%A0%84%EC%B2%A0%20%ED%99%98%EC%8A%B9%20%EC%A0%95%EB%B3%B4/%EC%88%98%EB%8F%84%EA%B6%8C%20%EC%A0%84%EC%B2%A0%20%EC%88%98%EC%9D%B8%C2%B7%EB%B6%84%EB%8B%B9%EC%84%A0,https://namu.wiki/w/%EC%88%98%EB%8F%84%EA%B6%8C%20%EC%A0%84%EC%B2%A0%20%ED%99%98%EC%8A%B9%20%EC%A0%95%EB%B3%B4/%EC%88%98%EB%8F%84%EA%B6%8C%20%EC%A0%84%EC%B2%A0%20%EC%88%98%EC%9D%B8%C2%B7%EB%B6%84%EB%8B%B9%EC%84%A0,,420,420
current_app,시청,1호선,서울역,2호선,을지로입구,1-1,,verified_legacy,legacy_app,https://namu.wiki/w/%EC%88%98%EB%8F%84%EA%B6%8C%20%EC%A0%84%EC%B2%A0%20%ED%99%98%EC%8A%B9%20%EC%A0%95%EB%B3%B4/%EC%88%98%EB%8F%84%EA%B6%8C%20%EC%A0%84%EC%B2%A0%201%ED%98%B8%EC%84%A0,https://namu.wiki/w/%EC%88%98%EB%8F%84%EA%B6%8C%20%EC%A0%84%EC%B2%A0%20%ED%99%98%EC%8A%B9%20%EC%A0%95%EB%B3%B4/%EC%88%98%EB%8F%84%EA%B6%8C%20%EC%A0%84%EC%B2%A0%201%ED%98%B8%EC%84%A0,,212,212
current_app,시청,1호선,서울역,2호선,충정로,1-1,,verified_legacy,legacy_app,https://namu.wiki/w/%EC%88%98%EB%8F%84%EA%B6%8C%20%EC%A0%84%EC%B2%A0%20%ED%99%98%EC%8A%B9%20%EC%A0%95%EB%B3%B4/%EC%88%98%EB%8F%84%EA%B6%8C%20%EC%A0%84%EC%B2%A0%201%ED%98%B8%EC%84%A0,https://namu.wiki/w/%EC%88%98%EB%8F%84%EA%B6%8C%20%EC%A0%84%EC%B2%A0%20%ED%99%98%EC%8A%B9%20%EC%A0%95%EB%B3%B4/%EC%88%98%EB%8F%84%EA%B6%8C%20%EC%A0%84%EC%B2%A0%201%ED%98%B8%EC%84%A0,,212,212
current_app,시청,1호선,종각,2호선,을지로입구,10-4,,verified_legacy,legacy_app,https://namu.wiki/w/%EC%88%98%EB%8F%84%EA%B6%8C%20%EC%A0%84%EC%B2%A0%20%ED%99%98%EC%8A%B9%20%EC%A0%95%EB%B3%B4/%EC%88%98%EB%8F%84%EA%B6%8C%20%EC%A0%84%EC%B2%A0%201%ED%98%B8%EC%84%A0,https://namu.wiki/w/%EC%88%98%EB%8F%84%EA%B6%8C%20%EC%A0%84%EC%B2%A0%20%ED%99%98%EC%8A%B9%20%EC%A0%95%EB%B3%B4/%EC%88%98%EB%8F%84%EA%B6%8C%20%EC%A0%84%EC%B2%A0%201%ED%98%B8%EC%84%A0,,212,212
current_app,시청,1호선,종각,2호선,충정로,10-4,,verified_legacy,legacy_app,https://namu.wiki/w/%EC%88%98%EB%8F%84%EA%B6%8C%20%EC%A0%84%EC%B2%A0%20%ED%99%98%EC%8A%B9%20%EC%A0%95%EB%B3%B4/%EC%88%98%EB%8F%84%EA%B6%8C%20%EC%A0%84%EC%B2%A0%201%ED%98%B8%EC%84%A0,https://namu.wiki/w/%EC%88%98%EB%8F%84%EA%B6%8C%20%EC%A0%84%EC%B2%A0%20%ED%99%98%EC%8A%B9%20%EC%A0%95%EB%B3%B4/%EC%88%98%EB%8F%84%EA%B6%8C%20%EC%A0%84%EC%B2%A0%201%ED%98%B8%EC%84%A0,,212,212
current_app,시청,2호선,을지로입구,1호선,서울역,10-4,,verified_legacy,legacy_app,https://namu.wiki/w/%EC%88%98%EB%8F%84%EA%B6%8C%20%EC%A0%84%EC%B2%A0%20%ED%99%98%EC%8A%B9%20%EC%A0%95%EB%B3%B4/%EC%84%9C%EC%9A%B8%20%EC%A7%80%ED%95%98%EC%B2%A0%202%ED%98%B8%EC%84%A0,https://namu.wiki/w/%EC%88%98%EB%8F%84%EA%B6%8C%20%EC%A0%84%EC%B2%A0%20%ED%99%98%EC%8A%B9%20%EC%A0%95%EB%B3%B4/%EC%84%9C%EC%9A%B8%20%EC%A7%80%ED%95%98%EC%B2%A0%202%ED%98%B8%EC%84%A0,,212,212
current_app,시청,2호선,을지로입구,1호선,종각,10-4,,verified_legacy,legacy_app,https://namu.wiki/w/%EC%88%98%EB%8F%84%EA%B6%8C%20%EC%A0%84%EC%B2%A0%20%ED%99%98%EC%8A%B9%20%EC%A0%95%EB%B3%B4/%EC%84%9C%EC%9A%B8%20%EC%A7%80%ED%95%98%EC%B2%A0%202%ED%98%B8%EC%84%A0,https://namu.wiki/w/%EC%88%98%EB%8F%84%EA%B6%8C%20%EC%A0%84%EC%B2%A0%20%ED%99%98%EC%8A%B9%20%EC%A0%95%EB%B3%B4/%EC%84%9C%EC%9A%B8%20%EC%A7%80%ED%95%98%EC%B2%A0%202%ED%98%B8%EC%84%A0,,212,212
current_app,시청,2호선,충정로,1호선,서울역,1-1,,verified_legacy,legacy_app,https://namu.wiki/w/%EC%88%98%EB%8F%84%EA%B6%8C%20%EC%A0%84%EC%B2%A0%20%ED%99%98%EC%8A%B9%20%EC%A0%95%EB%B3%B4/%EC%84%9C%EC%9A%B8%20%EC%A7%80%ED%95%98%EC%B2%A0%202%ED%98%B8%EC%84%A0,https://namu.wiki/w/%EC%88%98%EB%8F%84%EA%B6%8C%20%EC%A0%84%EC%B2%A0%20%ED%99%98%EC%8A%B9%20%EC%A0%95%EB%B3%B4/%EC%84%9C%EC%9A%B8%20%EC%A7%80%ED%95%98%EC%B2%A0%202%ED%98%B8%EC%84%A0,,212,212
current_app,시청,2호선,충정로,1호선,종각,1-1,,verified_legacy,legacy_app,https://namu.wiki/w/%EC%88%98%EB%8F%84%EA%B6%8C%20%EC%A0%84%EC%B2%A0%20%ED%99%98%EC%8A%B9%20%EC%A0%95%EB%B3%B4/%EC%84%9C%EC%9A%B8%20%EC%A7%80%ED%95%98%EC%B2%A0%202%ED%98%B8%EC%84%A0,https://namu.wiki/w/%EC%88%98%EB%8F%84%EA%B6%8C%20%EC%A0%84%EC%B2%A0%20%ED%99%98%EC%8A%B9%20%EC%A0%95%EB%B3%B4/%EC%84%9C%EC%9A%B8%20%EC%A7%80%ED%95%98%EC%B2%A0%202%ED%98%B8%EC%84%A0,,212,212
current_app,신길,1호선,대방,5호선,여의도,8-4,,verified_legacy,legacy_app,https://namu.wiki/w/%EC%88%98%EB%8F%84%EA%B6%8C%20%EC%A0%84%EC%B2%A0%20%ED%99%98%EC%8A%B9%20%EC%A0%95%EB%B3%B4/%EC%88%98%EB%8F%84%EA%B6%8C%20%EC%A0%84%EC%B2%A0%201%ED%98%B8%EC%84%A0,https://namu.wiki/w/%EC%88%98%EB%8F%84%EA%B6%8C%20%EC%A0%84%EC%B2%A0%20%ED%99%98%EC%8A%B9%20%EC%A0%95%EB%B3%B4/%EC%88%98%EB%8F%84%EA%B6%8C%20%EC%A0%84%EC%B2%A0%201%ED%98%B8%EC%84%A0,,391,391
current_app,신길,1호선,대방,5호선,영등포시장,8-4,,verified_legacy,legacy_app,https://namu.wiki/w/%EC%88%98%EB%8F%84%EA%B6%8C%20%EC%A0%84%EC%B2%A0%20%ED%99%98%EC%8A%B9%20%EC%A0%95%EB%B3%B4/%EC%88%98%EB%8F%84%EA%B6%8C%20%EC%A0%84%EC%B2%A0%201%ED%98%B8%EC%84%A0,https://namu.wiki/w/%EC%88%98%EB%8F%84%EA%B6%8C%20%EC%A0%84%EC%B2%A0%20%ED%99%98%EC%8A%B9%20%EC%A0%95%EB%B3%B4/%EC%88%98%EB%8F%84%EA%B6%8C%20%EC%A0%84%EC%B2%A0%201%ED%98%B8%EC%84%A0,,391,391
current_app,신길,1호선,영등포,5호선,여의도,2-4,,verified_legacy,legacy_app,https://namu.wiki/w/%EC%88%98%EB%8F%84%EA%B6%8C%20%EC%A0%84%EC%B2%A0%20%ED%99%98%EC%8A%B9%20%EC%A0%95%EB%B3%B4/%EC%88%98%EB%8F%84%EA%B6%8C%20%EC%A0%84%EC%B2%A0%201%ED%98%B8%EC%84%A0,https://namu.wiki/w/%EC%88%98%EB%8F%84%EA%B6%8C%20%EC%A0%84%EC%B2%A0%20%ED%99%98%EC%8A%B9%20%EC%A0%95%EB%B3%B4/%EC%88%98%EB%8F%84%EA%B6%8C%20%EC%A0%84%EC%B2%A0%201%ED%98%B8%EC%84%A0,,391,391
current_app,신길,1호선,영등포,5호선,영등포시장,2-4,,verified_legacy,legacy_app,https://namu.wiki/w/%EC%88%98%EB%8F%84%EA%B6%8C%20%EC%A0%84%EC%B2%A0%20%ED%99%98%EC%8A%B9%20%EC%A0%95%EB%B3%B4/%EC%88%98%EB%8F%84%EA%B6%8C%20%EC%A0%84%EC%B2%A0%201%ED%98%B8%EC%84%A0,https://namu.wiki/w/%EC%88%98%EB%8F%84%EA%B6%8C%20%EC%A0%84%EC%B2%A0%20%ED%99%98%EC%8A%B9%20%EC%A0%95%EB%B3%B4/%EC%88%98%EB%8F%84%EA%B6%8C%20%EC%A0%84%EC%B2%A0%201%ED%98%B8%EC%84%A0,,391,391
current_app,신길,5호선,여의도,1호선,대방,2-2,,verified_legacy,legacy_app,https://namu.wiki/w/%EC%88%98%EB%8F%84%EA%B6%8C%20%EC%A0%84%EC%B2%A0%20%ED%99%98%EC%8A%B9%20%EC%A0%95%EB%B3%B4/%EC%88%98%EB%8F%84%EA%B6%8C%20%EC%A0%84%EC%B2%A0%205%ED%98%B8%EC%84%A0,https://namu.wiki/w/%EC%88%98%EB%8F%84%EA%B6%8C%20%EC%A0%84%EC%B2%A0%20%ED%99%98%EC%8A%B9%20%EC%A0%95%EB%B3%B4/%EC%88%98%EB%8F%84%EA%B6%8C%20%EC%A0%84%EC%B2%A0%205%ED%98%B8%EC%84%A0,,391,391
current_app,신길,5호선,여의도,1호선,영등포,2-2,,verified_legacy,legacy_app,https://namu.wiki/w/%EC%88%98%EB%8F%84%EA%B6%8C%20%EC%A0%84%EC%B2%A0%20%ED%99%98%EC%8A%B9%20%EC%A0%95%EB%B3%B4/%EC%88%98%EB%8F%84%EA%B6%8C%20%EC%A0%84%EC%B2%A0%205%ED%98%B8%EC%84%A0,https://namu.wiki/w/%EC%88%98%EB%8F%84%EA%B6%8C%20%EC%A0%84%EC%B2%A0%20%ED%99%98%EC%8A%B9%20%EC%A0%95%EB%B3%B4/%EC%88%98%EB%8F%84%EA%B6%8C%20%EC%A0%84%EC%B2%A0%205%ED%98%B8%EC%84%A0,,391,391
current_app,신길,5호선,영등포시장,1호선,대방,7-2,,verified_legacy,legacy_app,https://namu.wiki/w/%EC%88%98%EB%8F%84%EA%B6%8C%20%EC%A0%84%EC%B2%A0%20%ED%99%98%EC%8A%B9%20%EC%A0%95%EB%B3%B4/%EC%88%98%EB%8F%84%EA%B6%8C%20%EC%A0%84%EC%B2%A0%205%ED%98%B8%EC%84%A0,https://namu.wiki/w/%EC%88%98%EB%8F%84%EA%B6%8C%20%EC%A0%84%EC%B2%A0%20%ED%99%98%EC%8A%B9%20%EC%A0%95%EB%B3%B4/%EC%88%98%EB%8F%84%EA%B6%8C%20%EC%A0%84%EC%B2%A0%205%ED%98%B8%EC%84%A0,,391,391
current_app,신길,5호선,영등포시장,1호선,영등포,7-2,,verified_legacy,legacy_app,https://namu.wiki/w/%EC%88%98%EB%8F%84%EA%B6%8C%20%EC%A0%84%EC%B2%A0%20%ED%99%98%EC%8A%B9%20%EC%A0%95%EB%B3%B4/%EC%88%98%EB%8F%84%EA%B6%8C%20%EC%A0%84%EC%B2%A0%205%ED%98%B8%EC%84%A0,https://namu.wiki/w/%EC%88%98%EB%8F%84%EA%B6%8C%20%EC%A0%84%EC%B2%A0%20%ED%99%98%EC%8A%B9%20%EC%A0%95%EB%B3%B4/%EC%88%98%EB%8F%84%EA%B6%8C%20%EC%A0%84%EC%B2%A0%205%ED%98%B8%EC%84%A0,,391,391
current_app,신길온천,4호선,안산,수인분당선,안산,5-2,,verified_legacy,legacy_app,https://namu.wiki/w/%EC%88%98%EB%8F%84%EA%B6%8C%20%EC%A0%84%EC%B2%A0%20%ED%99%98%EC%8A%B9%20%EC%A0%95%EB%B3%B4/%EC%88%98%EB%8F%84%EA%B6%8C%20%EC%A0%84%EC%B2%A0%204%ED%98%B8%EC%84%A0,https://namu.wiki/w/%EC%88%98%EB%8F%84%EA%B6%8C%20%EC%A0%84%EC%B2%A0%20%ED%99%98%EC%8A%B9%20%EC%A0%95%EB%B3%B4/%EC%88%98%EB%8F%84%EA%B6%8C%20%EC%A0%84%EC%B2%A0%204%ED%98%B8%EC%84%A0,,420,420
current_app,신길온천,4호선,안산,수인분당선,정왕,5-2,,verified_legacy,legacy_app,https://namu.wiki/w/%EC%88%98%EB%8F%84%EA%B6%8C%20%EC%A0%84%EC%B2%A0%20%ED%99%98%EC%8A%B9%20%EC%A0%95%EB%B3%B4/%EC%88%98%EB%8F%84%EA%B6%8C%20%EC%A0%84%EC%B2%A0%204%ED%98%B8%EC%84%A0,https://namu.wiki/w/%EC%88%98%EB%8F%84%EA%B6%8C%20%EC%A0%84%EC%B2%A0%20%ED%99%98%EC%8A%B9%20%EC%A0%95%EB%B3%B4/%EC%88%98%EB%8F%84%EA%B6%8C%20%EC%A0%84%EC%B2%A0%204%ED%98%B8%EC%84%A0,,420,420
current_app,신길온천,4호선,정왕,수인분당선,안산,5-2,,verified_legacy,legacy_app,https://namu.wiki/w/%EC%88%98%EB%8F%84%EA%B6%8C%20%EC%A0%84%EC%B2%A0%20%ED%99%98%EC%8A%B9%20%EC%A0%95%EB%B3%B4/%EC%88%98%EB%8F%84%EA%B6%8C%20%EC%A0%84%EC%B2%A0%204%ED%98%B8%EC%84%A0,https://namu.wiki/w/%EC%88%98%EB%8F%84%EA%B6%8C%20%EC%A0%84%EC%B2%A0%20%ED%99%98%EC%8A%B9%20%EC%A0%95%EB%B3%B4/%EC%88%98%EB%8F%84%EA%B6%8C%20%EC%A0%84%EC%B2%A0%204%ED%98%B8%EC%84%A0,,420,420
current_app,신길온천,4호선,정왕,수인분당선,정왕,5-2,,verified_legacy,legacy_app,https://namu.wiki/w/%EC%88%98%EB%8F%84%EA%B6%8C%20%EC%A0%84%EC%B2%A0%20%ED%99%98%EC%8A%B9%20%EC%A0%95%EB%B3%B4/%EC%88%98%EB%8F%84%EA%B6%8C%20%EC%A0%84%EC%B2%A0%204%ED%98%B8%EC%84%A0,https://namu.wiki/w/%EC%88%98%EB%8F%84%EA%B6%8C%20%EC%A0%84%EC%B2%A0%20%ED%99%98%EC%8A%B9%20%EC%A0%95%EB%B3%B4/%EC%88%98%EB%8F%84%EA%B6%8C%20%EC%A0%84%EC%B2%A0%204%ED%98%B8%EC%84%A0,,420,420
current_app,신길온천,수인분당선,안산,4호선,안산,5-2,,verified_legacy,legacy_app,https://namu.wiki/w/%EC%88%98%EB%8F%84%EA%B6%8C%20%EC%A0%84%EC%B2%A0%20%ED%99%98%EC%8A%B9%20%EC%A0%95%EB%B3%B4/%EC%88%98%EB%8F%84%EA%B6%8C%20%EC%A0%84%EC%B2%A0%20%EC%88%98%EC%9D%B8%C2%B7%EB%B6%84%EB%8B%B9%EC%84%A0,https://namu.wiki/w/%EC%88%98%EB%8F%84%EA%B6%8C%20%EC%A0%84%EC%B2%A0%20%ED%99%98%EC%8A%B9%20%EC%A0%95%EB%B3%B4/%EC%88%98%EB%8F%84%EA%B6%8C%20%EC%A0%84%EC%B2%A0%20%EC%88%98%EC%9D%B8%C2%B7%EB%B6%84%EB%8B%B9%EC%84%A0,,420,420
current_app,신길온천,수인분당선,안산,4호선,정왕,5-2,,verified_legacy,legacy_app,https://namu.wiki/w/%EC%88%98%EB%8F%84%EA%B6%8C%20%EC%A0%84%EC%B2%A0%20%ED%99%98%EC%8A%B9%20%EC%A0%95%EB%B3%B4/%EC%88%98%EB%8F%84%EA%B6%8C%20%EC%A0%84%EC%B2%A0%20%EC%88%98%EC%9D%B8%C2%B7%EB%B6%84%EB%8B%B9%EC%84%A0,https://namu.wiki/w/%EC%88%98%EB%8F%84%EA%B6%8C%20%EC%A0%84%EC%B2%A0%20%ED%99%98%EC%8A%B9%20%EC%A0%95%EB%B3%B4/%EC%88%98%EB%8F%84%EA%B6%8C%20%EC%A0%84%EC%B2%A0%20%EC%88%98%EC%9D%B8%C2%B7%EB%B6%84%EB%8B%B9%EC%84%A0,,420,420
current_app,신길온천,수인분당선,정왕,4호선,안산,5-2,,verified_legacy,legacy_app,https://namu.wiki/w/%EC%88%98%EB%8F%84%EA%B6%8C%20%EC%A0%84%EC%B2%A0%20%ED%99%98%EC%8A%B9%20%EC%A0%95%EB%B3%B4/%EC%88%98%EB%8F%84%EA%B6%8C%20%EC%A0%84%EC%B2%A0%20%EC%88%98%EC%9D%B8%C2%B7%EB%B6%84%EB%8B%B9%EC%84%A0,https://namu.wiki/w/%EC%88%98%EB%8F%84%EA%B6%8C%20%EC%A0%84%EC%B2%A0%20%ED%99%98%EC%8A%B9%20%EC%A0%95%EB%B3%B4/%EC%88%98%EB%8F%84%EA%B6%8C%20%EC%A0%84%EC%B2%A0%20%EC%88%98%EC%9D%B8%C2%B7%EB%B6%84%EB%8B%B9%EC%84%A0,,420,420
current_app,신길온천,수인분당선,정왕,4호선,정왕,5-2,,verified_legacy,legacy_app,https://namu.wiki/w/%EC%88%98%EB%8F%84%EA%B6%8C%20%EC%A0%84%EC%B2%A0%20%ED%99%98%EC%8A%B9%20%EC%A0%95%EB%B3%B4/%EC%88%98%EB%8F%84%EA%B6%8C%20%EC%A0%84%EC%B2%A0%20%EC%88%98%EC%9D%B8%C2%B7%EB%B6%84%EB%8B%B9%EC%84%A0,https://namu.wiki/w/%EC%88%98%EB%8F%84%EA%B6%8C%20%EC%A0%84%EC%B2%A0%20%ED%99%98%EC%8A%B9%20%EC%A0%95%EB%B3%B4/%EC%88%98%EB%8F%84%EA%B6%8C%20%EC%A0%84%EC%B2%A0%20%EC%88%98%EC%9D%B8%C2%B7%EB%B6%84%EB%8B%B9%EC%84%A0,,420,420
current_app,신내,6호선,,경춘선,,7-4,,verified_legacy,legacy_app,https://namu.wiki/w/%EC%88%98%EB%8F%84%EA%B6%8C%20%EC%A0%84%EC%B2%A0%20%ED%99%98%EC%8A%B9%20%EC%A0%95%EB%B3%B4/%EC%84%9C%EC%9A%B8%20%EC%A7%80%ED%95%98%EC%B2%A0%206%ED%98%B8%EC%84%A0,https://namu.wiki/w/%EC%88%98%EB%8F%84%EA%B6%8C%20%EC%A0%84%EC%B2%A0%20%ED%99%98%EC%8A%B9%20%EC%A0%95%EB%B3%B4/%EC%84%9C%EC%9A%B8%20%EC%A7%80%ED%95%98%EC%B2%A0%206%ED%98%B8%EC%84%A0,,120,120
current_app,신내,경춘선,갈매,6호선,,4-4,,verified_legacy,legacy_app,https://namu.wiki/w/%EC%88%98%EB%8F%84%EA%B6%8C%20%EC%A0%84%EC%B2%A0%20%ED%99%98%EC%8A%B9%20%EC%A0%95%EB%B3%B4,https://namu.wiki/w/%EC%88%98%EB%8F%84%EA%B6%8C%20%EC%A0%84%EC%B2%A0%20%ED%99%98%EC%8A%B9%20%EC%A0%95%EB%B3%B4,,240,
current_app,신내,경춘선,망우,6호선,,4-1,,verified_legacy,legacy_app,https://namu.wiki/w/%EC%88%98%EB%8F%84%EA%B6%8C%20%EC%A0%84%EC%B2%A0%20%ED%99%98%EC%8A%B9%20%EC%A0%95%EB%B3%B4,https://namu.wiki/w/%EC%88%98%EB%8F%84%EA%B6%8C%20%EC%A0%84%EC%B2%A0%20%ED%99%98%EC%8A%B9%20%EC%A0%95%EB%B3%B4,,240,
current_app,신논현,9호선,고속터미널,신분당선,강남,6-4,,verified,namu_station,https://namu.wiki/w/%EC%88%98%EB%8F%84%EA%B6%8C%20%EC%A0%84%EC%B2%A0%20%ED%99%98%EC%8A%B9%20%EC%A0%95%EB%B3%B4/%EC%84%9C%EC%9A%B8%20%EC%A7%80%ED%95%98%EC%B2%A0%209%ED%98%B8%EC%84%A0,https://www.namu.moe/w/%EC%8B%A0%EB%85%BC%ED%98%84%EC%97%AD,9호선 개화 방면 급행,240,
current_app,신논현,9호선,고속터미널,신분당선,논현,6-4,,verified,namu_station,https://namu.wiki/w/%EC%88%98%EB%8F%84%EA%B6%8C%20%EC%A0%84%EC%B2%A0%20%ED%99%98%EC%8A%B9%20%EC%A0%95%EB%B3%B4/%EC%84%9C%EC%9A%B8%20%EC%A7%80%ED%95%98%EC%B2%A0%209%ED%98%B8%EC%84%A0,https://www.namu.moe/w/%EC%8B%A0%EB%85%BC%ED%98%84%EC%97%AD,9호선 개화 방면 급행,240,
current_app,신논현,9호선,사평,신분당선,강남,6-4,,verified,namu_station,https://namu.wiki/w/%EC%88%98%EB%8F%84%EA%B6%8C%20%EC%A0%84%EC%B2%A0%20%ED%99%98%EC%8A%B9%20%EC%A0%95%EB%B3%B4/%EC%84%9C%EC%9A%B8%20%EC%A7%80%ED%95%98%EC%B2%A0%209%ED%98%B8%EC%84%A0,https://www.namu.moe/w/%EC%8B%A0%EB%85%BC%ED%98%84%EC%97%AD,9호선 개화 방면 일반,240,
current_app,신논현,9호선,사평,신분당선,논현,6-4,,verified,namu_station,https://namu.wiki/w/%EC%88%98%EB%8F%84%EA%B6%8C%20%EC%A0%84%EC%B2%A0%20%ED%99%98%EC%8A%B9%20%EC%A0%95%EB%B3%B4/%EC%84%9C%EC%9A%B8%20%EC%A7%80%ED%95%98%EC%B2%A0%209%ED%98%B8%EC%84%A0,https://www.namu.moe/w/%EC%8B%A0%EB%85%BC%ED%98%84%EC%97%AD,9호선 개화 방면 일반,240,
current_app,신논현,9호선,선정릉,신분당선,강남,1-1,,verified,namu_station,https://namu.wiki/w/%EC%88%98%EB%8F%84%EA%B6%8C%20%EC%A0%84%EC%B2%A0%20%ED%99%98%EC%8A%B9%20%EC%A0%95%EB%B3%B4/%EC%84%9C%EC%9A%B8%20%EC%A7%80%ED%95%98%EC%B2%A0%209%ED%98%B8%EC%84%A0,https://www.namu.moe/w/%EC%8B%A0%EB%85%BC%ED%98%84%EC%97%AD,9호선 중앙보훈병원 방면 급행,240,
current_app,신논현,9호선,선정릉,신분당선,논현,1-1,,verified,namu_station,https://namu.wiki/w/%EC%88%98%EB%8F%84%EA%B6%8C%20%EC%A0%84%EC%B2%A0%20%ED%99%98%EC%8A%B9%20%EC%A0%95%EB%B3%B4/%EC%84%9C%EC%9A%B8%20%EC%A7%80%ED%95%98%EC%B2%A0%209%ED%98%B8%EC%84%A0,https://www.namu.moe/w/%EC%8B%A0%EB%85%BC%ED%98%84%EC%97%AD,9호선 중앙보훈병원 방면 급행,240,
current_app,신논현,9호선,언주,신분당선,강남,1-1,,verified,namu_station,https://namu.wiki/w/%EC%88%98%EB%8F%84%EA%B6%8C%20%EC%A0%84%EC%B2%A0%20%ED%99%98%EC%8A%B9%20%EC%A0%95%EB%B3%B4/%EC%84%9C%EC%9A%B8%20%EC%A7%80%ED%95%98%EC%B2%A0%209%ED%98%B8%EC%84%A0,https://www.namu.moe/w/%EC%8B%A0%EB%85%BC%ED%98%84%EC%97%AD,9호선 중앙보훈병원 방면 일반,240,
current_app,신논현,9호선,언주,신분당선,논현,1-1,,verified,namu_station,https://namu.wiki/w/%EC%88%98%EB%8F%84%EA%B6%8C%20%EC%A0%84%EC%B2%A0%20%ED%99%98%EC%8A%B9%20%EC%A0%95%EB%B3%B4/%EC%84%9C%EC%9A%B8%20%EC%A7%80%ED%95%98%EC%B2%A0%209%ED%98%B8%EC%84%A0,https://www.namu.moe/w/%EC%8B%A0%EB%85%BC%ED%98%84%EC%97%AD,9호선 중앙보훈병원 방면 일반,240,
current_app,신논현,신분당선,강남,9호선,고속터미널,6-3,6-4,verified,user_direct_verification,https://namu.wiki/w/%EC%88%98%EB%8F%84%EA%B6%8C%20%EC%A0%84%EC%B2%A0%20%ED%99%98%EC%8A%B9%20%EC%A0%95%EB%B3%B4,https://www.namu.moe/w/%EC%8B%A0%EB%85%BC%ED%98%84%EC%97%AD,사용자 직접 원문 확인: 신분당선 광교 방면 → 9호선 = 6-3. 미러 6-4보다 우선.,240,
current_app,신논현,신분당선,강남,9호선,사평,6-3,6-4,verified,user_direct_verification,https://namu.wiki/w/%EC%88%98%EB%8F%84%EA%B6%8C%20%EC%A0%84%EC%B2%A0%20%ED%99%98%EC%8A%B9%20%EC%A0%95%EB%B3%B4,https://www.namu.moe/w/%EC%8B%A0%EB%85%BC%ED%98%84%EC%97%AD,사용자 직접 원문 확인: 신분당선 광교 방면 → 9호선 = 6-3. 미러 6-4보다 우선.,240,
current_app,신논현,신분당선,강남,9호선,선정릉,6-3,6-4,verified,user_direct_verification,https://namu.wiki/w/%EC%88%98%EB%8F%84%EA%B6%8C%20%EC%A0%84%EC%B2%A0%20%ED%99%98%EC%8A%B9%20%EC%A0%95%EB%B3%B4,https://www.namu.moe/w/%EC%8B%A0%EB%85%BC%ED%98%84%EC%97%AD,사용자 직접 원문 확인: 신분당선 광교 방면 → 9호선 = 6-3. 미러 6-4보다 우선.,240,
current_app,신논현,신분당선,강남,9호선,언주,6-3,6-4,verified,user_direct_verification,https://namu.wiki/w/%EC%88%98%EB%8F%84%EA%B6%8C%20%EC%A0%84%EC%B2%A0%20%ED%99%98%EC%8A%B9%20%EC%A0%95%EB%B3%B4,https://www.namu.moe/w/%EC%8B%A0%EB%85%BC%ED%98%84%EC%97%AD,사용자 직접 원문 확인: 신분당선 광교 방면 → 9호선 = 6-3. 미러 6-4보다 우선.,240,
current_app,신논현,신분당선,논현,9호선,고속터미널,1-2,,verified,namu_station,https://namu.wiki/w/%EC%88%98%EB%8F%84%EA%B6%8C%20%EC%A0%84%EC%B2%A0%20%ED%99%98%EC%8A%B9%20%EC%A0%95%EB%B3%B4,https://www.namu.moe/w/%EC%8B%A0%EB%85%BC%ED%98%84%EC%97%AD,신분당선 신사 방면,240,
current_app,신논현,신분당선,논현,9호선,사평,1-2,,verified,namu_station,https://namu.wiki/w/%EC%88%98%EB%8F%84%EA%B6%8C%20%EC%A0%84%EC%B2%A0%20%ED%99%98%EC%8A%B9%20%EC%A0%95%EB%B3%B4,https://www.namu.moe/w/%EC%8B%A0%EB%85%BC%ED%98%84%EC%97%AD,신분당선 신사 방면,240,
current_app,신논현,신분당선,논현,9호선,선정릉,1-2,,verified,namu_station,https://namu.wiki/w/%EC%88%98%EB%8F%84%EA%B6%8C%20%EC%A0%84%EC%B2%A0%20%ED%99%98%EC%8A%B9%20%EC%A0%95%EB%B3%B4,https://www.namu.moe/w/%EC%8B%A0%EB%85%BC%ED%98%84%EC%97%AD,신분당선 신사 방면,240,
current_app,신논현,신분당선,논현,9호선,언주,1-2,,verified,namu_station,https://namu.wiki/w/%EC%88%98%EB%8F%84%EA%B6%8C%20%EC%A0%84%EC%B2%A0%20%ED%99%98%EC%8A%B9%20%EC%A0%95%EB%B3%B4,https://www.namu.moe/w/%EC%8B%A0%EB%85%BC%ED%98%84%EC%97%AD,신분당선 신사 방면,240,
current_app,신당,2호선,동대문역사문화공원,6호선,동묘앞,1-1,,verified_legacy,legacy_app,https://namu.wiki/w/%EC%88%98%EB%8F%84%EA%B6%8C%20%EC%A0%84%EC%B2%A0%20%ED%99%98%EC%8A%B9%20%EC%A0%95%EB%B3%B4/%EC%84%9C%EC%9A%B8%20%EC%A7%80%ED%95%98%EC%B2%A0%202%ED%98%B8%EC%84%A0,https://namu.wiki/w/%EC%88%98%EB%8F%84%EA%B6%8C%20%EC%A0%84%EC%B2%A0%20%ED%99%98%EC%8A%B9%20%EC%A0%95%EB%B3%B4/%EC%84%9C%EC%9A%B8%20%EC%A7%80%ED%95%98%EC%B2%A0%202%ED%98%B8%EC%84%A0,,241,241
current_app,신당,2호선,동대문역사문화공원,6호선,청구,1-1,,verified_legacy,legacy_app,https://namu.wiki/w/%EC%88%98%EB%8F%84%EA%B6%8C%20%EC%A0%84%EC%B2%A0%20%ED%99%98%EC%8A%B9%20%EC%A0%95%EB%B3%B4/%EC%84%9C%EC%9A%B8%20%EC%A7%80%ED%95%98%EC%B2%A0%202%ED%98%B8%EC%84%A0,https://namu.wiki/w/%EC%88%98%EB%8F%84%EA%B6%8C%20%EC%A0%84%EC%B2%A0%20%ED%99%98%EC%8A%B9%20%EC%A0%95%EB%B3%B4/%EC%84%9C%EC%9A%B8%20%EC%A7%80%ED%95%98%EC%B2%A0%202%ED%98%B8%EC%84%A0,,241,241
current_app,신당,2호선,상왕십리,6호선,동묘앞,10-4,,verified_legacy,legacy_app,https://namu.wiki/w/%EC%88%98%EB%8F%84%EA%B6%8C%20%EC%A0%84%EC%B2%A0%20%ED%99%98%EC%8A%B9%20%EC%A0%95%EB%B3%B4/%EC%84%9C%EC%9A%B8%20%EC%A7%80%ED%95%98%EC%B2%A0%202%ED%98%B8%EC%84%A0,https://namu.wiki/w/%EC%88%98%EB%8F%84%EA%B6%8C%20%EC%A0%84%EC%B2%A0%20%ED%99%98%EC%8A%B9%20%EC%A0%95%EB%B3%B4/%EC%84%9C%EC%9A%B8%20%EC%A7%80%ED%95%98%EC%B2%A0%202%ED%98%B8%EC%84%A0,,241,241
current_app,신당,2호선,상왕십리,6호선,청구,10-4,,verified_legacy,legacy_app,https://namu.wiki/w/%EC%88%98%EB%8F%84%EA%B6%8C%20%EC%A0%84%EC%B2%A0%20%ED%99%98%EC%8A%B9%20%EC%A0%95%EB%B3%B4/%EC%84%9C%EC%9A%B8%20%EC%A7%80%ED%95%98%EC%B2%A0%202%ED%98%B8%EC%84%A0,https://namu.wiki/w/%EC%88%98%EB%8F%84%EA%B6%8C%20%EC%A0%84%EC%B2%A0%20%ED%99%98%EC%8A%B9%20%EC%A0%95%EB%B3%B4/%EC%84%9C%EC%9A%B8%20%EC%A7%80%ED%95%98%EC%B2%A0%202%ED%98%B8%EC%84%A0,,241,241
current_app,신당,6호선,동묘앞,2호선,동대문역사문화공원,8-4,,verified_legacy,legacy_app,https://namu.wiki/w/%EC%88%98%EB%8F%84%EA%B6%8C%20%EC%A0%84%EC%B2%A0%20%ED%99%98%EC%8A%B9%20%EC%A0%95%EB%B3%B4/%EC%84%9C%EC%9A%B8%20%EC%A7%80%ED%95%98%EC%B2%A0%206%ED%98%B8%EC%84%A0,https://namu.wiki/w/%EC%88%98%EB%8F%84%EA%B6%8C%20%EC%A0%84%EC%B2%A0%20%ED%99%98%EC%8A%B9%20%EC%A0%95%EB%B3%B4/%EC%84%9C%EC%9A%B8%20%EC%A7%80%ED%95%98%EC%B2%A0%206%ED%98%B8%EC%84%A0,,241,241
current_app,신당,6호선,동묘앞,2호선,상왕십리,8-4,,verified_legacy,legacy_app,https://namu.wiki/w/%EC%88%98%EB%8F%84%EA%B6%8C%20%EC%A0%84%EC%B2%A0%20%ED%99%98%EC%8A%B9%20%EC%A0%95%EB%B3%B4/%EC%84%9C%EC%9A%B8%20%EC%A7%80%ED%95%98%EC%B2%A0%206%ED%98%B8%EC%84%A0,https://namu.wiki/w/%EC%88%98%EB%8F%84%EA%B6%8C%20%EC%A0%84%EC%B2%A0%20%ED%99%98%EC%8A%B9%20%EC%A0%95%EB%B3%B4/%EC%84%9C%EC%9A%B8%20%EC%A7%80%ED%95%98%EC%B2%A0%206%ED%98%B8%EC%84%A0,,241,241
current_app,신당,6호선,청구,2호선,동대문역사문화공원,1-1,,verified_legacy,legacy_app,https://namu.wiki/w/%EC%88%98%EB%8F%84%EA%B6%8C%20%EC%A0%84%EC%B2%A0%20%ED%99%98%EC%8A%B9%20%EC%A0%95%EB%B3%B4/%EC%84%9C%EC%9A%B8%20%EC%A7%80%ED%95%98%EC%B2%A0%206%ED%98%B8%EC%84%A0,https://namu.wiki/w/%EC%88%98%EB%8F%84%EA%B6%8C%20%EC%A0%84%EC%B2%A0%20%ED%99%98%EC%8A%B9%20%EC%A0%95%EB%B3%B4/%EC%84%9C%EC%9A%B8%20%EC%A7%80%ED%95%98%EC%B2%A0%206%ED%98%B8%EC%84%A0,,241,241
current_app,신당,6호선,청구,2호선,상왕십리,1-1,,verified_legacy,legacy_app,https://namu.wiki/w/%EC%88%98%EB%8F%84%EA%B6%8C%20%EC%A0%84%EC%B2%A0%20%ED%99%98%EC%8A%B9%20%EC%A0%95%EB%B3%B4/%EC%84%9C%EC%9A%B8%20%EC%A7%80%ED%95%98%EC%B2%A0%206%ED%98%B8%EC%84%A0,https://namu.wiki/w/%EC%88%98%EB%8F%84%EA%B6%8C%20%EC%A0%84%EC%B2%A0%20%ED%99%98%EC%8A%B9%20%EC%A0%95%EB%B3%B4/%EC%84%9C%EC%9A%B8%20%EC%A7%80%ED%95%98%EC%B2%A0%206%ED%98%B8%EC%84%A0,,241,241
current_app,신도림,1호선,구로,2호선,대림,2-3,,verified_legacy,legacy_app,https://namu.wiki/w/%EC%88%98%EB%8F%84%EA%B6%8C%20%EC%A0%84%EC%B2%A0%20%ED%99%98%EC%8A%B9%20%EC%A0%95%EB%B3%B4/%EC%88%98%EB%8F%84%EA%B6%8C%20%EC%A0%84%EC%B2%A0%201%ED%98%B8%EC%84%A0,https://namu.wiki/w/%EC%88%98%EB%8F%84%EA%B6%8C%20%EC%A0%84%EC%B2%A0%20%ED%99%98%EC%8A%B9%20%EC%A0%95%EB%B3%B4/%EC%88%98%EB%8F%84%EA%B6%8C%20%EC%A0%84%EC%B2%A0%201%ED%98%B8%EC%84%A0,,188,188
current_app,신도림,1호선,구로,2호선,도림천,2-3,,verified_legacy,legacy_app,https://namu.wiki/w/%EC%88%98%EB%8F%84%EA%B6%8C%20%EC%A0%84%EC%B2%A0%20%ED%99%98%EC%8A%B9%20%EC%A0%95%EB%B3%B4/%EC%88%98%EB%8F%84%EA%B6%8C%20%EC%A0%84%EC%B2%A0%201%ED%98%B8%EC%84%A0,https://namu.wiki/w/%EC%88%98%EB%8F%84%EA%B6%8C%20%EC%A0%84%EC%B2%A0%20%ED%99%98%EC%8A%B9%20%EC%A0%95%EB%B3%B4/%EC%88%98%EB%8F%84%EA%B6%8C%20%EC%A0%84%EC%B2%A0%201%ED%98%B8%EC%84%A0,,188,148
current_app,신도림,1호선,구로,2호선,문래,2-3,,verified_legacy,legacy_app,https://namu.wiki/w/%EC%88%98%EB%8F%84%EA%B6%8C%20%EC%A0%84%EC%B2%A0%20%ED%99%98%EC%8A%B9%20%EC%A0%95%EB%B3%B4/%EC%88%98%EB%8F%84%EA%B6%8C%20%EC%A0%84%EC%B2%A0%201%ED%98%B8%EC%84%A0,https://namu.wiki/w/%EC%88%98%EB%8F%84%EA%B6%8C%20%EC%A0%84%EC%B2%A0%20%ED%99%98%EC%8A%B9%20%EC%A0%95%EB%B3%B4/%EC%88%98%EB%8F%84%EA%B6%8C%20%EC%A0%84%EC%B2%A0%201%ED%98%B8%EC%84%A0,,188,188
current_app,신도림,1호선,영등포,2호선,대림,5-1,,verified_legacy,legacy_app,https://namu.wiki/w/%EC%88%98%EB%8F%84%EA%B6%8C%20%EC%A0%84%EC%B2%A0%20%ED%99%98%EC%8A%B9%20%EC%A0%95%EB%B3%B4/%EC%88%98%EB%8F%84%EA%B6%8C%20%EC%A0%84%EC%B2%A0%201%ED%98%B8%EC%84%A0,https://namu.wiki/w/%EC%88%98%EB%8F%84%EA%B6%8C%20%EC%A0%84%EC%B2%A0%20%ED%99%98%EC%8A%B9%20%EC%A0%95%EB%B3%B4/%EC%88%98%EB%8F%84%EA%B6%8C%20%EC%A0%84%EC%B2%A0%201%ED%98%B8%EC%84%A0,,188,188
current_app,신도림,1호선,영등포,2호선,도림천,5-1,,verified_legacy,legacy_app,https://namu.wiki/w/%EC%88%98%EB%8F%84%EA%B6%8C%20%EC%A0%84%EC%B2%A0%20%ED%99%98%EC%8A%B9%20%EC%A0%95%EB%B3%B4/%EC%88%98%EB%8F%84%EA%B6%8C%20%EC%A0%84%EC%B2%A0%201%ED%98%B8%EC%84%A0,https://namu.wiki/w/%EC%88%98%EB%8F%84%EA%B6%8C%20%EC%A0%84%EC%B2%A0%20%ED%99%98%EC%8A%B9%20%EC%A0%95%EB%B3%B4/%EC%88%98%EB%8F%84%EA%B6%8C%20%EC%A0%84%EC%B2%A0%201%ED%98%B8%EC%84%A0,,188,148
current_app,신도림,1호선,영등포,2호선,문래,5-1,,verified_legacy,legacy_app,https://namu.wiki/w/%EC%88%98%EB%8F%84%EA%B6%8C%20%EC%A0%84%EC%B2%A0%20%ED%99%98%EC%8A%B9%20%EC%A0%95%EB%B3%B4/%EC%88%98%EB%8F%84%EA%B6%8C%20%EC%A0%84%EC%B2%A0%201%ED%98%B8%EC%84%A0,https://namu.wiki/w/%EC%88%98%EB%8F%84%EA%B6%8C%20%EC%A0%84%EC%B2%A0%20%ED%99%98%EC%8A%B9%20%EC%A0%95%EB%B3%B4/%EC%88%98%EB%8F%84%EA%B6%8C%20%EC%A0%84%EC%B2%A0%201%ED%98%B8%EC%84%A0,,188,188
current_app,신도림,2호선,구로,1호선,구로,5-3,,verified_legacy,legacy_app,https://namu.wiki/w/%EC%88%98%EB%8F%84%EA%B6%8C%20%EC%A0%84%EC%B2%A0%20%ED%99%98%EC%8A%B9%20%EC%A0%95%EB%B3%B4/%EC%84%9C%EC%9A%B8%20%EC%A7%80%ED%95%98%EC%B2%A0%202%ED%98%B8%EC%84%A0,https://namu.wiki/w/%EC%88%98%EB%8F%84%EA%B6%8C%20%EC%A0%84%EC%B2%A0%20%ED%99%98%EC%8A%B9%20%EC%A0%95%EB%B3%B4/%EC%84%9C%EC%9A%B8%20%EC%A7%80%ED%95%98%EC%B2%A0%202%ED%98%B8%EC%84%A0,,188,148
current_app,신도림,2호선,대림,1호선,구로,7-3,,verified_legacy,legacy_app,https://namu.wiki/w/%EC%88%98%EB%8F%84%EA%B6%8C%20%EC%A0%84%EC%B2%A0%20%ED%99%98%EC%8A%B9%20%EC%A0%95%EB%B3%B4/%EC%84%9C%EC%9A%B8%20%EC%A7%80%ED%95%98%EC%B2%A0%202%ED%98%B8%EC%84%A0,https://namu.wiki/w/%EC%88%98%EB%8F%84%EA%B6%8C%20%EC%A0%84%EC%B2%A0%20%ED%99%98%EC%8A%B9%20%EC%A0%95%EB%B3%B4/%EC%84%9C%EC%9A%B8%20%EC%A7%80%ED%95%98%EC%B2%A0%202%ED%98%B8%EC%84%A0,,188,188
current_app,신도림,2호선,대림,1호선,영등포,7-3,,verified_legacy,legacy_app,https://namu.wiki/w/%EC%88%98%EB%8F%84%EA%B6%8C%20%EC%A0%84%EC%B2%A0%20%ED%99%98%EC%8A%B9%20%EC%A0%95%EB%B3%B4/%EC%84%9C%EC%9A%B8%20%EC%A7%80%ED%95%98%EC%B2%A0%202%ED%98%B8%EC%84%A0,https://namu.wiki/w/%EC%88%98%EB%8F%84%EA%B6%8C%20%EC%A0%84%EC%B2%A0%20%ED%99%98%EC%8A%B9%20%EC%A0%95%EB%B3%B4/%EC%84%9C%EC%9A%B8%20%EC%A7%80%ED%95%98%EC%B2%A0%202%ED%98%B8%EC%84%A0,,188,188
current_app,신도림,2호선,대림,2호선,대림,5-1,,verified_legacy,legacy_app,https://namu.wiki/w/%EC%88%98%EB%8F%84%EA%B6%8C%20%EC%A0%84%EC%B2%A0%20%ED%99%98%EC%8A%B9%20%EC%A0%95%EB%B3%B4/%EC%84%9C%EC%9A%B8%20%EC%A7%80%ED%95%98%EC%B2%A0%202%ED%98%B8%EC%84%A0,https://namu.wiki/w/%EC%88%98%EB%8F%84%EA%B6%8C%20%EC%A0%84%EC%B2%A0%20%ED%99%98%EC%8A%B9%20%EC%A0%95%EB%B3%B4/%EC%84%9C%EC%9A%B8%20%EC%A7%80%ED%95%98%EC%B2%A0%202%ED%98%B8%EC%84%A0,,125,125
current_app,신도림,2호선,대림,2호선,도림천,7-3,,verified_legacy,legacy_app,https://namu.wiki/w/%EC%88%98%EB%8F%84%EA%B6%8C%20%EC%A0%84%EC%B2%A0%20%ED%99%98%EC%8A%B9%20%EC%A0%95%EB%B3%B4/%EC%84%9C%EC%9A%B8%20%EC%A7%80%ED%95%98%EC%B2%A0%202%ED%98%B8%EC%84%A0,https://namu.wiki/w/%EC%88%98%EB%8F%84%EA%B6%8C%20%EC%A0%84%EC%B2%A0%20%ED%99%98%EC%8A%B9%20%EC%A0%95%EB%B3%B4/%EC%84%9C%EC%9A%B8%20%EC%A7%80%ED%95%98%EC%B2%A0%202%ED%98%B8%EC%84%A0,,125,125
current_app,신도림,2호선,문래,1호선,구로,4-2,,verified_legacy,legacy_app,https://namu.wiki/w/%EC%88%98%EB%8F%84%EA%B6%8C%20%EC%A0%84%EC%B2%A0%20%ED%99%98%EC%8A%B9%20%EC%A0%95%EB%B3%B4/%EC%84%9C%EC%9A%B8%20%EC%A7%80%ED%95%98%EC%B2%A0%202%ED%98%B8%EC%84%A0,https://namu.wiki/w/%EC%88%98%EB%8F%84%EA%B6%8C%20%EC%A0%84%EC%B2%A0%20%ED%99%98%EC%8A%B9%20%EC%A0%95%EB%B3%B4/%EC%84%9C%EC%9A%B8%20%EC%A7%80%ED%95%98%EC%B2%A0%202%ED%98%B8%EC%84%A0,,188,188
current_app,신도림,2호선,문래,1호선,영등포,4-2,,verified_legacy,legacy_app,https://namu.wiki/w/%EC%88%98%EB%8F%84%EA%B6%8C%20%EC%A0%84%EC%B2%A0%20%ED%99%98%EC%8A%B9%20%EC%A0%95%EB%B3%B4/%EC%84%9C%EC%9A%B8%20%EC%A7%80%ED%95%98%EC%B2%A0%202%ED%98%B8%EC%84%A0,https://namu.wiki/w/%EC%88%98%EB%8F%84%EA%B6%8C%20%EC%A0%84%EC%B2%A0%20%ED%99%98%EC%8A%B9%20%EC%A0%95%EB%B3%B4/%EC%84%9C%EC%9A%B8%20%EC%A7%80%ED%95%98%EC%B2%A0%202%ED%98%B8%EC%84%A0,,188,188
current_app,신도림,2호선,문래,2호선,도림천,7-3,,verified_legacy,legacy_app,https://namu.wiki/w/%EC%88%98%EB%8F%84%EA%B6%8C%20%EC%A0%84%EC%B2%A0%20%ED%99%98%EC%8A%B9%20%EC%A0%95%EB%B3%B4/%EC%84%9C%EC%9A%B8%20%EC%A7%80%ED%95%98%EC%B2%A0%202%ED%98%B8%EC%84%A0,https://namu.wiki/w/%EC%88%98%EB%8F%84%EA%B6%8C%20%EC%A0%84%EC%B2%A0%20%ED%99%98%EC%8A%B9%20%EC%A0%95%EB%B3%B4/%EC%84%9C%EC%9A%B8%20%EC%A7%80%ED%95%98%EC%B2%A0%202%ED%98%B8%EC%84%A0,,125,125
current_app,신도림,2호선,문래,2호선,문래,5-1,,verified_legacy,legacy_app,https://namu.wiki/w/%EC%88%98%EB%8F%84%EA%B6%8C%20%EC%A0%84%EC%B2%A0%20%ED%99%98%EC%8A%B9%20%EC%A0%95%EB%B3%B4/%EC%84%9C%EC%9A%B8%20%EC%A7%80%ED%95%98%EC%B2%A0%202%ED%98%B8%EC%84%A0,https://namu.wiki/w/%EC%88%98%EB%8F%84%EA%B6%8C%20%EC%A0%84%EC%B2%A0%20%ED%99%98%EC%8A%B9%20%EC%A0%95%EB%B3%B4/%EC%84%9C%EC%9A%B8%20%EC%A7%80%ED%95%98%EC%B2%A0%202%ED%98%B8%EC%84%A0,,125,125
current_app,신도림,2호선,영등포,1호선,영등포,5-3,,verified_legacy,legacy_app,https://namu.wiki/w/%EC%88%98%EB%8F%84%EA%B6%8C%20%EC%A0%84%EC%B2%A0%20%ED%99%98%EC%8A%B9%20%EC%A0%95%EB%B3%B4/%EC%84%9C%EC%9A%B8%20%EC%A7%80%ED%95%98%EC%B2%A0%202%ED%98%B8%EC%84%A0,https://namu.wiki/w/%EC%88%98%EB%8F%84%EA%B6%8C%20%EC%A0%84%EC%B2%A0%20%ED%99%98%EC%8A%B9%20%EC%A0%95%EB%B3%B4/%EC%84%9C%EC%9A%B8%20%EC%A7%80%ED%95%98%EC%B2%A0%202%ED%98%B8%EC%84%A0,,188,148
current_app,신사,3호선,압구정,신분당선,논현,9-2,,verified,namu,https://namu.wiki/w/%EC%88%98%EB%8F%84%EA%B6%8C%20%EC%A0%84%EC%B2%A0%20%ED%99%98%EC%8A%B9%20%EC%A0%95%EB%B3%B4/%EC%88%98%EB%8F%84%EA%B6%8C%20%EC%A0%84%EC%B2%A0%203%ED%98%B8%EC%84%A0,https://www.namu.moe/w/%EC%88%98%EB%8F%84%EA%B6%8C%20%EC%A0%84%EC%B2%A0%20%ED%99%98%EC%8A%B9%20%EC%A0%95%EB%B3%B4/%EC%88%98%EB%8F%84%EA%B6%8C%20%EC%A0%84%EC%B2%A0%203%ED%98%B8%EC%84%A0,3호선 대화 방면,240,
current_app,신사,3호선,잠원,신분당선,논현,2-2,,verified,namu,https://namu.wiki/w/%EC%88%98%EB%8F%84%EA%B6%8C%20%EC%A0%84%EC%B2%A0%20%ED%99%98%EC%8A%B9%20%EC%A0%95%EB%B3%B4/%EC%88%98%EB%8F%84%EA%B6%8C%20%EC%A0%84%EC%B2%A0%203%ED%98%B8%EC%84%A0,https://www.namu.moe/w/%EC%88%98%EB%8F%84%EA%B6%8C%20%EC%A0%84%EC%B2%A0%20%ED%99%98%EC%8A%B9%20%EC%A0%95%EB%B3%B4/%EC%88%98%EB%8F%84%EA%B6%8C%20%EC%A0%84%EC%B2%A0%203%ED%98%B8%EC%84%A0,3호선 오금 방면,240,
current_app,신사,신분당선,,3호선,압구정,,,needs_verification,namu_station,https://namu.wiki/w/%EC%88%98%EB%8F%84%EA%B6%8C%20%EC%A0%84%EC%B2%A0%20%ED%99%98%EC%8A%B9%20%EC%A0%95%EB%B3%B4,https://d.namu.moe/w/%EC%8B%A0%EC%82%AC%EC%97%AD,신분당선은 신사 종착. 최신 문서에서 숫자형 빠른환승 위치 미확정,240,
current_app,신사,신분당선,,3호선,잠원,,,needs_verification,namu_station,https://namu.wiki/w/%EC%88%98%EB%8F%84%EA%B6%8C%20%EC%A0%84%EC%B2%A0%20%ED%99%98%EC%8A%B9%20%EC%A0%95%EB%B3%B4,https://d.namu.moe/w/%EC%8B%A0%EC%82%AC%EC%97%AD,신분당선은 신사 종착. 최신 문서에서 숫자형 빠른환승 위치 미확정,240,
current_app,신설동,1호선,동묘앞,2호선,용두,2-1,,verified_legacy,legacy_app,https://namu.wiki/w/%EC%88%98%EB%8F%84%EA%B6%8C%20%EC%A0%84%EC%B2%A0%20%ED%99%98%EC%8A%B9%20%EC%A0%95%EB%B3%B4/%EC%88%98%EB%8F%84%EA%B6%8C%20%EC%A0%84%EC%B2%A0%201%ED%98%B8%EC%84%A0,https://namu.wiki/w/%EC%88%98%EB%8F%84%EA%B6%8C%20%EC%A0%84%EC%B2%A0%20%ED%99%98%EC%8A%B9%20%EC%A0%95%EB%B3%B4/%EC%88%98%EB%8F%84%EA%B6%8C%20%EC%A0%84%EC%B2%A0%201%ED%98%B8%EC%84%A0,,187,187
current_app,신설동,1호선,제기동,2호선,용두,9-4,,verified_legacy,legacy_app,https://namu.wiki/w/%EC%88%98%EB%8F%84%EA%B6%8C%20%EC%A0%84%EC%B2%A0%20%ED%99%98%EC%8A%B9%20%EC%A0%95%EB%B3%B4/%EC%88%98%EB%8F%84%EA%B6%8C%20%EC%A0%84%EC%B2%A0%201%ED%98%B8%EC%84%A0,https://namu.wiki/w/%EC%88%98%EB%8F%84%EA%B6%8C%20%EC%A0%84%EC%B2%A0%20%ED%99%98%EC%8A%B9%20%EC%A0%95%EB%B3%B4/%EC%88%98%EB%8F%84%EA%B6%8C%20%EC%A0%84%EC%B2%A0%201%ED%98%B8%EC%84%A0,,187,187
current_app,신설동,2호선,동묘앞,1호선,동묘앞,1-1,,verified_legacy,legacy_app,https://namu.wiki/w/%EC%88%98%EB%8F%84%EA%B6%8C%20%EC%A0%84%EC%B2%A0%20%ED%99%98%EC%8A%B9%20%EC%A0%95%EB%B3%B4/%EC%84%9C%EC%9A%B8%20%EC%A7%80%ED%95%98%EC%B2%A0%202%ED%98%B8%EC%84%A0,https://namu.wiki/w/%EC%88%98%EB%8F%84%EA%B6%8C%20%EC%A0%84%EC%B2%A0%20%ED%99%98%EC%8A%B9%20%EC%A0%95%EB%B3%B4/%EC%84%9C%EC%9A%B8%20%EC%A7%80%ED%95%98%EC%B2%A0%202%ED%98%B8%EC%84%A0,,187,187
current_app,신설동,2호선,제기동,1호선,제기동,1-1,,verified_legacy,legacy_app,https://namu.wiki/w/%EC%88%98%EB%8F%84%EA%B6%8C%20%EC%A0%84%EC%B2%A0%20%ED%99%98%EC%8A%B9%20%EC%A0%95%EB%B3%B4/%EC%84%9C%EC%9A%B8%20%EC%A7%80%ED%95%98%EC%B2%A0%202%ED%98%B8%EC%84%A0,https://namu.wiki/w/%EC%88%98%EB%8F%84%EA%B6%8C%20%EC%A0%84%EC%B2%A0%20%ED%99%98%EC%8A%B9%20%EC%A0%95%EB%B3%B4/%EC%84%9C%EC%9A%B8%20%EC%A7%80%ED%95%98%EC%B2%A0%202%ED%98%B8%EC%84%A0,,187,187
current_app,안산,4호선,신길온천,수인분당선,신길온천,5-2,,verified_legacy,legacy_app,https://namu.wiki/w/%EC%88%98%EB%8F%84%EA%B6%8C%20%EC%A0%84%EC%B2%A0%20%ED%99%98%EC%8A%B9%20%EC%A0%95%EB%B3%B4/%EC%88%98%EB%8F%84%EA%B6%8C%20%EC%A0%84%EC%B2%A0%204%ED%98%B8%EC%84%A0,https://namu.wiki/w/%EC%88%98%EB%8F%84%EA%B6%8C%20%EC%A0%84%EC%B2%A0%20%ED%99%98%EC%8A%B9%20%EC%A0%95%EB%B3%B4/%EC%88%98%EB%8F%84%EA%B6%8C%20%EC%A0%84%EC%B2%A0%204%ED%98%B8%EC%84%A0,,420,420
current_app,안산,4호선,신길온천,수인분당선,초지,5-2,,verified_legacy,legacy_app,https://namu.wiki/w/%EC%88%98%EB%8F%84%EA%B6%8C%20%EC%A0%84%EC%B2%A0%20%ED%99%98%EC%8A%B9%20%EC%A0%95%EB%B3%B4/%EC%88%98%EB%8F%84%EA%B6%8C%20%EC%A0%84%EC%B2%A0%204%ED%98%B8%EC%84%A0,https://namu.wiki/w/%EC%88%98%EB%8F%84%EA%B6%8C%20%EC%A0%84%EC%B2%A0%20%ED%99%98%EC%8A%B9%20%EC%A0%95%EB%B3%B4/%EC%88%98%EB%8F%84%EA%B6%8C%20%EC%A0%84%EC%B2%A0%204%ED%98%B8%EC%84%A0,,420,420
current_app,안산,4호선,초지,수인분당선,신길온천,5-2,,verified_legacy,legacy_app,https://namu.wiki/w/%EC%88%98%EB%8F%84%EA%B6%8C%20%EC%A0%84%EC%B2%A0%20%ED%99%98%EC%8A%B9%20%EC%A0%95%EB%B3%B4/%EC%88%98%EB%8F%84%EA%B6%8C%20%EC%A0%84%EC%B2%A0%204%ED%98%B8%EC%84%A0,https://namu.wiki/w/%EC%88%98%EB%8F%84%EA%B6%8C%20%EC%A0%84%EC%B2%A0%20%ED%99%98%EC%8A%B9%20%EC%A0%95%EB%B3%B4/%EC%88%98%EB%8F%84%EA%B6%8C%20%EC%A0%84%EC%B2%A0%204%ED%98%B8%EC%84%A0,,420,420
current_app,안산,4호선,초지,수인분당선,초지,5-2,,verified_legacy,legacy_app,https://namu.wiki/w/%EC%88%98%EB%8F%84%EA%B6%8C%20%EC%A0%84%EC%B2%A0%20%ED%99%98%EC%8A%B9%20%EC%A0%95%EB%B3%B4/%EC%88%98%EB%8F%84%EA%B6%8C%20%EC%A0%84%EC%B2%A0%204%ED%98%B8%EC%84%A0,https://namu.wiki/w/%EC%88%98%EB%8F%84%EA%B6%8C%20%EC%A0%84%EC%B2%A0%20%ED%99%98%EC%8A%B9%20%EC%A0%95%EB%B3%B4/%EC%88%98%EB%8F%84%EA%B6%8C%20%EC%A0%84%EC%B2%A0%204%ED%98%B8%EC%84%A0,,420,420
current_app,안산,수인분당선,신길온천,4호선,신길온천,5-2,,verified_legacy,legacy_app,https://namu.wiki/w/%EC%88%98%EB%8F%84%EA%B6%8C%20%EC%A0%84%EC%B2%A0%20%ED%99%98%EC%8A%B9%20%EC%A0%95%EB%B3%B4/%EC%88%98%EB%8F%84%EA%B6%8C%20%EC%A0%84%EC%B2%A0%20%EC%88%98%EC%9D%B8%C2%B7%EB%B6%84%EB%8B%B9%EC%84%A0,https://namu.wiki/w/%EC%88%98%EB%8F%84%EA%B6%8C%20%EC%A0%84%EC%B2%A0%20%ED%99%98%EC%8A%B9%20%EC%A0%95%EB%B3%B4/%EC%88%98%EB%8F%84%EA%B6%8C%20%EC%A0%84%EC%B2%A0%20%EC%88%98%EC%9D%B8%C2%B7%EB%B6%84%EB%8B%B9%EC%84%A0,,420,420
current_app,안산,수인분당선,신길온천,4호선,초지,5-2,,verified_legacy,legacy_app,https://namu.wiki/w/%EC%88%98%EB%8F%84%EA%B6%8C%20%EC%A0%84%EC%B2%A0%20%ED%99%98%EC%8A%B9%20%EC%A0%95%EB%B3%B4/%EC%88%98%EB%8F%84%EA%B6%8C%20%EC%A0%84%EC%B2%A0%20%EC%88%98%EC%9D%B8%C2%B7%EB%B6%84%EB%8B%B9%EC%84%A0,https://namu.wiki/w/%EC%88%98%EB%8F%84%EA%B6%8C%20%EC%A0%84%EC%B2%A0%20%ED%99%98%EC%8A%B9%20%EC%A0%95%EB%B3%B4/%EC%88%98%EB%8F%84%EA%B6%8C%20%EC%A0%84%EC%B2%A0%20%EC%88%98%EC%9D%B8%C2%B7%EB%B6%84%EB%8B%B9%EC%84%A0,,420,420
current_app,안산,수인분당선,초지,4호선,신길온천,5-2,,verified_legacy,legacy_app,https://namu.wiki/w/%EC%88%98%EB%8F%84%EA%B6%8C%20%EC%A0%84%EC%B2%A0%20%ED%99%98%EC%8A%B9%20%EC%A0%95%EB%B3%B4/%EC%88%98%EB%8F%84%EA%B6%8C%20%EC%A0%84%EC%B2%A0%20%EC%88%98%EC%9D%B8%C2%B7%EB%B6%84%EB%8B%B9%EC%84%A0,https://namu.wiki/w/%EC%88%98%EB%8F%84%EA%B6%8C%20%EC%A0%84%EC%B2%A0%20%ED%99%98%EC%8A%B9%20%EC%A0%95%EB%B3%B4/%EC%88%98%EB%8F%84%EA%B6%8C%20%EC%A0%84%EC%B2%A0%20%EC%88%98%EC%9D%B8%C2%B7%EB%B6%84%EB%8B%B9%EC%84%A0,,420,420
current_app,안산,수인분당선,초지,4호선,초지,5-2,,verified_legacy,legacy_app,https://namu.wiki/w/%EC%88%98%EB%8F%84%EA%B6%8C%20%EC%A0%84%EC%B2%A0%20%ED%99%98%EC%8A%B9%20%EC%A0%95%EB%B3%B4/%EC%88%98%EB%8F%84%EA%B6%8C%20%EC%A0%84%EC%B2%A0%20%EC%88%98%EC%9D%B8%C2%B7%EB%B6%84%EB%8B%B9%EC%84%A0,https://namu.wiki/w/%EC%88%98%EB%8F%84%EA%B6%8C%20%EC%A0%84%EC%B2%A0%20%ED%99%98%EC%8A%B9%20%EC%A0%95%EB%B3%B4/%EC%88%98%EB%8F%84%EA%B6%8C%20%EC%A0%84%EC%B2%A0%20%EC%88%98%EC%9D%B8%C2%B7%EB%B6%84%EB%8B%B9%EC%84%A0,,420,420
current_app,약수,3호선,금호,6호선,버티고개,7-1,,verified_legacy,legacy_app,https://namu.wiki/w/%EC%88%98%EB%8F%84%EA%B6%8C%20%EC%A0%84%EC%B2%A0%20%ED%99%98%EC%8A%B9%20%EC%A0%95%EB%B3%B4/%EC%88%98%EB%8F%84%EA%B6%8C%20%EC%A0%84%EC%B2%A0%203%ED%98%B8%EC%84%A0,https://namu.wiki/w/%EC%88%98%EB%8F%84%EA%B6%8C%20%EC%A0%84%EC%B2%A0%20%ED%99%98%EC%8A%B9%20%EC%A0%95%EB%B3%B4/%EC%88%98%EB%8F%84%EA%B6%8C%20%EC%A0%84%EC%B2%A0%203%ED%98%B8%EC%84%A0,,161,161
current_app,약수,3호선,금호,6호선,청구,7-1,,verified_legacy,legacy_app,https://namu.wiki/w/%EC%88%98%EB%8F%84%EA%B6%8C%20%EC%A0%84%EC%B2%A0%20%ED%99%98%EC%8A%B9%20%EC%A0%95%EB%B3%B4/%EC%88%98%EB%8F%84%EA%B6%8C%20%EC%A0%84%EC%B2%A0%203%ED%98%B8%EC%84%A0,https://namu.wiki/w/%EC%88%98%EB%8F%84%EA%B6%8C%20%EC%A0%84%EC%B2%A0%20%ED%99%98%EC%8A%B9%20%EC%A0%95%EB%B3%B4/%EC%88%98%EB%8F%84%EA%B6%8C%20%EC%A0%84%EC%B2%A0%203%ED%98%B8%EC%84%A0,,161,161
current_app,약수,3호선,동대입구,6호선,버티고개,4-3,,verified_legacy,legacy_app,https://namu.wiki/w/%EC%88%98%EB%8F%84%EA%B6%8C%20%EC%A0%84%EC%B2%A0%20%ED%99%98%EC%8A%B9%20%EC%A0%95%EB%B3%B4/%EC%88%98%EB%8F%84%EA%B6%8C%20%EC%A0%84%EC%B2%A0%203%ED%98%B8%EC%84%A0,https://namu.wiki/w/%EC%88%98%EB%8F%84%EA%B6%8C%20%EC%A0%84%EC%B2%A0%20%ED%99%98%EC%8A%B9%20%EC%A0%95%EB%B3%B4/%EC%88%98%EB%8F%84%EA%B6%8C%20%EC%A0%84%EC%B2%A0%203%ED%98%B8%EC%84%A0,,161,161
current_app,약수,3호선,동대입구,6호선,청구,4-3,,verified_legacy,legacy_app,https://namu.wiki/w/%EC%88%98%EB%8F%84%EA%B6%8C%20%EC%A0%84%EC%B2%A0%20%ED%99%98%EC%8A%B9%20%EC%A0%95%EB%B3%B4/%EC%88%98%EB%8F%84%EA%B6%8C%20%EC%A0%84%EC%B2%A0%203%ED%98%B8%EC%84%A0,https://namu.wiki/w/%EC%88%98%EB%8F%84%EA%B6%8C%20%EC%A0%84%EC%B2%A0%20%ED%99%98%EC%8A%B9%20%EC%A0%95%EB%B3%B4/%EC%88%98%EB%8F%84%EA%B6%8C%20%EC%A0%84%EC%B2%A0%203%ED%98%B8%EC%84%A0,,161,161
current_app,약수,6호선,버티고개,3호선,금호,8-4,,verified_legacy,legacy_app,https://namu.wiki/w/%EC%88%98%EB%8F%84%EA%B6%8C%20%EC%A0%84%EC%B2%A0%20%ED%99%98%EC%8A%B9%20%EC%A0%95%EB%B3%B4/%EC%84%9C%EC%9A%B8%20%EC%A7%80%ED%95%98%EC%B2%A0%206%ED%98%B8%EC%84%A0,https://namu.wiki/w/%EC%88%98%EB%8F%84%EA%B6%8C%20%EC%A0%84%EC%B2%A0%20%ED%99%98%EC%8A%B9%20%EC%A0%95%EB%B3%B4/%EC%84%9C%EC%9A%B8%20%EC%A7%80%ED%95%98%EC%B2%A0%206%ED%98%B8%EC%84%A0,,161,161
current_app,약수,6호선,버티고개,3호선,동대입구,8-4,,verified_legacy,legacy_app,https://namu.wiki/w/%EC%88%98%EB%8F%84%EA%B6%8C%20%EC%A0%84%EC%B2%A0%20%ED%99%98%EC%8A%B9%20%EC%A0%95%EB%B3%B4/%EC%84%9C%EC%9A%B8%20%EC%A7%80%ED%95%98%EC%B2%A0%206%ED%98%B8%EC%84%A0,https://namu.wiki/w/%EC%88%98%EB%8F%84%EA%B6%8C%20%EC%A0%84%EC%B2%A0%20%ED%99%98%EC%8A%B9%20%EC%A0%95%EB%B3%B4/%EC%84%9C%EC%9A%B8%20%EC%A7%80%ED%95%98%EC%B2%A0%206%ED%98%B8%EC%84%A0,,161,161
current_app,약수,6호선,청구,3호선,금호,1-1,,verified_legacy,legacy_app,https://namu.wiki/w/%EC%88%98%EB%8F%84%EA%B6%8C%20%EC%A0%84%EC%B2%A0%20%ED%99%98%EC%8A%B9%20%EC%A0%95%EB%B3%B4/%EC%84%9C%EC%9A%B8%20%EC%A7%80%ED%95%98%EC%B2%A0%206%ED%98%B8%EC%84%A0,https://namu.wiki/w/%EC%88%98%EB%8F%84%EA%B6%8C%20%EC%A0%84%EC%B2%A0%20%ED%99%98%EC%8A%B9%20%EC%A0%95%EB%B3%B4/%EC%84%9C%EC%9A%B8%20%EC%A7%80%ED%95%98%EC%B2%A0%206%ED%98%B8%EC%84%A0,,161,161
current_app,약수,6호선,청구,3호선,동대입구,1-1,,verified_legacy,legacy_app,https://namu.wiki/w/%EC%88%98%EB%8F%84%EA%B6%8C%20%EC%A0%84%EC%B2%A0%20%ED%99%98%EC%8A%B9%20%EC%A0%95%EB%B3%B4/%EC%84%9C%EC%9A%B8%20%EC%A7%80%ED%95%98%EC%B2%A0%206%ED%98%B8%EC%84%A0,https://namu.wiki/w/%EC%88%98%EB%8F%84%EA%B6%8C%20%EC%A0%84%EC%B2%A0%20%ED%99%98%EC%8A%B9%20%EC%A0%95%EB%B3%B4/%EC%84%9C%EC%9A%B8%20%EC%A7%80%ED%95%98%EC%B2%A0%206%ED%98%B8%EC%84%A0,,161,161
current_app,양재,3호선,남부터미널,신분당선,강남,5-4,5-3,verified,namu_station,https://namu.wiki/w/%EC%88%98%EB%8F%84%EA%B6%8C%20%EC%A0%84%EC%B2%A0%20%ED%99%98%EC%8A%B9%20%EC%A0%95%EB%B3%B4/%EC%88%98%EB%8F%84%EA%B6%8C%20%EC%A0%84%EC%B2%A0%203%ED%98%B8%EC%84%A0,https://m.namu.moe/w/%EC%96%91%EC%9E%AC%EC%97%AD,3호선 대화 방면; 최신 개별 역 문서 우선,240,
current_app,양재,3호선,남부터미널,신분당선,양재시민의숲,5-4,5-3,verified,namu_station,https://namu.wiki/w/%EC%88%98%EB%8F%84%EA%B6%8C%20%EC%A0%84%EC%B2%A0%20%ED%99%98%EC%8A%B9%20%EC%A0%95%EB%B3%B4/%EC%88%98%EB%8F%84%EA%B6%8C%20%EC%A0%84%EC%B2%A0%203%ED%98%B8%EC%84%A0,https://m.namu.moe/w/%EC%96%91%EC%9E%AC%EC%97%AD,3호선 대화 방면; 최신 개별 역 문서 우선,240,
current_app,양재,3호선,매봉,신분당선,강남,6-1,,verified,namu_station,https://namu.wiki/w/%EC%88%98%EB%8F%84%EA%B6%8C%20%EC%A0%84%EC%B2%A0%20%ED%99%98%EC%8A%B9%20%EC%A0%95%EB%B3%B4/%EC%88%98%EB%8F%84%EA%B6%8C%20%EC%A0%84%EC%B2%A0%203%ED%98%B8%EC%84%A0,https://m.namu.moe/w/%EC%96%91%EC%9E%AC%EC%97%AD,3호선 오금 방면; 최신 개별 역 문서 우선,240,
current_app,양재,3호선,매봉,신분당선,양재시민의숲,6-1,,verified,namu_station,https://namu.wiki/w/%EC%88%98%EB%8F%84%EA%B6%8C%20%EC%A0%84%EC%B2%A0%20%ED%99%98%EC%8A%B9%20%EC%A0%95%EB%B3%B4/%EC%88%98%EB%8F%84%EA%B6%8C%20%EC%A0%84%EC%B2%A0%203%ED%98%B8%EC%84%A0,https://m.namu.moe/w/%EC%96%91%EC%9E%AC%EC%97%AD,3호선 오금 방면; 최신 개별 역 문서 우선,240,
current_app,양재,신분당선,강남,3호선,남부터미널,1-1,,verified,namu_station,https://namu.wiki/w/%EC%88%98%EB%8F%84%EA%B6%8C%20%EC%A0%84%EC%B2%A0%20%ED%99%98%EC%8A%B9%20%EC%A0%95%EB%B3%B4,https://m.namu.moe/w/%EC%96%91%EC%9E%AC%EC%97%AD,신분당선 신사 방면,240,
current_app,양재,신분당선,강남,3호선,매봉,1-1,,verified,namu_station,https://namu.wiki/w/%EC%88%98%EB%8F%84%EA%B6%8C%20%EC%A0%84%EC%B2%A0%20%ED%99%98%EC%8A%B9%20%EC%A0%95%EB%B3%B4,https://m.namu.moe/w/%EC%96%91%EC%9E%AC%EC%97%AD,신분당선 신사 방면,240,
current_app,양재,신분당선,양재시민의숲,3호선,남부터미널,6-4,,verified,namu_station,https://namu.wiki/w/%EC%88%98%EB%8F%84%EA%B6%8C%20%EC%A0%84%EC%B2%A0%20%ED%99%98%EC%8A%B9%20%EC%A0%95%EB%B3%B4,https://m.namu.moe/w/%EC%96%91%EC%9E%AC%EC%97%AD,신분당선 광교 방면,240,
current_app,양재,신분당선,양재시민의숲,3호선,매봉,6-4,,verified,namu_station,https://namu.wiki/w/%EC%88%98%EB%8F%84%EA%B6%8C%20%EC%A0%84%EC%B2%A0%20%ED%99%98%EC%8A%B9%20%EC%A0%95%EB%B3%B4,https://m.namu.moe/w/%EC%96%91%EC%9E%AC%EC%97%AD,신분당선 광교 방면,240,
current_app,여의도,5호선,신길,9호선,국회의사당,6-1,,verified_legacy,legacy_app,https://namu.wiki/w/%EC%88%98%EB%8F%84%EA%B6%8C%20%EC%A0%84%EC%B2%A0%20%ED%99%98%EC%8A%B9%20%EC%A0%95%EB%B3%B4/%EC%88%98%EB%8F%84%EA%B6%8C%20%EC%A0%84%EC%B2%A0%205%ED%98%B8%EC%84%A0,https://namu.wiki/w/%EC%88%98%EB%8F%84%EA%B6%8C%20%EC%A0%84%EC%B2%A0%20%ED%99%98%EC%8A%B9%20%EC%A0%95%EB%B3%B4/%EC%88%98%EB%8F%84%EA%B6%8C%20%EC%A0%84%EC%B2%A0%205%ED%98%B8%EC%84%A0,,600,600
current_app,여의도,5호선,신길,9호선,샛강,3-4,,verified_legacy,legacy_app,https://namu.wiki/w/%EC%88%98%EB%8F%84%EA%B6%8C%20%EC%A0%84%EC%B2%A0%20%ED%99%98%EC%8A%B9%20%EC%A0%95%EB%B3%B4/%EC%88%98%EB%8F%84%EA%B6%8C%20%EC%A0%84%EC%B2%A0%205%ED%98%B8%EC%84%A0,https://namu.wiki/w/%EC%88%98%EB%8F%84%EA%B6%8C%20%EC%A0%84%EC%B2%A0%20%ED%99%98%EC%8A%B9%20%EC%A0%95%EB%B3%B4/%EC%88%98%EB%8F%84%EA%B6%8C%20%EC%A0%84%EC%B2%A0%205%ED%98%B8%EC%84%A0,,600,600
current_app,여의도,5호선,여의나루,9호선,국회의사당,6-1,,verified_legacy,legacy_app,https://namu.wiki/w/%EC%88%98%EB%8F%84%EA%B6%8C%20%EC%A0%84%EC%B2%A0%20%ED%99%98%EC%8A%B9%20%EC%A0%95%EB%B3%B4/%EC%88%98%EB%8F%84%EA%B6%8C%20%EC%A0%84%EC%B2%A0%205%ED%98%B8%EC%84%A0,https://namu.wiki/w/%EC%88%98%EB%8F%84%EA%B6%8C%20%EC%A0%84%EC%B2%A0%20%ED%99%98%EC%8A%B9%20%EC%A0%95%EB%B3%B4/%EC%88%98%EB%8F%84%EA%B6%8C%20%EC%A0%84%EC%B2%A0%205%ED%98%B8%EC%84%A0,,600,600
current_app,여의도,5호선,여의나루,9호선,샛강,3-4,,verified_legacy,legacy_app,https://namu.wiki/w/%EC%88%98%EB%8F%84%EA%B6%8C%20%EC%A0%84%EC%B2%A0%20%ED%99%98%EC%8A%B9%20%EC%A0%95%EB%B3%B4/%EC%88%98%EB%8F%84%EA%B6%8C%20%EC%A0%84%EC%B2%A0%205%ED%98%B8%EC%84%A0,https://namu.wiki/w/%EC%88%98%EB%8F%84%EA%B6%8C%20%EC%A0%84%EC%B2%A0%20%ED%99%98%EC%8A%B9%20%EC%A0%95%EB%B3%B4/%EC%88%98%EB%8F%84%EA%B6%8C%20%EC%A0%84%EC%B2%A0%205%ED%98%B8%EC%84%A0,,600,600
current_app,여의도,9호선,국회의사당,5호선,신길,2-3,,verified_legacy,legacy_app,https://namu.wiki/w/%EC%88%98%EB%8F%84%EA%B6%8C%20%EC%A0%84%EC%B2%A0%20%ED%99%98%EC%8A%B9%20%EC%A0%95%EB%B3%B4/%EC%84%9C%EC%9A%B8%20%EC%A7%80%ED%95%98%EC%B2%A0%209%ED%98%B8%EC%84%A0,https://namu.wiki/w/%EC%88%98%EB%8F%84%EA%B6%8C%20%EC%A0%84%EC%B2%A0%20%ED%99%98%EC%8A%B9%20%EC%A0%95%EB%B3%B4/%EC%84%9C%EC%9A%B8%20%EC%A7%80%ED%95%98%EC%B2%A0%209%ED%98%B8%EC%84%A0,,600,600
current_app,여의도,9호선,국회의사당,5호선,여의나루,2-3,,verified_legacy,legacy_app,https://namu.wiki/w/%EC%88%98%EB%8F%84%EA%B6%8C%20%EC%A0%84%EC%B2%A0%20%ED%99%98%EC%8A%B9%20%EC%A0%95%EB%B3%B4/%EC%84%9C%EC%9A%B8%20%EC%A7%80%ED%95%98%EC%B2%A0%209%ED%98%B8%EC%84%A0,https://namu.wiki/w/%EC%88%98%EB%8F%84%EA%B6%8C%20%EC%A0%84%EC%B2%A0%20%ED%99%98%EC%8A%B9%20%EC%A0%95%EB%B3%B4/%EC%84%9C%EC%9A%B8%20%EC%A7%80%ED%95%98%EC%B2%A0%209%ED%98%B8%EC%84%A0,,600,600
current_app,여의도,9호선,샛강,5호선,신길,3-3,,verified_legacy,legacy_app,https://namu.wiki/w/%EC%88%98%EB%8F%84%EA%B6%8C%20%EC%A0%84%EC%B2%A0%20%ED%99%98%EC%8A%B9%20%EC%A0%95%EB%B3%B4/%EC%84%9C%EC%9A%B8%20%EC%A7%80%ED%95%98%EC%B2%A0%209%ED%98%B8%EC%84%A0,https://namu.wiki/w/%EC%88%98%EB%8F%84%EA%B6%8C%20%EC%A0%84%EC%B2%A0%20%ED%99%98%EC%8A%B9%20%EC%A0%95%EB%B3%B4/%EC%84%9C%EC%9A%B8%20%EC%A7%80%ED%95%98%EC%B2%A0%209%ED%98%B8%EC%84%A0,,600,600
current_app,여의도,9호선,샛강,5호선,여의나루,3-3,,verified_legacy,legacy_app,https://namu.wiki/w/%EC%88%98%EB%8F%84%EA%B6%8C%20%EC%A0%84%EC%B2%A0%20%ED%99%98%EC%8A%B9%20%EC%A0%95%EB%B3%B4/%EC%84%9C%EC%9A%B8%20%EC%A7%80%ED%95%98%EC%B2%A0%209%ED%98%B8%EC%84%A0,https://namu.wiki/w/%EC%88%98%EB%8F%84%EA%B6%8C%20%EC%A0%84%EC%B2%A0%20%ED%99%98%EC%8A%B9%20%EC%A0%95%EB%B3%B4/%EC%84%9C%EC%9A%B8%20%EC%A7%80%ED%95%98%EC%B2%A0%209%ED%98%B8%EC%84%A0,,600,600
current_app,연신내,3호선,구파발,6호선,구산,6-4,,verified_legacy,legacy_app,https://namu.wiki/w/%EC%88%98%EB%8F%84%EA%B6%8C%20%EC%A0%84%EC%B2%A0%20%ED%99%98%EC%8A%B9%20%EC%A0%95%EB%B3%B4/%EC%88%98%EB%8F%84%EA%B6%8C%20%EC%A0%84%EC%B2%A0%203%ED%98%B8%EC%84%A0,https://namu.wiki/w/%EC%88%98%EB%8F%84%EA%B6%8C%20%EC%A0%84%EC%B2%A0%20%ED%99%98%EC%8A%B9%20%EC%A0%95%EB%B3%B4/%EC%88%98%EB%8F%84%EA%B6%8C%20%EC%A0%84%EC%B2%A0%203%ED%98%B8%EC%84%A0,,242,242
current_app,연신내,3호선,불광,6호선,구산,6-4,,verified_legacy,legacy_app,https://namu.wiki/w/%EC%88%98%EB%8F%84%EA%B6%8C%20%EC%A0%84%EC%B2%A0%20%ED%99%98%EC%8A%B9%20%EC%A0%95%EB%B3%B4/%EC%88%98%EB%8F%84%EA%B6%8C%20%EC%A0%84%EC%B2%A0%203%ED%98%B8%EC%84%A0,https://namu.wiki/w/%EC%88%98%EB%8F%84%EA%B6%8C%20%EC%A0%84%EC%B2%A0%20%ED%99%98%EC%8A%B9%20%EC%A0%95%EB%B3%B4/%EC%88%98%EB%8F%84%EA%B6%8C%20%EC%A0%84%EC%B2%A0%203%ED%98%B8%EC%84%A0,,242,242
current_app,연신내,6호선,구산,3호선,구파발,6-2,,verified_legacy,legacy_app,https://namu.wiki/w/%EC%88%98%EB%8F%84%EA%B6%8C%20%EC%A0%84%EC%B2%A0%20%ED%99%98%EC%8A%B9%20%EC%A0%95%EB%B3%B4/%EC%84%9C%EC%9A%B8%20%EC%A7%80%ED%95%98%EC%B2%A0%206%ED%98%B8%EC%84%A0,https://namu.wiki/w/%EC%88%98%EB%8F%84%EA%B6%8C%20%EC%A0%84%EC%B2%A0%20%ED%99%98%EC%8A%B9%20%EC%A0%95%EB%B3%B4/%EC%84%9C%EC%9A%B8%20%EC%A7%80%ED%95%98%EC%B2%A0%206%ED%98%B8%EC%84%A0,,242,242
current_app,연신내,6호선,구산,3호선,불광,6-2,,verified_legacy,legacy_app,https://namu.wiki/w/%EC%88%98%EB%8F%84%EA%B6%8C%20%EC%A0%84%EC%B2%A0%20%ED%99%98%EC%8A%B9%20%EC%A0%95%EB%B3%B4/%EC%84%9C%EC%9A%B8%20%EC%A7%80%ED%95%98%EC%B2%A0%206%ED%98%B8%EC%84%A0,https://namu.wiki/w/%EC%88%98%EB%8F%84%EA%B6%8C%20%EC%A0%84%EC%B2%A0%20%ED%99%98%EC%8A%B9%20%EC%A0%95%EB%B3%B4/%EC%84%9C%EC%9A%B8%20%EC%A7%80%ED%95%98%EC%B2%A0%206%ED%98%B8%EC%84%A0,,242,242
current_app,영등포구청,2호선,당산,5호선,양평,7-4,,verified_legacy,legacy_app,https://namu.wiki/w/%EC%88%98%EB%8F%84%EA%B6%8C%20%EC%A0%84%EC%B2%A0%20%ED%99%98%EC%8A%B9%20%EC%A0%95%EB%B3%B4/%EC%84%9C%EC%9A%B8%20%EC%A7%80%ED%95%98%EC%B2%A0%202%ED%98%B8%EC%84%A0,https://namu.wiki/w/%EC%88%98%EB%8F%84%EA%B6%8C%20%EC%A0%84%EC%B2%A0%20%ED%99%98%EC%8A%B9%20%EC%A0%95%EB%B3%B4/%EC%84%9C%EC%9A%B8%20%EC%A7%80%ED%95%98%EC%B2%A0%202%ED%98%B8%EC%84%A0,,259,259
current_app,영등포구청,2호선,당산,5호선,영등포시장,7-4,,verified_legacy,legacy_app,https://namu.wiki/w/%EC%88%98%EB%8F%84%EA%B6%8C%20%EC%A0%84%EC%B2%A0%20%ED%99%98%EC%8A%B9%20%EC%A0%95%EB%B3%B4/%EC%84%9C%EC%9A%B8%20%EC%A7%80%ED%95%98%EC%B2%A0%202%ED%98%B8%EC%84%A0,https://namu.wiki/w/%EC%88%98%EB%8F%84%EA%B6%8C%20%EC%A0%84%EC%B2%A0%20%ED%99%98%EC%8A%B9%20%EC%A0%95%EB%B3%B4/%EC%84%9C%EC%9A%B8%20%EC%A7%80%ED%95%98%EC%B2%A0%202%ED%98%B8%EC%84%A0,,259,259
current_app,영등포구청,2호선,문래,5호선,양평,2-3,,verified_legacy,legacy_app,https://namu.wiki/w/%EC%88%98%EB%8F%84%EA%B6%8C%20%EC%A0%84%EC%B2%A0%20%ED%99%98%EC%8A%B9%20%EC%A0%95%EB%B3%B4/%EC%84%9C%EC%9A%B8%20%EC%A7%80%ED%95%98%EC%B2%A0%202%ED%98%B8%EC%84%A0,https://namu.wiki/w/%EC%88%98%EB%8F%84%EA%B6%8C%20%EC%A0%84%EC%B2%A0%20%ED%99%98%EC%8A%B9%20%EC%A0%95%EB%B3%B4/%EC%84%9C%EC%9A%B8%20%EC%A7%80%ED%95%98%EC%B2%A0%202%ED%98%B8%EC%84%A0,,259,259
current_app,영등포구청,2호선,문래,5호선,영등포시장,2-3,,verified_legacy,legacy_app,https://namu.wiki/w/%EC%88%98%EB%8F%84%EA%B6%8C%20%EC%A0%84%EC%B2%A0%20%ED%99%98%EC%8A%B9%20%EC%A0%95%EB%B3%B4/%EC%84%9C%EC%9A%B8%20%EC%A7%80%ED%95%98%EC%B2%A0%202%ED%98%B8%EC%84%A0,https://namu.wiki/w/%EC%88%98%EB%8F%84%EA%B6%8C%20%EC%A0%84%EC%B2%A0%20%ED%99%98%EC%8A%B9%20%EC%A0%95%EB%B3%B4/%EC%84%9C%EC%9A%B8%20%EC%A7%80%ED%95%98%EC%B2%A0%202%ED%98%B8%EC%84%A0,,259,259
current_app,영등포구청,5호선,양평,2호선,당산,7-2,,verified_legacy,legacy_app,https://namu.wiki/w/%EC%88%98%EB%8F%84%EA%B6%8C%20%EC%A0%84%EC%B2%A0%20%ED%99%98%EC%8A%B9%20%EC%A0%95%EB%B3%B4/%EC%88%98%EB%8F%84%EA%B6%8C%20%EC%A0%84%EC%B2%A0%205%ED%98%B8%EC%84%A0,https://namu.wiki/w/%EC%88%98%EB%8F%84%EA%B6%8C%20%EC%A0%84%EC%B2%A0%20%ED%99%98%EC%8A%B9%20%EC%A0%95%EB%B3%B4/%EC%88%98%EB%8F%84%EA%B6%8C%20%EC%A0%84%EC%B2%A0%205%ED%98%B8%EC%84%A0,,259,259
current_app,영등포구청,5호선,양평,2호선,문래,7-2,,verified_legacy,legacy_app,https://namu.wiki/w/%EC%88%98%EB%8F%84%EA%B6%8C%20%EC%A0%84%EC%B2%A0%20%ED%99%98%EC%8A%B9%20%EC%A0%95%EB%B3%B4/%EC%88%98%EB%8F%84%EA%B6%8C%20%EC%A0%84%EC%B2%A0%205%ED%98%B8%EC%84%A0,https://namu.wiki/w/%EC%88%98%EB%8F%84%EA%B6%8C%20%EC%A0%84%EC%B2%A0%20%ED%99%98%EC%8A%B9%20%EC%A0%95%EB%B3%B4/%EC%88%98%EB%8F%84%EA%B6%8C%20%EC%A0%84%EC%B2%A0%205%ED%98%B8%EC%84%A0,,259,259
current_app,영등포구청,5호선,영등포시장,2호선,당산,2-3,,verified_legacy,legacy_app,https://namu.wiki/w/%EC%88%98%EB%8F%84%EA%B6%8C%20%EC%A0%84%EC%B2%A0%20%ED%99%98%EC%8A%B9%20%EC%A0%95%EB%B3%B4/%EC%88%98%EB%8F%84%EA%B6%8C%20%EC%A0%84%EC%B2%A0%205%ED%98%B8%EC%84%A0,https://namu.wiki/w/%EC%88%98%EB%8F%84%EA%B6%8C%20%EC%A0%84%EC%B2%A0%20%ED%99%98%EC%8A%B9%20%EC%A0%95%EB%B3%B4/%EC%88%98%EB%8F%84%EA%B6%8C%20%EC%A0%84%EC%B2%A0%205%ED%98%B8%EC%84%A0,,259,259
current_app,영등포구청,5호선,영등포시장,2호선,문래,2-3,,verified_legacy,legacy_app,https://namu.wiki/w/%EC%88%98%EB%8F%84%EA%B6%8C%20%EC%A0%84%EC%B2%A0%20%ED%99%98%EC%8A%B9%20%EC%A0%95%EB%B3%B4/%EC%88%98%EB%8F%84%EA%B6%8C%20%EC%A0%84%EC%B2%A0%205%ED%98%B8%EC%84%A0,https://namu.wiki/w/%EC%88%98%EB%8F%84%EA%B6%8C%20%EC%A0%84%EC%B2%A0%20%ED%99%98%EC%8A%B9%20%EC%A0%95%EB%B3%B4/%EC%88%98%EB%8F%84%EA%B6%8C%20%EC%A0%84%EC%B2%A0%205%ED%98%B8%EC%84%A0,,259,259
current_app,오금,3호선,개롱,5호선,개롱,1-4,,verified_legacy,legacy_app,https://namu.wiki/w/%EC%88%98%EB%8F%84%EA%B6%8C%20%EC%A0%84%EC%B2%A0%20%ED%99%98%EC%8A%B9%20%EC%A0%95%EB%B3%B4/%EC%88%98%EB%8F%84%EA%B6%8C%20%EC%A0%84%EC%B2%A0%203%ED%98%B8%EC%84%A0,https://namu.wiki/w/%EC%88%98%EB%8F%84%EA%B6%8C%20%EC%A0%84%EC%B2%A0%20%ED%99%98%EC%8A%B9%20%EC%A0%95%EB%B3%B4/%EC%88%98%EB%8F%84%EA%B6%8C%20%EC%A0%84%EC%B2%A0%203%ED%98%B8%EC%84%A0,,89,89
current_app,오금,3호선,방이,5호선,방이,8-2,,verified_legacy,legacy_app,https://namu.wiki/w/%EC%88%98%EB%8F%84%EA%B6%8C%20%EC%A0%84%EC%B2%A0%20%ED%99%98%EC%8A%B9%20%EC%A0%95%EB%B3%B4/%EC%88%98%EB%8F%84%EA%B6%8C%20%EC%A0%84%EC%B2%A0%203%ED%98%B8%EC%84%A0,https://namu.wiki/w/%EC%88%98%EB%8F%84%EA%B6%8C%20%EC%A0%84%EC%B2%A0%20%ED%99%98%EC%8A%B9%20%EC%A0%95%EB%B3%B4/%EC%88%98%EB%8F%84%EA%B6%8C%20%EC%A0%84%EC%B2%A0%203%ED%98%B8%EC%84%A0,,89,89
current_app,오금,5호선,개롱,3호선,경찰병원,1-4,,verified_legacy,legacy_app,https://namu.wiki/w/%EC%88%98%EB%8F%84%EA%B6%8C%20%EC%A0%84%EC%B2%A0%20%ED%99%98%EC%8A%B9%20%EC%A0%95%EB%B3%B4/%EC%88%98%EB%8F%84%EA%B6%8C%20%EC%A0%84%EC%B2%A0%205%ED%98%B8%EC%84%A0,https://namu.wiki/w/%EC%88%98%EB%8F%84%EA%B6%8C%20%EC%A0%84%EC%B2%A0%20%ED%99%98%EC%8A%B9%20%EC%A0%95%EB%B3%B4/%EC%88%98%EB%8F%84%EA%B6%8C%20%EC%A0%84%EC%B2%A0%205%ED%98%B8%EC%84%A0,,89,89
current_app,오금,5호선,방이,3호선,경찰병원,8-1,,verified_legacy,legacy_app,https://namu.wiki/w/%EC%88%98%EB%8F%84%EA%B6%8C%20%EC%A0%84%EC%B2%A0%20%ED%99%98%EC%8A%B9%20%EC%A0%95%EB%B3%B4/%EC%88%98%EB%8F%84%EA%B6%8C%20%EC%A0%84%EC%B2%A0%205%ED%98%B8%EC%84%A0,https://namu.wiki/w/%EC%88%98%EB%8F%84%EA%B6%8C%20%EC%A0%84%EC%B2%A0%20%ED%99%98%EC%8A%B9%20%EC%A0%95%EB%B3%B4/%EC%88%98%EB%8F%84%EA%B6%8C%20%EC%A0%84%EC%B2%A0%205%ED%98%B8%EC%84%A0,,89,89
current_app,오이도,4호선,달월,수인분당선,달월,모든 호차-모든 문,,verified_legacy,legacy_app,https://namu.wiki/w/%EC%88%98%EB%8F%84%EA%B6%8C%20%EC%A0%84%EC%B2%A0%20%ED%99%98%EC%8A%B9%20%EC%A0%95%EB%B3%B4/%EC%88%98%EB%8F%84%EA%B6%8C%20%EC%A0%84%EC%B2%A0%204%ED%98%B8%EC%84%A0,https://namu.wiki/w/%EC%88%98%EB%8F%84%EA%B6%8C%20%EC%A0%84%EC%B2%A0%20%ED%99%98%EC%8A%B9%20%EC%A0%95%EB%B3%B4/%EC%88%98%EB%8F%84%EA%B6%8C%20%EC%A0%84%EC%B2%A0%204%ED%98%B8%EC%84%A0,,600,600
current_app,오이도,4호선,정왕,수인분당선,정왕,모든 호차-모든 문,,verified_legacy,legacy_app,https://namu.wiki/w/%EC%88%98%EB%8F%84%EA%B6%8C%20%EC%A0%84%EC%B2%A0%20%ED%99%98%EC%8A%B9%20%EC%A0%95%EB%B3%B4/%EC%88%98%EB%8F%84%EA%B6%8C%20%EC%A0%84%EC%B2%A0%204%ED%98%B8%EC%84%A0,https://namu.wiki/w/%EC%88%98%EB%8F%84%EA%B6%8C%20%EC%A0%84%EC%B2%A0%20%ED%99%98%EC%8A%B9%20%EC%A0%95%EB%B3%B4/%EC%88%98%EB%8F%84%EA%B6%8C%20%EC%A0%84%EC%B2%A0%204%ED%98%B8%EC%84%A0,,600,600
current_app,오이도,수인분당선,달월,4호선,정왕,모든 호차-모든 문,,verified_legacy,legacy_app,https://namu.wiki/w/%EC%88%98%EB%8F%84%EA%B6%8C%20%EC%A0%84%EC%B2%A0%20%ED%99%98%EC%8A%B9%20%EC%A0%95%EB%B3%B4/%EC%88%98%EB%8F%84%EA%B6%8C%20%EC%A0%84%EC%B2%A0%20%EC%88%98%EC%9D%B8%C2%B7%EB%B6%84%EB%8B%B9%EC%84%A0,https://namu.wiki/w/%EC%88%98%EB%8F%84%EA%B6%8C%20%EC%A0%84%EC%B2%A0%20%ED%99%98%EC%8A%B9%20%EC%A0%95%EB%B3%B4/%EC%88%98%EB%8F%84%EA%B6%8C%20%EC%A0%84%EC%B2%A0%20%EC%88%98%EC%9D%B8%C2%B7%EB%B6%84%EB%8B%B9%EC%84%A0,,600,600
current_app,오이도,수인분당선,정왕,4호선,정왕,모든 호차-모든 문,,verified_legacy,legacy_app,https://namu.wiki/w/%EC%88%98%EB%8F%84%EA%B6%8C%20%EC%A0%84%EC%B2%A0%20%ED%99%98%EC%8A%B9%20%EC%A0%95%EB%B3%B4/%EC%88%98%EB%8F%84%EA%B6%8C%20%EC%A0%84%EC%B2%A0%20%EC%88%98%EC%9D%B8%C2%B7%EB%B6%84%EB%8B%B9%EC%84%A0,https://namu.wiki/w/%EC%88%98%EB%8F%84%EA%B6%8C%20%EC%A0%84%EC%B2%A0%20%ED%99%98%EC%8A%B9%20%EC%A0%95%EB%B3%B4/%EC%88%98%EB%8F%84%EA%B6%8C%20%EC%A0%84%EC%B2%A0%20%EC%88%98%EC%9D%B8%C2%B7%EB%B6%84%EB%8B%B9%EC%84%A0,,600,600
current_app,옥수,3호선,금호,경의중앙선,응봉,1-4,,verified_legacy,legacy_app,https://namu.wiki/w/%EC%88%98%EB%8F%84%EA%B6%8C%20%EC%A0%84%EC%B2%A0%20%ED%99%98%EC%8A%B9%20%EC%A0%95%EB%B3%B4/%EC%88%98%EB%8F%84%EA%B6%8C%20%EC%A0%84%EC%B2%A0%203%ED%98%B8%EC%84%A0,https://namu.wiki/w/%EC%88%98%EB%8F%84%EA%B6%8C%20%EC%A0%84%EC%B2%A0%20%ED%99%98%EC%8A%B9%20%EC%A0%95%EB%B3%B4/%EC%88%98%EB%8F%84%EA%B6%8C%20%EC%A0%84%EC%B2%A0%203%ED%98%B8%EC%84%A0,,216,216
current_app,옥수,3호선,금호,경의중앙선,한남,1-4,,verified_legacy,legacy_app,https://namu.wiki/w/%EC%88%98%EB%8F%84%EA%B6%8C%20%EC%A0%84%EC%B2%A0%20%ED%99%98%EC%8A%B9%20%EC%A0%95%EB%B3%B4/%EC%88%98%EB%8F%84%EA%B6%8C%20%EC%A0%84%EC%B2%A0%203%ED%98%B8%EC%84%A0,https://namu.wiki/w/%EC%88%98%EB%8F%84%EA%B6%8C%20%EC%A0%84%EC%B2%A0%20%ED%99%98%EC%8A%B9%20%EC%A0%95%EB%B3%B4/%EC%88%98%EB%8F%84%EA%B6%8C%20%EC%A0%84%EC%B2%A0%203%ED%98%B8%EC%84%A0,,216,216
current_app,옥수,3호선,압구정,경의중앙선,응봉,4-1,,verified_legacy,legacy_app,https://namu.wiki/w/%EC%88%98%EB%8F%84%EA%B6%8C%20%EC%A0%84%EC%B2%A0%20%ED%99%98%EC%8A%B9%20%EC%A0%95%EB%B3%B4/%EC%88%98%EB%8F%84%EA%B6%8C%20%EC%A0%84%EC%B2%A0%203%ED%98%B8%EC%84%A0,https://namu.wiki/w/%EC%88%98%EB%8F%84%EA%B6%8C%20%EC%A0%84%EC%B2%A0%20%ED%99%98%EC%8A%B9%20%EC%A0%95%EB%B3%B4/%EC%88%98%EB%8F%84%EA%B6%8C%20%EC%A0%84%EC%B2%A0%203%ED%98%B8%EC%84%A0,,216,216
current_app,옥수,3호선,압구정,경의중앙선,한남,4-1,,verified_legacy,legacy_app,https://namu.wiki/w/%EC%88%98%EB%8F%84%EA%B6%8C%20%EC%A0%84%EC%B2%A0%20%ED%99%98%EC%8A%B9%20%EC%A0%95%EB%B3%B4/%EC%88%98%EB%8F%84%EA%B6%8C%20%EC%A0%84%EC%B2%A0%203%ED%98%B8%EC%84%A0,https://namu.wiki/w/%EC%88%98%EB%8F%84%EA%B6%8C%20%EC%A0%84%EC%B2%A0%20%ED%99%98%EC%8A%B9%20%EC%A0%95%EB%B3%B4/%EC%88%98%EB%8F%84%EA%B6%8C%20%EC%A0%84%EC%B2%A0%203%ED%98%B8%EC%84%A0,,216,216
current_app,옥수,경의중앙선,응봉,3호선,금호,4-4,,verified_legacy,legacy_app,https://namu.wiki/w/%EC%88%98%EB%8F%84%EA%B6%8C%20%EC%A0%84%EC%B2%A0%20%ED%99%98%EC%8A%B9%20%EC%A0%95%EB%B3%B4/%EC%88%98%EB%8F%84%EA%B6%8C%20%EC%A0%84%EC%B2%A0%20%EA%B2%BD%EC%9D%98%C2%B7%EC%A4%91%EC%95%99%EC%84%A0,https://namu.wiki/w/%EC%88%98%EB%8F%84%EA%B6%8C%20%EC%A0%84%EC%B2%A0%20%ED%99%98%EC%8A%B9%20%EC%A0%95%EB%B3%B4/%EC%88%98%EB%8F%84%EA%B6%8C%20%EC%A0%84%EC%B2%A0%20%EA%B2%BD%EC%9D%98%C2%B7%EC%A4%91%EC%95%99%EC%84%A0,,216,216
current_app,옥수,경의중앙선,응봉,3호선,압구정,4-4,,verified_legacy,legacy_app,https://namu.wiki/w/%EC%88%98%EB%8F%84%EA%B6%8C%20%EC%A0%84%EC%B2%A0%20%ED%99%98%EC%8A%B9%20%EC%A0%95%EB%B3%B4/%EC%88%98%EB%8F%84%EA%B6%8C%20%EC%A0%84%EC%B2%A0%20%EA%B2%BD%EC%9D%98%C2%B7%EC%A4%91%EC%95%99%EC%84%A0,https://namu.wiki/w/%EC%88%98%EB%8F%84%EA%B6%8C%20%EC%A0%84%EC%B2%A0%20%ED%99%98%EC%8A%B9%20%EC%A0%95%EB%B3%B4/%EC%88%98%EB%8F%84%EA%B6%8C%20%EC%A0%84%EC%B2%A0%20%EA%B2%BD%EC%9D%98%C2%B7%EC%A4%91%EC%95%99%EC%84%A0,,216,216
current_app,옥수,경의중앙선,한남,3호선,금호,7-1,,verified_legacy,legacy_app,https://namu.wiki/w/%EC%88%98%EB%8F%84%EA%B6%8C%20%EC%A0%84%EC%B2%A0%20%ED%99%98%EC%8A%B9%20%EC%A0%95%EB%B3%B4/%EC%88%98%EB%8F%84%EA%B6%8C%20%EC%A0%84%EC%B2%A0%20%EA%B2%BD%EC%9D%98%C2%B7%EC%A4%91%EC%95%99%EC%84%A0,https://namu.wiki/w/%EC%88%98%EB%8F%84%EA%B6%8C%20%EC%A0%84%EC%B2%A0%20%ED%99%98%EC%8A%B9%20%EC%A0%95%EB%B3%B4/%EC%88%98%EB%8F%84%EA%B6%8C%20%EC%A0%84%EC%B2%A0%20%EA%B2%BD%EC%9D%98%C2%B7%EC%A4%91%EC%95%99%EC%84%A0,,216,216
current_app,옥수,경의중앙선,한남,3호선,압구정,7-1,,verified_legacy,legacy_app,https://namu.wiki/w/%EC%88%98%EB%8F%84%EA%B6%8C%20%EC%A0%84%EC%B2%A0%20%ED%99%98%EC%8A%B9%20%EC%A0%95%EB%B3%B4/%EC%88%98%EB%8F%84%EA%B6%8C%20%EC%A0%84%EC%B2%A0%20%EA%B2%BD%EC%9D%98%C2%B7%EC%A4%91%EC%95%99%EC%84%A0,https://namu.wiki/w/%EC%88%98%EB%8F%84%EA%B6%8C%20%EC%A0%84%EC%B2%A0%20%ED%99%98%EC%8A%B9%20%EC%A0%95%EB%B3%B4/%EC%88%98%EB%8F%84%EA%B6%8C%20%EC%A0%84%EC%B2%A0%20%EA%B2%BD%EC%9D%98%C2%B7%EC%A4%91%EC%95%99%EC%84%A0,,216,216
current_app,온수,1호선,역곡,7호선,방면,1-1,,verified_legacy,legacy_app,https://namu.wiki/w/%EC%88%98%EB%8F%84%EA%B6%8C%20%EC%A0%84%EC%B2%A0%20%ED%99%98%EC%8A%B9%20%EC%A0%95%EB%B3%B4/%EC%88%98%EB%8F%84%EA%B6%8C%20%EC%A0%84%EC%B2%A0%201%ED%98%B8%EC%84%A0,https://namu.wiki/w/%EC%88%98%EB%8F%84%EA%B6%8C%20%EC%A0%84%EC%B2%A0%20%ED%99%98%EC%8A%B9%20%EC%A0%95%EB%B3%B4/%EC%88%98%EB%8F%84%EA%B6%8C%20%EC%A0%84%EC%B2%A0%201%ED%98%B8%EC%84%A0,,254,254
current_app,온수,1호선,역곡,7호선,천왕,1-1,,verified_legacy,legacy_app,https://namu.wiki/w/%EC%88%98%EB%8F%84%EA%B6%8C%20%EC%A0%84%EC%B2%A0%20%ED%99%98%EC%8A%B9%20%EC%A0%95%EB%B3%B4/%EC%88%98%EB%8F%84%EA%B6%8C%20%EC%A0%84%EC%B2%A0%201%ED%98%B8%EC%84%A0,https://namu.wiki/w/%EC%88%98%EB%8F%84%EA%B6%8C%20%EC%A0%84%EC%B2%A0%20%ED%99%98%EC%8A%B9%20%EC%A0%95%EB%B3%B4/%EC%88%98%EB%8F%84%EA%B6%8C%20%EC%A0%84%EC%B2%A0%201%ED%98%B8%EC%84%A0,,254,254
current_app,온수,1호선,오류동,7호선,방면,10-4,,verified_legacy,legacy_app,https://namu.wiki/w/%EC%88%98%EB%8F%84%EA%B6%8C%20%EC%A0%84%EC%B2%A0%20%ED%99%98%EC%8A%B9%20%EC%A0%95%EB%B3%B4/%EC%88%98%EB%8F%84%EA%B6%8C%20%EC%A0%84%EC%B2%A0%201%ED%98%B8%EC%84%A0,https://namu.wiki/w/%EC%88%98%EB%8F%84%EA%B6%8C%20%EC%A0%84%EC%B2%A0%20%ED%99%98%EC%8A%B9%20%EC%A0%95%EB%B3%B4/%EC%88%98%EB%8F%84%EA%B6%8C%20%EC%A0%84%EC%B2%A0%201%ED%98%B8%EC%84%A0,,254,254
current_app,온수,1호선,오류동,7호선,천왕,10-4,,verified_legacy,legacy_app,https://namu.wiki/w/%EC%88%98%EB%8F%84%EA%B6%8C%20%EC%A0%84%EC%B2%A0%20%ED%99%98%EC%8A%B9%20%EC%A0%95%EB%B3%B4/%EC%88%98%EB%8F%84%EA%B6%8C%20%EC%A0%84%EC%B2%A0%201%ED%98%B8%EC%84%A0,https://namu.wiki/w/%EC%88%98%EB%8F%84%EA%B6%8C%20%EC%A0%84%EC%B2%A0%20%ED%99%98%EC%8A%B9%20%EC%A0%95%EB%B3%B4/%EC%88%98%EB%8F%84%EA%B6%8C%20%EC%A0%84%EC%B2%A0%201%ED%98%B8%EC%84%A0,,254,254
current_app,온수,7호선,역곡,1호선,역곡,1-1,,verified_legacy,legacy_app,https://namu.wiki/w/%EC%88%98%EB%8F%84%EA%B6%8C%20%EC%A0%84%EC%B2%A0%20%ED%99%98%EC%8A%B9%20%EC%A0%95%EB%B3%B4/%EC%84%9C%EC%9A%B8%20%EC%A7%80%ED%95%98%EC%B2%A0%207%ED%98%B8%EC%84%A0,https://namu.wiki/w/%EC%88%98%EB%8F%84%EA%B6%8C%20%EC%A0%84%EC%B2%A0%20%ED%99%98%EC%8A%B9%20%EC%A0%95%EB%B3%B4/%EC%84%9C%EC%9A%B8%20%EC%A7%80%ED%95%98%EC%B2%A0%207%ED%98%B8%EC%84%A0,,254,254
current_app,온수,7호선,오류동,1호선,오류동,1-1,,verified_legacy,legacy_app,https://namu.wiki/w/%EC%88%98%EB%8F%84%EA%B6%8C%20%EC%A0%84%EC%B2%A0%20%ED%99%98%EC%8A%B9%20%EC%A0%95%EB%B3%B4/%EC%84%9C%EC%9A%B8%20%EC%A7%80%ED%95%98%EC%B2%A0%207%ED%98%B8%EC%84%A0,https://namu.wiki/w/%EC%88%98%EB%8F%84%EA%B6%8C%20%EC%A0%84%EC%B2%A0%20%ED%99%98%EC%8A%B9%20%EC%A0%95%EB%B3%B4/%EC%84%9C%EC%9A%B8%20%EC%A7%80%ED%95%98%EC%B2%A0%207%ED%98%B8%EC%84%A0,,254,254
current_app,온수,7호선,천왕,1호선,역곡,8-4,,verified_legacy,legacy_app,https://namu.wiki/w/%EC%88%98%EB%8F%84%EA%B6%8C%20%EC%A0%84%EC%B2%A0%20%ED%99%98%EC%8A%B9%20%EC%A0%95%EB%B3%B4/%EC%84%9C%EC%9A%B8%20%EC%A7%80%ED%95%98%EC%B2%A0%207%ED%98%B8%EC%84%A0,https://namu.wiki/w/%EC%88%98%EB%8F%84%EA%B6%8C%20%EC%A0%84%EC%B2%A0%20%ED%99%98%EC%8A%B9%20%EC%A0%95%EB%B3%B4/%EC%84%9C%EC%9A%B8%20%EC%A7%80%ED%95%98%EC%B2%A0%207%ED%98%B8%EC%84%A0,,254,254
current_app,온수,7호선,천왕,1호선,오류동,8-4,,verified_legacy,legacy_app,https://namu.wiki/w/%EC%88%98%EB%8F%84%EA%B6%8C%20%EC%A0%84%EC%B2%A0%20%ED%99%98%EC%8A%B9%20%EC%A0%95%EB%B3%B4/%EC%84%9C%EC%9A%B8%20%EC%A7%80%ED%95%98%EC%B2%A0%207%ED%98%B8%EC%84%A0,https://namu.wiki/w/%EC%88%98%EB%8F%84%EA%B6%8C%20%EC%A0%84%EC%B2%A0%20%ED%99%98%EC%8A%B9%20%EC%A0%95%EB%B3%B4/%EC%84%9C%EC%9A%B8%20%EC%A7%80%ED%95%98%EC%B2%A0%207%ED%98%B8%EC%84%A0,,254,254
current_app,올림픽공원,5호선,둔촌동,9호선,,6-1,,verified_legacy,legacy_app,https://namu.wiki/w/%EC%88%98%EB%8F%84%EA%B6%8C%20%EC%A0%84%EC%B2%A0%20%ED%99%98%EC%8A%B9%20%EC%A0%95%EB%B3%B4/%EC%88%98%EB%8F%84%EA%B6%8C%20%EC%A0%84%EC%B2%A0%205%ED%98%B8%EC%84%A0,https://namu.wiki/w/%EC%88%98%EB%8F%84%EA%B6%8C%20%EC%A0%84%EC%B2%A0%20%ED%99%98%EC%8A%B9%20%EC%A0%95%EB%B3%B4/%EC%88%98%EB%8F%84%EA%B6%8C%20%EC%A0%84%EC%B2%A0%205%ED%98%B8%EC%84%A0,,78,
current_app,올림픽공원,5호선,방이,9호선,,4-4,,verified_legacy,legacy_app,https://namu.wiki/w/%EC%88%98%EB%8F%84%EA%B6%8C%20%EC%A0%84%EC%B2%A0%20%ED%99%98%EC%8A%B9%20%EC%A0%95%EB%B3%B4/%EC%88%98%EB%8F%84%EA%B6%8C%20%EC%A0%84%EC%B2%A0%205%ED%98%B8%EC%84%A0,https://namu.wiki/w/%EC%88%98%EB%8F%84%EA%B6%8C%20%EC%A0%84%EC%B2%A0%20%ED%99%98%EC%8A%B9%20%EC%A0%95%EB%B3%B4/%EC%88%98%EB%8F%84%EA%B6%8C%20%EC%A0%84%EC%B2%A0%205%ED%98%B8%EC%84%A0,,78,
current_app,올림픽공원,9호선,둔촌오륜,5호선,둔촌동,6-3,,verified_legacy,legacy_app,https://namu.wiki/w/%EC%88%98%EB%8F%84%EA%B6%8C%20%EC%A0%84%EC%B2%A0%20%ED%99%98%EC%8A%B9%20%EC%A0%95%EB%B3%B4/%EC%84%9C%EC%9A%B8%20%EC%A7%80%ED%95%98%EC%B2%A0%209%ED%98%B8%EC%84%A0,https://namu.wiki/w/%EC%88%98%EB%8F%84%EA%B6%8C%20%EC%A0%84%EC%B2%A0%20%ED%99%98%EC%8A%B9%20%EC%A0%95%EB%B3%B4/%EC%84%9C%EC%9A%B8%20%EC%A7%80%ED%95%98%EC%B2%A0%209%ED%98%B8%EC%84%A0,,120,120
current_app,올림픽공원,9호선,둔촌오륜,5호선,방이,3-3,,verified_legacy,legacy_app,https://namu.wiki/w/%EC%88%98%EB%8F%84%EA%B6%8C%20%EC%A0%84%EC%B2%A0%20%ED%99%98%EC%8A%B9%20%EC%A0%95%EB%B3%B4/%EC%84%9C%EC%9A%B8%20%EC%A7%80%ED%95%98%EC%B2%A0%209%ED%98%B8%EC%84%A0,https://namu.wiki/w/%EC%88%98%EB%8F%84%EA%B6%8C%20%EC%A0%84%EC%B2%A0%20%ED%99%98%EC%8A%B9%20%EC%A0%95%EB%B3%B4/%EC%84%9C%EC%9A%B8%20%EC%A7%80%ED%95%98%EC%B2%A0%209%ED%98%B8%EC%84%A0,,120,120
current_app,올림픽공원,9호선,한성백제,5호선,둔촌동,1-2,,verified_legacy,legacy_app,https://namu.wiki/w/%EC%88%98%EB%8F%84%EA%B6%8C%20%EC%A0%84%EC%B2%A0%20%ED%99%98%EC%8A%B9%20%EC%A0%95%EB%B3%B4/%EC%84%9C%EC%9A%B8%20%EC%A7%80%ED%95%98%EC%B2%A0%209%ED%98%B8%EC%84%A0,https://namu.wiki/w/%EC%88%98%EB%8F%84%EA%B6%8C%20%EC%A0%84%EC%B2%A0%20%ED%99%98%EC%8A%B9%20%EC%A0%95%EB%B3%B4/%EC%84%9C%EC%9A%B8%20%EC%A7%80%ED%95%98%EC%B2%A0%209%ED%98%B8%EC%84%A0,,120,120
current_app,올림픽공원,9호선,한성백제,5호선,방이,4-2,,verified_legacy,legacy_app,https://namu.wiki/w/%EC%88%98%EB%8F%84%EA%B6%8C%20%EC%A0%84%EC%B2%A0%20%ED%99%98%EC%8A%B9%20%EC%A0%95%EB%B3%B4/%EC%84%9C%EC%9A%B8%20%EC%A7%80%ED%95%98%EC%B2%A0%209%ED%98%B8%EC%84%A0,https://namu.wiki/w/%EC%88%98%EB%8F%84%EA%B6%8C%20%EC%A0%84%EC%B2%A0%20%ED%99%98%EC%8A%B9%20%EC%A0%95%EB%B3%B4/%EC%84%9C%EC%9A%B8%20%EC%A7%80%ED%95%98%EC%B2%A0%209%ED%98%B8%EC%84%A0,,120,120
current_app,왕십리,2호선,상왕십리,5호선,마장,5-4,,verified_legacy,legacy_app,https://namu.wiki/w/%EC%88%98%EB%8F%84%EA%B6%8C%20%EC%A0%84%EC%B2%A0%20%ED%99%98%EC%8A%B9%20%EC%A0%95%EB%B3%B4/%EC%84%9C%EC%9A%B8%20%EC%A7%80%ED%95%98%EC%B2%A0%202%ED%98%B8%EC%84%A0,https://namu.wiki/w/%EC%88%98%EB%8F%84%EA%B6%8C%20%EC%A0%84%EC%B2%A0%20%ED%99%98%EC%8A%B9%20%EC%A0%95%EB%B3%B4/%EC%84%9C%EC%9A%B8%20%EC%A7%80%ED%95%98%EC%B2%A0%202%ED%98%B8%EC%84%A0,,224,224
current_app,왕십리,2호선,상왕십리,5호선,행당,5-4,,verified_legacy,legacy_app,https://namu.wiki/w/%EC%88%98%EB%8F%84%EA%B6%8C%20%EC%A0%84%EC%B2%A0%20%ED%99%98%EC%8A%B9%20%EC%A0%95%EB%B3%B4/%EC%84%9C%EC%9A%B8%20%EC%A7%80%ED%95%98%EC%B2%A0%202%ED%98%B8%EC%84%A0,https://namu.wiki/w/%EC%88%98%EB%8F%84%EA%B6%8C%20%EC%A0%84%EC%B2%A0%20%ED%99%98%EC%8A%B9%20%EC%A0%95%EB%B3%B4/%EC%84%9C%EC%9A%B8%20%EC%A7%80%ED%95%98%EC%B2%A0%202%ED%98%B8%EC%84%A0,,224,224
current_app,왕십리,2호선,상왕십리,경의중앙선,응봉,3-1,,verified_legacy,legacy_app,https://namu.wiki/w/%EC%88%98%EB%8F%84%EA%B6%8C%20%EC%A0%84%EC%B2%A0%20%ED%99%98%EC%8A%B9%20%EC%A0%95%EB%B3%B4/%EC%84%9C%EC%9A%B8%20%EC%A7%80%ED%95%98%EC%B2%A0%202%ED%98%B8%EC%84%A0,https://namu.wiki/w/%EC%88%98%EB%8F%84%EA%B6%8C%20%EC%A0%84%EC%B2%A0%20%ED%99%98%EC%8A%B9%20%EC%A0%95%EB%B3%B4/%EC%84%9C%EC%9A%B8%20%EC%A7%80%ED%95%98%EC%B2%A0%202%ED%98%B8%EC%84%A0,,169,169
current_app,왕십리,2호선,상왕십리,경의중앙선,청량리,8-4,,verified_legacy,legacy_app,https://namu.wiki/w/%EC%88%98%EB%8F%84%EA%B6%8C%20%EC%A0%84%EC%B2%A0%20%ED%99%98%EC%8A%B9%20%EC%A0%95%EB%B3%B4/%EC%84%9C%EC%9A%B8%20%EC%A7%80%ED%95%98%EC%B2%A0%202%ED%98%B8%EC%84%A0,https://namu.wiki/w/%EC%88%98%EB%8F%84%EA%B6%8C%20%EC%A0%84%EC%B2%A0%20%ED%99%98%EC%8A%B9%20%EC%A0%95%EB%B3%B4/%EC%84%9C%EC%9A%B8%20%EC%A7%80%ED%95%98%EC%B2%A0%202%ED%98%B8%EC%84%A0,,169,169
current_app,왕십리,2호선,상왕십리,수인분당선,서울숲,8-4,,verified_legacy,legacy_app,https://namu.wiki/w/%EC%88%98%EB%8F%84%EA%B6%8C%20%EC%A0%84%EC%B2%A0%20%ED%99%98%EC%8A%B9%20%EC%A0%95%EB%B3%B4/%EC%84%9C%EC%9A%B8%20%EC%A7%80%ED%95%98%EC%B2%A0%202%ED%98%B8%EC%84%A0,https://namu.wiki/w/%EC%88%98%EB%8F%84%EA%B6%8C%20%EC%A0%84%EC%B2%A0%20%ED%99%98%EC%8A%B9%20%EC%A0%95%EB%B3%B4/%EC%84%9C%EC%9A%B8%20%EC%A7%80%ED%95%98%EC%B2%A0%202%ED%98%B8%EC%84%A0,,420,420
current_app,왕십리,2호선,한양대,5호선,마장,6-1,,verified_legacy,legacy_app,https://namu.wiki/w/%EC%88%98%EB%8F%84%EA%B6%8C%20%EC%A0%84%EC%B2%A0%20%ED%99%98%EC%8A%B9%20%EC%A0%95%EB%B3%B4/%EC%84%9C%EC%9A%B8%20%EC%A7%80%ED%95%98%EC%B2%A0%202%ED%98%B8%EC%84%A0,https://namu.wiki/w/%EC%88%98%EB%8F%84%EA%B6%8C%20%EC%A0%84%EC%B2%A0%20%ED%99%98%EC%8A%B9%20%EC%A0%95%EB%B3%B4/%EC%84%9C%EC%9A%B8%20%EC%A7%80%ED%95%98%EC%B2%A0%202%ED%98%B8%EC%84%A0,,224,224
current_app,왕십리,2호선,한양대,5호선,행당,6-1,,verified_legacy,legacy_app,https://namu.wiki/w/%EC%88%98%EB%8F%84%EA%B6%8C%20%EC%A0%84%EC%B2%A0%20%ED%99%98%EC%8A%B9%20%EC%A0%95%EB%B3%B4/%EC%84%9C%EC%9A%B8%20%EC%A7%80%ED%95%98%EC%B2%A0%202%ED%98%B8%EC%84%A0,https://namu.wiki/w/%EC%88%98%EB%8F%84%EA%B6%8C%20%EC%A0%84%EC%B2%A0%20%ED%99%98%EC%8A%B9%20%EC%A0%95%EB%B3%B4/%EC%84%9C%EC%9A%B8%20%EC%A7%80%ED%95%98%EC%B2%A0%202%ED%98%B8%EC%84%A0,,224,224
current_app,왕십리,2호선,한양대,경의중앙선,응봉,8-4,,verified_legacy,legacy_app,https://namu.wiki/w/%EC%88%98%EB%8F%84%EA%B6%8C%20%EC%A0%84%EC%B2%A0%20%ED%99%98%EC%8A%B9%20%EC%A0%95%EB%B3%B4/%EC%84%9C%EC%9A%B8%20%EC%A7%80%ED%95%98%EC%B2%A0%202%ED%98%B8%EC%84%A0,https://namu.wiki/w/%EC%88%98%EB%8F%84%EA%B6%8C%20%EC%A0%84%EC%B2%A0%20%ED%99%98%EC%8A%B9%20%EC%A0%95%EB%B3%B4/%EC%84%9C%EC%9A%B8%20%EC%A7%80%ED%95%98%EC%B2%A0%202%ED%98%B8%EC%84%A0,,169,169
current_app,왕십리,2호선,한양대,경의중앙선,청량리,8-4,,verified_legacy,legacy_app,https://namu.wiki/w/%EC%88%98%EB%8F%84%EA%B6%8C%20%EC%A0%84%EC%B2%A0%20%ED%99%98%EC%8A%B9%20%EC%A0%95%EB%B3%B4/%EC%84%9C%EC%9A%B8%20%EC%A7%80%ED%95%98%EC%B2%A0%202%ED%98%B8%EC%84%A0,https://namu.wiki/w/%EC%88%98%EB%8F%84%EA%B6%8C%20%EC%A0%84%EC%B2%A0%20%ED%99%98%EC%8A%B9%20%EC%A0%95%EB%B3%B4/%EC%84%9C%EC%9A%B8%20%EC%A7%80%ED%95%98%EC%B2%A0%202%ED%98%B8%EC%84%A0,,169,169
current_app,왕십리,2호선,한양대,수인분당선,서울숲,3-1,,verified_legacy,legacy_app,https://namu.wiki/w/%EC%88%98%EB%8F%84%EA%B6%8C%20%EC%A0%84%EC%B2%A0%20%ED%99%98%EC%8A%B9%20%EC%A0%95%EB%B3%B4/%EC%84%9C%EC%9A%B8%20%EC%A7%80%ED%95%98%EC%B2%A0%202%ED%98%B8%EC%84%A0,https://namu.wiki/w/%EC%88%98%EB%8F%84%EA%B6%8C%20%EC%A0%84%EC%B2%A0%20%ED%99%98%EC%8A%B9%20%EC%A0%95%EB%B3%B4/%EC%84%9C%EC%9A%B8%20%EC%A7%80%ED%95%98%EC%B2%A0%202%ED%98%B8%EC%84%A0,,420,420
current_app,왕십리,5호선,마장,2호선,상왕십리,5-2,,verified_legacy,legacy_app,https://namu.wiki/w/%EC%88%98%EB%8F%84%EA%B6%8C%20%EC%A0%84%EC%B2%A0%20%ED%99%98%EC%8A%B9%20%EC%A0%95%EB%B3%B4/%EC%88%98%EB%8F%84%EA%B6%8C%20%EC%A0%84%EC%B2%A0%205%ED%98%B8%EC%84%A0,https://namu.wiki/w/%EC%88%98%EB%8F%84%EA%B6%8C%20%EC%A0%84%EC%B2%A0%20%ED%99%98%EC%8A%B9%20%EC%A0%95%EB%B3%B4/%EC%88%98%EB%8F%84%EA%B6%8C%20%EC%A0%84%EC%B2%A0%205%ED%98%B8%EC%84%A0,,224,224
current_app,왕십리,5호선,마장,2호선,한양대,5-2,,verified_legacy,legacy_app,https://namu.wiki/w/%EC%88%98%EB%8F%84%EA%B6%8C%20%EC%A0%84%EC%B2%A0%20%ED%99%98%EC%8A%B9%20%EC%A0%95%EB%B3%B4/%EC%88%98%EB%8F%84%EA%B6%8C%20%EC%A0%84%EC%B2%A0%205%ED%98%B8%EC%84%A0,https://namu.wiki/w/%EC%88%98%EB%8F%84%EA%B6%8C%20%EC%A0%84%EC%B2%A0%20%ED%99%98%EC%8A%B9%20%EC%A0%95%EB%B3%B4/%EC%88%98%EB%8F%84%EA%B6%8C%20%EC%A0%84%EC%B2%A0%205%ED%98%B8%EC%84%A0,,224,224
current_app,왕십리,5호선,마장,경의중앙선,응봉,5-2,,verified_legacy,legacy_app,https://namu.wiki/w/%EC%88%98%EB%8F%84%EA%B6%8C%20%EC%A0%84%EC%B2%A0%20%ED%99%98%EC%8A%B9%20%EC%A0%95%EB%B3%B4/%EC%88%98%EB%8F%84%EA%B6%8C%20%EC%A0%84%EC%B2%A0%205%ED%98%B8%EC%84%A0,https://namu.wiki/w/%EC%88%98%EB%8F%84%EA%B6%8C%20%EC%A0%84%EC%B2%A0%20%ED%99%98%EC%8A%B9%20%EC%A0%95%EB%B3%B4/%EC%88%98%EB%8F%84%EA%B6%8C%20%EC%A0%84%EC%B2%A0%205%ED%98%B8%EC%84%A0,,392,392
current_app,왕십리,5호선,마장,경의중앙선,청량리,5-2,,verified_legacy,legacy_app,https://namu.wiki/w/%EC%88%98%EB%8F%84%EA%B6%8C%20%EC%A0%84%EC%B2%A0%20%ED%99%98%EC%8A%B9%20%EC%A0%95%EB%B3%B4/%EC%88%98%EB%8F%84%EA%B6%8C%20%EC%A0%84%EC%B2%A0%205%ED%98%B8%EC%84%A0,https://namu.wiki/w/%EC%88%98%EB%8F%84%EA%B6%8C%20%EC%A0%84%EC%B2%A0%20%ED%99%98%EC%8A%B9%20%EC%A0%95%EB%B3%B4/%EC%88%98%EB%8F%84%EA%B6%8C%20%EC%A0%84%EC%B2%A0%205%ED%98%B8%EC%84%A0,,392,392
current_app,왕십리,5호선,마장,수인분당선,서울숲,7-2,,verified_legacy,legacy_app,https://namu.wiki/w/%EC%88%98%EB%8F%84%EA%B6%8C%20%EC%A0%84%EC%B2%A0%20%ED%99%98%EC%8A%B9%20%EC%A0%95%EB%B3%B4/%EC%88%98%EB%8F%84%EA%B6%8C%20%EC%A0%84%EC%B2%A0%205%ED%98%B8%EC%84%A0,https://namu.wiki/w/%EC%88%98%EB%8F%84%EA%B6%8C%20%EC%A0%84%EC%B2%A0%20%ED%99%98%EC%8A%B9%20%EC%A0%95%EB%B3%B4/%EC%88%98%EB%8F%84%EA%B6%8C%20%EC%A0%84%EC%B2%A0%205%ED%98%B8%EC%84%A0,,420,420
current_app,왕십리,5호선,행당,2호선,상왕십리,2-3,,verified_legacy,legacy_app,https://namu.wiki/w/%EC%88%98%EB%8F%84%EA%B6%8C%20%EC%A0%84%EC%B2%A0%20%ED%99%98%EC%8A%B9%20%EC%A0%95%EB%B3%B4/%EC%88%98%EB%8F%84%EA%B6%8C%20%EC%A0%84%EC%B2%A0%205%ED%98%B8%EC%84%A0,https://namu.wiki/w/%EC%88%98%EB%8F%84%EA%B6%8C%20%EC%A0%84%EC%B2%A0%20%ED%99%98%EC%8A%B9%20%EC%A0%95%EB%B3%B4/%EC%88%98%EB%8F%84%EA%B6%8C%20%EC%A0%84%EC%B2%A0%205%ED%98%B8%EC%84%A0,,224,224
current_app,왕십리,5호선,행당,2호선,한양대,2-3,,verified_legacy,legacy_app,https://namu.wiki/w/%EC%88%98%EB%8F%84%EA%B6%8C%20%EC%A0%84%EC%B2%A0%20%ED%99%98%EC%8A%B9%20%EC%A0%95%EB%B3%B4/%EC%88%98%EB%8F%84%EA%B6%8C%20%EC%A0%84%EC%B2%A0%205%ED%98%B8%EC%84%A0,https://namu.wiki/w/%EC%88%98%EB%8F%84%EA%B6%8C%20%EC%A0%84%EC%B2%A0%20%ED%99%98%EC%8A%B9%20%EC%A0%95%EB%B3%B4/%EC%88%98%EB%8F%84%EA%B6%8C%20%EC%A0%84%EC%B2%A0%205%ED%98%B8%EC%84%A0,,224,224
current_app,왕십리,5호선,행당,경의중앙선,응봉,4-2,,verified_legacy,legacy_app,https://namu.wiki/w/%EC%88%98%EB%8F%84%EA%B6%8C%20%EC%A0%84%EC%B2%A0%20%ED%99%98%EC%8A%B9%20%EC%A0%95%EB%B3%B4/%EC%88%98%EB%8F%84%EA%B6%8C%20%EC%A0%84%EC%B2%A0%205%ED%98%B8%EC%84%A0,https://namu.wiki/w/%EC%88%98%EB%8F%84%EA%B6%8C%20%EC%A0%84%EC%B2%A0%20%ED%99%98%EC%8A%B9%20%EC%A0%95%EB%B3%B4/%EC%88%98%EB%8F%84%EA%B6%8C%20%EC%A0%84%EC%B2%A0%205%ED%98%B8%EC%84%A0,,392,392
current_app,왕십리,5호선,행당,경의중앙선,청량리,2-3,,verified_legacy,legacy_app,https://namu.wiki/w/%EC%88%98%EB%8F%84%EA%B6%8C%20%EC%A0%84%EC%B2%A0%20%ED%99%98%EC%8A%B9%20%EC%A0%95%EB%B3%B4/%EC%88%98%EB%8F%84%EA%B6%8C%20%EC%A0%84%EC%B2%A0%205%ED%98%B8%EC%84%A0,https://namu.wiki/w/%EC%88%98%EB%8F%84%EA%B6%8C%20%EC%A0%84%EC%B2%A0%20%ED%99%98%EC%8A%B9%20%EC%A0%95%EB%B3%B4/%EC%88%98%EB%8F%84%EA%B6%8C%20%EC%A0%84%EC%B2%A0%205%ED%98%B8%EC%84%A0,,392,392
current_app,왕십리,5호선,행당,수인분당선,서울숲,2-3,,verified_legacy,legacy_app,https://namu.wiki/w/%EC%88%98%EB%8F%84%EA%B6%8C%20%EC%A0%84%EC%B2%A0%20%ED%99%98%EC%8A%B9%20%EC%A0%95%EB%B3%B4/%EC%88%98%EB%8F%84%EA%B6%8C%20%EC%A0%84%EC%B2%A0%205%ED%98%B8%EC%84%A0,https://namu.wiki/w/%EC%88%98%EB%8F%84%EA%B6%8C%20%EC%A0%84%EC%B2%A0%20%ED%99%98%EC%8A%B9%20%EC%A0%95%EB%B3%B4/%EC%88%98%EB%8F%84%EA%B6%8C%20%EC%A0%84%EC%B2%A0%205%ED%98%B8%EC%84%A0,,420,420
current_app,왕십리,경의중앙선,응봉,2호선,상왕십리,5-1,,verified_legacy,legacy_app,https://namu.wiki/w/%EC%88%98%EB%8F%84%EA%B6%8C%20%EC%A0%84%EC%B2%A0%20%ED%99%98%EC%8A%B9%20%EC%A0%95%EB%B3%B4/%EC%88%98%EB%8F%84%EA%B6%8C%20%EC%A0%84%EC%B2%A0%20%EA%B2%BD%EC%9D%98%C2%B7%EC%A4%91%EC%95%99%EC%84%A0,https://namu.wiki/w/%EC%88%98%EB%8F%84%EA%B6%8C%20%EC%A0%84%EC%B2%A0%20%ED%99%98%EC%8A%B9%20%EC%A0%95%EB%B3%B4/%EC%88%98%EB%8F%84%EA%B6%8C%20%EC%A0%84%EC%B2%A0%20%EA%B2%BD%EC%9D%98%C2%B7%EC%A4%91%EC%95%99%EC%84%A0,,169,169
current_app,왕십리,경의중앙선,응봉,2호선,한양대,5-1,,verified_legacy,legacy_app,https://namu.wiki/w/%EC%88%98%EB%8F%84%EA%B6%8C%20%EC%A0%84%EC%B2%A0%20%ED%99%98%EC%8A%B9%20%EC%A0%95%EB%B3%B4/%EC%88%98%EB%8F%84%EA%B6%8C%20%EC%A0%84%EC%B2%A0%20%EA%B2%BD%EC%9D%98%C2%B7%EC%A4%91%EC%95%99%EC%84%A0,https://namu.wiki/w/%EC%88%98%EB%8F%84%EA%B6%8C%20%EC%A0%84%EC%B2%A0%20%ED%99%98%EC%8A%B9%20%EC%A0%95%EB%B3%B4/%EC%88%98%EB%8F%84%EA%B6%8C%20%EC%A0%84%EC%B2%A0%20%EA%B2%BD%EC%9D%98%C2%B7%EC%A4%91%EC%95%99%EC%84%A0,,169,169
current_app,왕십리,경의중앙선,응봉,5호선,마장,5-1,,verified_legacy,legacy_app,https://namu.wiki/w/%EC%88%98%EB%8F%84%EA%B6%8C%20%EC%A0%84%EC%B2%A0%20%ED%99%98%EC%8A%B9%20%EC%A0%95%EB%B3%B4/%EC%88%98%EB%8F%84%EA%B6%8C%20%EC%A0%84%EC%B2%A0%20%EA%B2%BD%EC%9D%98%C2%B7%EC%A4%91%EC%95%99%EC%84%A0,https://namu.wiki/w/%EC%88%98%EB%8F%84%EA%B6%8C%20%EC%A0%84%EC%B2%A0%20%ED%99%98%EC%8A%B9%20%EC%A0%95%EB%B3%B4/%EC%88%98%EB%8F%84%EA%B6%8C%20%EC%A0%84%EC%B2%A0%20%EA%B2%BD%EC%9D%98%C2%B7%EC%A4%91%EC%95%99%EC%84%A0,,392,392
current_app,왕십리,경의중앙선,응봉,5호선,행당,5-1,,verified_legacy,legacy_app,https://namu.wiki/w/%EC%88%98%EB%8F%84%EA%B6%8C%20%EC%A0%84%EC%B2%A0%20%ED%99%98%EC%8A%B9%20%EC%A0%95%EB%B3%B4/%EC%88%98%EB%8F%84%EA%B6%8C%20%EC%A0%84%EC%B2%A0%20%EA%B2%BD%EC%9D%98%C2%B7%EC%A4%91%EC%95%99%EC%84%A0,https://namu.wiki/w/%EC%88%98%EB%8F%84%EA%B6%8C%20%EC%A0%84%EC%B2%A0%20%ED%99%98%EC%8A%B9%20%EC%A0%95%EB%B3%B4/%EC%88%98%EB%8F%84%EA%B6%8C%20%EC%A0%84%EC%B2%A0%20%EA%B2%BD%EC%9D%98%C2%B7%EC%A4%91%EC%95%99%EC%84%A0,,392,392
current_app,왕십리,경의중앙선,응봉,수인분당선,서울숲,4-1,,verified_legacy,legacy_app,https://namu.wiki/w/%EC%88%98%EB%8F%84%EA%B6%8C%20%EC%A0%84%EC%B2%A0%20%ED%99%98%EC%8A%B9%20%EC%A0%95%EB%B3%B4/%EC%88%98%EB%8F%84%EA%B6%8C%20%EC%A0%84%EC%B2%A0%20%EA%B2%BD%EC%9D%98%C2%B7%EC%A4%91%EC%95%99%EC%84%A0,https://namu.wiki/w/%EC%88%98%EB%8F%84%EA%B6%8C%20%EC%A0%84%EC%B2%A0%20%ED%99%98%EC%8A%B9%20%EC%A0%95%EB%B3%B4/%EC%88%98%EB%8F%84%EA%B6%8C%20%EC%A0%84%EC%B2%A0%20%EA%B2%BD%EC%9D%98%C2%B7%EC%A4%91%EC%95%99%EC%84%A0,,420,420
current_app,왕십리,경의중앙선,청량리,2호선,상왕십리,4-2,,verified_legacy,legacy_app,https://namu.wiki/w/%EC%88%98%EB%8F%84%EA%B6%8C%20%EC%A0%84%EC%B2%A0%20%ED%99%98%EC%8A%B9%20%EC%A0%95%EB%B3%B4/%EC%88%98%EB%8F%84%EA%B6%8C%20%EC%A0%84%EC%B2%A0%20%EA%B2%BD%EC%9D%98%C2%B7%EC%A4%91%EC%95%99%EC%84%A0,https://namu.wiki/w/%EC%88%98%EB%8F%84%EA%B6%8C%20%EC%A0%84%EC%B2%A0%20%ED%99%98%EC%8A%B9%20%EC%A0%95%EB%B3%B4/%EC%88%98%EB%8F%84%EA%B6%8C%20%EC%A0%84%EC%B2%A0%20%EA%B2%BD%EC%9D%98%C2%B7%EC%A4%91%EC%95%99%EC%84%A0,,169,169
current_app,왕십리,경의중앙선,청량리,2호선,한양대,7-3,,verified_legacy,legacy_app,https://namu.wiki/w/%EC%88%98%EB%8F%84%EA%B6%8C%20%EC%A0%84%EC%B2%A0%20%ED%99%98%EC%8A%B9%20%EC%A0%95%EB%B3%B4/%EC%88%98%EB%8F%84%EA%B6%8C%20%EC%A0%84%EC%B2%A0%20%EA%B2%BD%EC%9D%98%C2%B7%EC%A4%91%EC%95%99%EC%84%A0,https://namu.wiki/w/%EC%88%98%EB%8F%84%EA%B6%8C%20%EC%A0%84%EC%B2%A0%20%ED%99%98%EC%8A%B9%20%EC%A0%95%EB%B3%B4/%EC%88%98%EB%8F%84%EA%B6%8C%20%EC%A0%84%EC%B2%A0%20%EA%B2%BD%EC%9D%98%C2%B7%EC%A4%91%EC%95%99%EC%84%A0,,169,169
current_app,왕십리,경의중앙선,청량리,5호선,마장,4-2,,verified_legacy,legacy_app,https://namu.wiki/w/%EC%88%98%EB%8F%84%EA%B6%8C%20%EC%A0%84%EC%B2%A0%20%ED%99%98%EC%8A%B9%20%EC%A0%95%EB%B3%B4/%EC%88%98%EB%8F%84%EA%B6%8C%20%EC%A0%84%EC%B2%A0%20%EA%B2%BD%EC%9D%98%C2%B7%EC%A4%91%EC%95%99%EC%84%A0,https://namu.wiki/w/%EC%88%98%EB%8F%84%EA%B6%8C%20%EC%A0%84%EC%B2%A0%20%ED%99%98%EC%8A%B9%20%EC%A0%95%EB%B3%B4/%EC%88%98%EB%8F%84%EA%B6%8C%20%EC%A0%84%EC%B2%A0%20%EA%B2%BD%EC%9D%98%C2%B7%EC%A4%91%EC%95%99%EC%84%A0,,392,392
current_app,왕십리,경의중앙선,청량리,5호선,행당,4-2,,verified_legacy,legacy_app,https://namu.wiki/w/%EC%88%98%EB%8F%84%EA%B6%8C%20%EC%A0%84%EC%B2%A0%20%ED%99%98%EC%8A%B9%20%EC%A0%95%EB%B3%B4/%EC%88%98%EB%8F%84%EA%B6%8C%20%EC%A0%84%EC%B2%A0%20%EA%B2%BD%EC%9D%98%C2%B7%EC%A4%91%EC%95%99%EC%84%A0,https://namu.wiki/w/%EC%88%98%EB%8F%84%EA%B6%8C%20%EC%A0%84%EC%B2%A0%20%ED%99%98%EC%8A%B9%20%EC%A0%95%EB%B3%B4/%EC%88%98%EB%8F%84%EA%B6%8C%20%EC%A0%84%EC%B2%A0%20%EA%B2%BD%EC%9D%98%C2%B7%EC%A4%91%EC%95%99%EC%84%A0,,392,392
current_app,왕십리,경의중앙선,청량리,수인분당선,서울숲,5-4,,verified_legacy,legacy_app,https://namu.wiki/w/%EC%88%98%EB%8F%84%EA%B6%8C%20%EC%A0%84%EC%B2%A0%20%ED%99%98%EC%8A%B9%20%EC%A0%95%EB%B3%B4/%EC%88%98%EB%8F%84%EA%B6%8C%20%EC%A0%84%EC%B2%A0%20%EA%B2%BD%EC%9D%98%C2%B7%EC%A4%91%EC%95%99%EC%84%A0,https://namu.wiki/w/%EC%88%98%EB%8F%84%EA%B6%8C%20%EC%A0%84%EC%B2%A0%20%ED%99%98%EC%8A%B9%20%EC%A0%95%EB%B3%B4/%EC%88%98%EB%8F%84%EA%B6%8C%20%EC%A0%84%EC%B2%A0%20%EA%B2%BD%EC%9D%98%C2%B7%EC%A4%91%EC%95%99%EC%84%A0,,420,420
current_app,왕십리,수인분당선,마장,5호선,마장,2-4,,verified_legacy,legacy_app,https://namu.wiki/w/%EC%88%98%EB%8F%84%EA%B6%8C%20%EC%A0%84%EC%B2%A0%20%ED%99%98%EC%8A%B9%20%EC%A0%95%EB%B3%B4/%EC%88%98%EB%8F%84%EA%B6%8C%20%EC%A0%84%EC%B2%A0%20%EC%88%98%EC%9D%B8%C2%B7%EB%B6%84%EB%8B%B9%EC%84%A0,https://namu.wiki/w/%EC%88%98%EB%8F%84%EA%B6%8C%20%EC%A0%84%EC%B2%A0%20%ED%99%98%EC%8A%B9%20%EC%A0%95%EB%B3%B4/%EC%88%98%EB%8F%84%EA%B6%8C%20%EC%A0%84%EC%B2%A0%20%EC%88%98%EC%9D%B8%C2%B7%EB%B6%84%EB%8B%B9%EC%84%A0,,492,492
current_app,왕십리,수인분당선,상왕십리,2호선,상왕십리,2-4,,verified_legacy,legacy_app,https://namu.wiki/w/%EC%88%98%EB%8F%84%EA%B6%8C%20%EC%A0%84%EC%B2%A0%20%ED%99%98%EC%8A%B9%20%EC%A0%95%EB%B3%B4/%EC%88%98%EB%8F%84%EA%B6%8C%20%EC%A0%84%EC%B2%A0%20%EC%88%98%EC%9D%B8%C2%B7%EB%B6%84%EB%8B%B9%EC%84%A0,https://namu.wiki/w/%EC%88%98%EB%8F%84%EA%B6%8C%20%EC%A0%84%EC%B2%A0%20%ED%99%98%EC%8A%B9%20%EC%A0%95%EB%B3%B4/%EC%88%98%EB%8F%84%EA%B6%8C%20%EC%A0%84%EC%B2%A0%20%EC%88%98%EC%9D%B8%C2%B7%EB%B6%84%EB%8B%B9%EC%84%A0,,516,516
current_app,왕십리,수인분당선,응봉,경의중앙선,응봉,3-4,,verified_legacy,legacy_app,https://namu.wiki/w/%EC%88%98%EB%8F%84%EA%B6%8C%20%EC%A0%84%EC%B2%A0%20%ED%99%98%EC%8A%B9%20%EC%A0%95%EB%B3%B4/%EC%88%98%EB%8F%84%EA%B6%8C%20%EC%A0%84%EC%B2%A0%20%EC%88%98%EC%9D%B8%C2%B7%EB%B6%84%EB%8B%B9%EC%84%A0,https://namu.wiki/w/%EC%88%98%EB%8F%84%EA%B6%8C%20%EC%A0%84%EC%B2%A0%20%ED%99%98%EC%8A%B9%20%EC%A0%95%EB%B3%B4/%EC%88%98%EB%8F%84%EA%B6%8C%20%EC%A0%84%EC%B2%A0%20%EC%88%98%EC%9D%B8%C2%B7%EB%B6%84%EB%8B%B9%EC%84%A0,,1292,1292
current_app,왕십리,수인분당선,청량리,경의중앙선,청량리,3-4,,verified_legacy,legacy_app,https://namu.wiki/w/%EC%88%98%EB%8F%84%EA%B6%8C%20%EC%A0%84%EC%B2%A0%20%ED%99%98%EC%8A%B9%20%EC%A0%95%EB%B3%B4/%EC%88%98%EB%8F%84%EA%B6%8C%20%EC%A0%84%EC%B2%A0%20%EC%88%98%EC%9D%B8%C2%B7%EB%B6%84%EB%8B%B9%EC%84%A0,https://namu.wiki/w/%EC%88%98%EB%8F%84%EA%B6%8C%20%EC%A0%84%EC%B2%A0%20%ED%99%98%EC%8A%B9%20%EC%A0%95%EB%B3%B4/%EC%88%98%EB%8F%84%EA%B6%8C%20%EC%A0%84%EC%B2%A0%20%EC%88%98%EC%9D%B8%C2%B7%EB%B6%84%EB%8B%B9%EC%84%A0,,1292,1292
current_app,왕십리,수인분당선,한양대,2호선,한양대,2-4,,verified_legacy,legacy_app,https://namu.wiki/w/%EC%88%98%EB%8F%84%EA%B6%8C%20%EC%A0%84%EC%B2%A0%20%ED%99%98%EC%8A%B9%20%EC%A0%95%EB%B3%B4/%EC%88%98%EB%8F%84%EA%B6%8C%20%EC%A0%84%EC%B2%A0%20%EC%88%98%EC%9D%B8%C2%B7%EB%B6%84%EB%8B%B9%EC%84%A0,https://namu.wiki/w/%EC%88%98%EB%8F%84%EA%B6%8C%20%EC%A0%84%EC%B2%A0%20%ED%99%98%EC%8A%B9%20%EC%A0%95%EB%B3%B4/%EC%88%98%EB%8F%84%EA%B6%8C%20%EC%A0%84%EC%B2%A0%20%EC%88%98%EC%9D%B8%C2%B7%EB%B6%84%EB%8B%B9%EC%84%A0,,516,516
current_app,왕십리,수인분당선,행당,5호선,행당,2-4,,verified_legacy,legacy_app,https://namu.wiki/w/%EC%88%98%EB%8F%84%EA%B6%8C%20%EC%A0%84%EC%B2%A0%20%ED%99%98%EC%8A%B9%20%EC%A0%95%EB%B3%B4/%EC%88%98%EB%8F%84%EA%B6%8C%20%EC%A0%84%EC%B2%A0%20%EC%88%98%EC%9D%B8%C2%B7%EB%B6%84%EB%8B%B9%EC%84%A0,https://namu.wiki/w/%EC%88%98%EB%8F%84%EA%B6%8C%20%EC%A0%84%EC%B2%A0%20%ED%99%98%EC%8A%B9%20%EC%A0%95%EB%B3%B4/%EC%88%98%EB%8F%84%EA%B6%8C%20%EC%A0%84%EC%B2%A0%20%EC%88%98%EC%9D%B8%C2%B7%EB%B6%84%EB%8B%B9%EC%84%A0,,492,492
current_app,용산,1호선,남영,경의중앙선,공덕,6-2,,verified_legacy,legacy_app,https://namu.wiki/w/%EC%88%98%EB%8F%84%EA%B6%8C%20%EC%A0%84%EC%B2%A0%20%ED%99%98%EC%8A%B9%20%EC%A0%95%EB%B3%B4/%EC%88%98%EB%8F%84%EA%B6%8C%20%EC%A0%84%EC%B2%A0%201%ED%98%B8%EC%84%A0,https://namu.wiki/w/%EC%88%98%EB%8F%84%EA%B6%8C%20%EC%A0%84%EC%B2%A0%20%ED%99%98%EC%8A%B9%20%EC%A0%95%EB%B3%B4/%EC%88%98%EB%8F%84%EA%B6%8C%20%EC%A0%84%EC%B2%A0%201%ED%98%B8%EC%84%A0,,68,68
current_app,용산,1호선,남영,경의중앙선,이촌,6-2,,verified_legacy,legacy_app,https://namu.wiki/w/%EC%88%98%EB%8F%84%EA%B6%8C%20%EC%A0%84%EC%B2%A0%20%ED%99%98%EC%8A%B9%20%EC%A0%95%EB%B3%B4/%EC%88%98%EB%8F%84%EA%B6%8C%20%EC%A0%84%EC%B2%A0%201%ED%98%B8%EC%84%A0,https://namu.wiki/w/%EC%88%98%EB%8F%84%EA%B6%8C%20%EC%A0%84%EC%B2%A0%20%ED%99%98%EC%8A%B9%20%EC%A0%95%EB%B3%B4/%EC%88%98%EB%8F%84%EA%B6%8C%20%EC%A0%84%EC%B2%A0%201%ED%98%B8%EC%84%A0,,68,68
current_app,용산,1호선,노량진,경의중앙선,공덕,4-4,,verified_legacy,legacy_app,https://namu.wiki/w/%EC%88%98%EB%8F%84%EA%B6%8C%20%EC%A0%84%EC%B2%A0%20%ED%99%98%EC%8A%B9%20%EC%A0%95%EB%B3%B4/%EC%88%98%EB%8F%84%EA%B6%8C%20%EC%A0%84%EC%B2%A0%201%ED%98%B8%EC%84%A0,https://namu.wiki/w/%EC%88%98%EB%8F%84%EA%B6%8C%20%EC%A0%84%EC%B2%A0%20%ED%99%98%EC%8A%B9%20%EC%A0%95%EB%B3%B4/%EC%88%98%EB%8F%84%EA%B6%8C%20%EC%A0%84%EC%B2%A0%201%ED%98%B8%EC%84%A0,,68,68
current_app,용산,1호선,노량진,경의중앙선,이촌,4-4,,verified_legacy,legacy_app,https://namu.wiki/w/%EC%88%98%EB%8F%84%EA%B6%8C%20%EC%A0%84%EC%B2%A0%20%ED%99%98%EC%8A%B9%20%EC%A0%95%EB%B3%B4/%EC%88%98%EB%8F%84%EA%B6%8C%20%EC%A0%84%EC%B2%A0%201%ED%98%B8%EC%84%A0,https://namu.wiki/w/%EC%88%98%EB%8F%84%EA%B6%8C%20%EC%A0%84%EC%B2%A0%20%ED%99%98%EC%8A%B9%20%EC%A0%95%EB%B3%B4/%EC%88%98%EB%8F%84%EA%B6%8C%20%EC%A0%84%EC%B2%A0%201%ED%98%B8%EC%84%A0,,68,68
current_app,용산,경의중앙선,공덕,1호선,남영,4-4,,verified_legacy,legacy_app,https://namu.wiki/w/%EC%88%98%EB%8F%84%EA%B6%8C%20%EC%A0%84%EC%B2%A0%20%ED%99%98%EC%8A%B9%20%EC%A0%95%EB%B3%B4/%EC%88%98%EB%8F%84%EA%B6%8C%20%EC%A0%84%EC%B2%A0%20%EA%B2%BD%EC%9D%98%C2%B7%EC%A4%91%EC%95%99%EC%84%A0,https://namu.wiki/w/%EC%88%98%EB%8F%84%EA%B6%8C%20%EC%A0%84%EC%B2%A0%20%ED%99%98%EC%8A%B9%20%EC%A0%95%EB%B3%B4/%EC%88%98%EB%8F%84%EA%B6%8C%20%EC%A0%84%EC%B2%A0%20%EA%B2%BD%EC%9D%98%C2%B7%EC%A4%91%EC%95%99%EC%84%A0,,68,68
current_app,용산,경의중앙선,공덕,1호선,노량진,4-4,,verified_legacy,legacy_app,https://namu.wiki/w/%EC%88%98%EB%8F%84%EA%B6%8C%20%EC%A0%84%EC%B2%A0%20%ED%99%98%EC%8A%B9%20%EC%A0%95%EB%B3%B4/%EC%88%98%EB%8F%84%EA%B6%8C%20%EC%A0%84%EC%B2%A0%20%EA%B2%BD%EC%9D%98%C2%B7%EC%A4%91%EC%95%99%EC%84%A0,https://namu.wiki/w/%EC%88%98%EB%8F%84%EA%B6%8C%20%EC%A0%84%EC%B2%A0%20%ED%99%98%EC%8A%B9%20%EC%A0%95%EB%B3%B4/%EC%88%98%EB%8F%84%EA%B6%8C%20%EC%A0%84%EC%B2%A0%20%EA%B2%BD%EC%9D%98%C2%B7%EC%A4%91%EC%95%99%EC%84%A0,,68,68
current_app,용산,경의중앙선,이촌,1호선,남영,4-4,,verified_legacy,legacy_app,https://namu.wiki/w/%EC%88%98%EB%8F%84%EA%B6%8C%20%EC%A0%84%EC%B2%A0%20%ED%99%98%EC%8A%B9%20%EC%A0%95%EB%B3%B4/%EC%88%98%EB%8F%84%EA%B6%8C%20%EC%A0%84%EC%B2%A0%20%EA%B2%BD%EC%9D%98%C2%B7%EC%A4%91%EC%95%99%EC%84%A0,https://namu.wiki/w/%EC%88%98%EB%8F%84%EA%B6%8C%20%EC%A0%84%EC%B2%A0%20%ED%99%98%EC%8A%B9%20%EC%A0%95%EB%B3%B4/%EC%88%98%EB%8F%84%EA%B6%8C%20%EC%A0%84%EC%B2%A0%20%EA%B2%BD%EC%9D%98%C2%B7%EC%A4%91%EC%95%99%EC%84%A0,,68,68
current_app,용산,경의중앙선,이촌,1호선,노량진,4-4,,verified_legacy,legacy_app,https://namu.wiki/w/%EC%88%98%EB%8F%84%EA%B6%8C%20%EC%A0%84%EC%B2%A0%20%ED%99%98%EC%8A%B9%20%EC%A0%95%EB%B3%B4/%EC%88%98%EB%8F%84%EA%B6%8C%20%EC%A0%84%EC%B2%A0%20%EA%B2%BD%EC%9D%98%C2%B7%EC%A4%91%EC%95%99%EC%84%A0,https://namu.wiki/w/%EC%88%98%EB%8F%84%EA%B6%8C%20%EC%A0%84%EC%B2%A0%20%ED%99%98%EC%8A%B9%20%EC%A0%95%EB%B3%B4/%EC%88%98%EB%8F%84%EA%B6%8C%20%EC%A0%84%EC%B2%A0%20%EA%B2%BD%EC%9D%98%C2%B7%EC%A4%91%EC%95%99%EC%84%A0,,68,68
current_app,을지로3가,2호선,을지로4가,3호선,종로3가,1-1,,verified_legacy,legacy_app,https://namu.wiki/w/%EC%88%98%EB%8F%84%EA%B6%8C%20%EC%A0%84%EC%B2%A0%20%ED%99%98%EC%8A%B9%20%EC%A0%95%EB%B3%B4/%EC%84%9C%EC%9A%B8%20%EC%A7%80%ED%95%98%EC%B2%A0%202%ED%98%B8%EC%84%A0,https://namu.wiki/w/%EC%88%98%EB%8F%84%EA%B6%8C%20%EC%A0%84%EC%B2%A0%20%ED%99%98%EC%8A%B9%20%EC%A0%95%EB%B3%B4/%EC%84%9C%EC%9A%B8%20%EC%A7%80%ED%95%98%EC%B2%A0%202%ED%98%B8%EC%84%A0,,220,220
current_app,을지로3가,2호선,을지로4가,3호선,충무로,1-1,,verified_legacy,legacy_app,https://namu.wiki/w/%EC%88%98%EB%8F%84%EA%B6%8C%20%EC%A0%84%EC%B2%A0%20%ED%99%98%EC%8A%B9%20%EC%A0%95%EB%B3%B4/%EC%84%9C%EC%9A%B8%20%EC%A7%80%ED%95%98%EC%B2%A0%202%ED%98%B8%EC%84%A0,https://namu.wiki/w/%EC%88%98%EB%8F%84%EA%B6%8C%20%EC%A0%84%EC%B2%A0%20%ED%99%98%EC%8A%B9%20%EC%A0%95%EB%B3%B4/%EC%84%9C%EC%9A%B8%20%EC%A7%80%ED%95%98%EC%B2%A0%202%ED%98%B8%EC%84%A0,,220,220
current_app,을지로3가,2호선,을지로입구,3호선,종로3가,10-4,,verified_legacy,legacy_app,https://namu.wiki/w/%EC%88%98%EB%8F%84%EA%B6%8C%20%EC%A0%84%EC%B2%A0%20%ED%99%98%EC%8A%B9%20%EC%A0%95%EB%B3%B4/%EC%84%9C%EC%9A%B8%20%EC%A7%80%ED%95%98%EC%B2%A0%202%ED%98%B8%EC%84%A0,https://namu.wiki/w/%EC%88%98%EB%8F%84%EA%B6%8C%20%EC%A0%84%EC%B2%A0%20%ED%99%98%EC%8A%B9%20%EC%A0%95%EB%B3%B4/%EC%84%9C%EC%9A%B8%20%EC%A7%80%ED%95%98%EC%B2%A0%202%ED%98%B8%EC%84%A0,,220,220
current_app,을지로3가,2호선,을지로입구,3호선,충무로,10-4,,verified_legacy,legacy_app,https://namu.wiki/w/%EC%88%98%EB%8F%84%EA%B6%8C%20%EC%A0%84%EC%B2%A0%20%ED%99%98%EC%8A%B9%20%EC%A0%95%EB%B3%B4/%EC%84%9C%EC%9A%B8%20%EC%A7%80%ED%95%98%EC%B2%A0%202%ED%98%B8%EC%84%A0,https://namu.wiki/w/%EC%88%98%EB%8F%84%EA%B6%8C%20%EC%A0%84%EC%B2%A0%20%ED%99%98%EC%8A%B9%20%EC%A0%95%EB%B3%B4/%EC%84%9C%EC%9A%B8%20%EC%A7%80%ED%95%98%EC%B2%A0%202%ED%98%B8%EC%84%A0,,220,220
current_app,을지로3가,3호선,종로3가,2호선,을지로4가,7-1,,verified_legacy,legacy_app,https://namu.wiki/w/%EC%88%98%EB%8F%84%EA%B6%8C%20%EC%A0%84%EC%B2%A0%20%ED%99%98%EC%8A%B9%20%EC%A0%95%EB%B3%B4/%EC%88%98%EB%8F%84%EA%B6%8C%20%EC%A0%84%EC%B2%A0%203%ED%98%B8%EC%84%A0,https://namu.wiki/w/%EC%88%98%EB%8F%84%EA%B6%8C%20%EC%A0%84%EC%B2%A0%20%ED%99%98%EC%8A%B9%20%EC%A0%95%EB%B3%B4/%EC%88%98%EB%8F%84%EA%B6%8C%20%EC%A0%84%EC%B2%A0%203%ED%98%B8%EC%84%A0,,220,220
current_app,을지로3가,3호선,종로3가,2호선,을지로입구,4-2,,verified_legacy,legacy_app,https://namu.wiki/w/%EC%88%98%EB%8F%84%EA%B6%8C%20%EC%A0%84%EC%B2%A0%20%ED%99%98%EC%8A%B9%20%EC%A0%95%EB%B3%B4/%EC%88%98%EB%8F%84%EA%B6%8C%20%EC%A0%84%EC%B2%A0%203%ED%98%B8%EC%84%A0,https://namu.wiki/w/%EC%88%98%EB%8F%84%EA%B6%8C%20%EC%A0%84%EC%B2%A0%20%ED%99%98%EC%8A%B9%20%EC%A0%95%EB%B3%B4/%EC%88%98%EB%8F%84%EA%B6%8C%20%EC%A0%84%EC%B2%A0%203%ED%98%B8%EC%84%A0,,220,220
current_app,을지로3가,3호선,충무로,2호선,을지로4가,4-3,,verified_legacy,legacy_app,https://namu.wiki/w/%EC%88%98%EB%8F%84%EA%B6%8C%20%EC%A0%84%EC%B2%A0%20%ED%99%98%EC%8A%B9%20%EC%A0%95%EB%B3%B4/%EC%88%98%EB%8F%84%EA%B6%8C%20%EC%A0%84%EC%B2%A0%203%ED%98%B8%EC%84%A0,https://namu.wiki/w/%EC%88%98%EB%8F%84%EA%B6%8C%20%EC%A0%84%EC%B2%A0%20%ED%99%98%EC%8A%B9%20%EC%A0%95%EB%B3%B4/%EC%88%98%EB%8F%84%EA%B6%8C%20%EC%A0%84%EC%B2%A0%203%ED%98%B8%EC%84%A0,,220,220
current_app,을지로3가,3호선,충무로,2호선,을지로입구,7-2,,verified_legacy,legacy_app,https://namu.wiki/w/%EC%88%98%EB%8F%84%EA%B6%8C%20%EC%A0%84%EC%B2%A0%20%ED%99%98%EC%8A%B9%20%EC%A0%95%EB%B3%B4/%EC%88%98%EB%8F%84%EA%B6%8C%20%EC%A0%84%EC%B2%A0%203%ED%98%B8%EC%84%A0,https://namu.wiki/w/%EC%88%98%EB%8F%84%EA%B6%8C%20%EC%A0%84%EC%B2%A0%20%ED%99%98%EC%8A%B9%20%EC%A0%95%EB%B3%B4/%EC%88%98%EB%8F%84%EA%B6%8C%20%EC%A0%84%EC%B2%A0%203%ED%98%B8%EC%84%A0,,220,220
current_app,을지로4가,2호선,동대문역사문화공원,5호선,동대문역사문화공원,4-3,,verified_legacy,legacy_app,https://namu.wiki/w/%EC%88%98%EB%8F%84%EA%B6%8C%20%EC%A0%84%EC%B2%A0%20%ED%99%98%EC%8A%B9%20%EC%A0%95%EB%B3%B4/%EC%84%9C%EC%9A%B8%20%EC%A7%80%ED%95%98%EC%B2%A0%202%ED%98%B8%EC%84%A0,https://namu.wiki/w/%EC%88%98%EB%8F%84%EA%B6%8C%20%EC%A0%84%EC%B2%A0%20%ED%99%98%EC%8A%B9%20%EC%A0%95%EB%B3%B4/%EC%84%9C%EC%9A%B8%20%EC%A7%80%ED%95%98%EC%B2%A0%202%ED%98%B8%EC%84%A0,,179,179
current_app,을지로4가,2호선,동대문역사문화공원,5호선,종로3가,4-3,,verified_legacy,legacy_app,https://namu.wiki/w/%EC%88%98%EB%8F%84%EA%B6%8C%20%EC%A0%84%EC%B2%A0%20%ED%99%98%EC%8A%B9%20%EC%A0%95%EB%B3%B4/%EC%84%9C%EC%9A%B8%20%EC%A7%80%ED%95%98%EC%B2%A0%202%ED%98%B8%EC%84%A0,https://namu.wiki/w/%EC%88%98%EB%8F%84%EA%B6%8C%20%EC%A0%84%EC%B2%A0%20%ED%99%98%EC%8A%B9%20%EC%A0%95%EB%B3%B4/%EC%84%9C%EC%9A%B8%20%EC%A7%80%ED%95%98%EC%B2%A0%202%ED%98%B8%EC%84%A0,,179,179
current_app,을지로4가,2호선,을지로3가,5호선,동대문역사문화공원,7-2,,verified_legacy,legacy_app,https://namu.wiki/w/%EC%88%98%EB%8F%84%EA%B6%8C%20%EC%A0%84%EC%B2%A0%20%ED%99%98%EC%8A%B9%20%EC%A0%95%EB%B3%B4/%EC%84%9C%EC%9A%B8%20%EC%A7%80%ED%95%98%EC%B2%A0%202%ED%98%B8%EC%84%A0,https://namu.wiki/w/%EC%88%98%EB%8F%84%EA%B6%8C%20%EC%A0%84%EC%B2%A0%20%ED%99%98%EC%8A%B9%20%EC%A0%95%EB%B3%B4/%EC%84%9C%EC%9A%B8%20%EC%A7%80%ED%95%98%EC%B2%A0%202%ED%98%B8%EC%84%A0,,179,179
current_app,을지로4가,2호선,을지로3가,5호선,종로3가,7-2,,verified_legacy,legacy_app,https://namu.wiki/w/%EC%88%98%EB%8F%84%EA%B6%8C%20%EC%A0%84%EC%B2%A0%20%ED%99%98%EC%8A%B9%20%EC%A0%95%EB%B3%B4/%EC%84%9C%EC%9A%B8%20%EC%A7%80%ED%95%98%EC%B2%A0%202%ED%98%B8%EC%84%A0,https://namu.wiki/w/%EC%88%98%EB%8F%84%EA%B6%8C%20%EC%A0%84%EC%B2%A0%20%ED%99%98%EC%8A%B9%20%EC%A0%95%EB%B3%B4/%EC%84%9C%EC%9A%B8%20%EC%A7%80%ED%95%98%EC%B2%A0%202%ED%98%B8%EC%84%A0,,179,179
current_app,을지로4가,5호선,동대문역사문화공원,2호선,동대문역사문화공원,1-1,,verified_legacy,legacy_app,https://namu.wiki/w/%EC%88%98%EB%8F%84%EA%B6%8C%20%EC%A0%84%EC%B2%A0%20%ED%99%98%EC%8A%B9%20%EC%A0%95%EB%B3%B4/%EC%88%98%EB%8F%84%EA%B6%8C%20%EC%A0%84%EC%B2%A0%205%ED%98%B8%EC%84%A0,https://namu.wiki/w/%EC%88%98%EB%8F%84%EA%B6%8C%20%EC%A0%84%EC%B2%A0%20%ED%99%98%EC%8A%B9%20%EC%A0%95%EB%B3%B4/%EC%88%98%EB%8F%84%EA%B6%8C%20%EC%A0%84%EC%B2%A0%205%ED%98%B8%EC%84%A0,,179,179
current_app,을지로4가,5호선,동대문역사문화공원,2호선,을지로3가,2-1,,verified_legacy,legacy_app,https://namu.wiki/w/%EC%88%98%EB%8F%84%EA%B6%8C%20%EC%A0%84%EC%B2%A0%20%ED%99%98%EC%8A%B9%20%EC%A0%95%EB%B3%B4/%EC%88%98%EB%8F%84%EA%B6%8C%20%EC%A0%84%EC%B2%A0%205%ED%98%B8%EC%84%A0,https://namu.wiki/w/%EC%88%98%EB%8F%84%EA%B6%8C%20%EC%A0%84%EC%B2%A0%20%ED%99%98%EC%8A%B9%20%EC%A0%95%EB%B3%B4/%EC%88%98%EB%8F%84%EA%B6%8C%20%EC%A0%84%EC%B2%A0%205%ED%98%B8%EC%84%A0,,179,179
current_app,을지로4가,5호선,종로3가,2호선,동대문역사문화공원,8-4,,verified_legacy,legacy_app,https://namu.wiki/w/%EC%88%98%EB%8F%84%EA%B6%8C%20%EC%A0%84%EC%B2%A0%20%ED%99%98%EC%8A%B9%20%EC%A0%95%EB%B3%B4/%EC%88%98%EB%8F%84%EA%B6%8C%20%EC%A0%84%EC%B2%A0%205%ED%98%B8%EC%84%A0,https://namu.wiki/w/%EC%88%98%EB%8F%84%EA%B6%8C%20%EC%A0%84%EC%B2%A0%20%ED%99%98%EC%8A%B9%20%EC%A0%95%EB%B3%B4/%EC%88%98%EB%8F%84%EA%B6%8C%20%EC%A0%84%EC%B2%A0%205%ED%98%B8%EC%84%A0,,179,179
current_app,을지로4가,5호선,종로3가,2호선,을지로3가,7-4,,verified_legacy,legacy_app,https://namu.wiki/w/%EC%88%98%EB%8F%84%EA%B6%8C%20%EC%A0%84%EC%B2%A0%20%ED%99%98%EC%8A%B9%20%EC%A0%95%EB%B3%B4/%EC%88%98%EB%8F%84%EA%B6%8C%20%EC%A0%84%EC%B2%A0%205%ED%98%B8%EC%84%A0,https://namu.wiki/w/%EC%88%98%EB%8F%84%EA%B6%8C%20%EC%A0%84%EC%B2%A0%20%ED%99%98%EC%8A%B9%20%EC%A0%95%EB%B3%B4/%EC%88%98%EB%8F%84%EA%B6%8C%20%EC%A0%84%EC%B2%A0%205%ED%98%B8%EC%84%A0,,179,179
current_app,이매,경강선,삼동,수인분당선,서현,1-1,,verified_legacy,legacy_app,https://namu.wiki/w/%EC%88%98%EB%8F%84%EA%B6%8C%20%EC%A0%84%EC%B2%A0%20%ED%99%98%EC%8A%B9%20%EC%A0%95%EB%B3%B4,https://namu.wiki/w/%EC%88%98%EB%8F%84%EA%B6%8C%20%EC%A0%84%EC%B2%A0%20%ED%99%98%EC%8A%B9%20%EC%A0%95%EB%B3%B4,,240,
current_app,이매,경강선,삼동,수인분당선,야탑,3-2,,verified_legacy,legacy_app,https://namu.wiki/w/%EC%88%98%EB%8F%84%EA%B6%8C%20%EC%A0%84%EC%B2%A0%20%ED%99%98%EC%8A%B9%20%EC%A0%95%EB%B3%B4,https://namu.wiki/w/%EC%88%98%EB%8F%84%EA%B6%8C%20%EC%A0%84%EC%B2%A0%20%ED%99%98%EC%8A%B9%20%EC%A0%95%EB%B3%B4,,240,
current_app,이매,경강선,성남,수인분당선,서현,4-4,,verified_legacy,legacy_app,https://namu.wiki/w/%EC%88%98%EB%8F%84%EA%B6%8C%20%EC%A0%84%EC%B2%A0%20%ED%99%98%EC%8A%B9%20%EC%A0%95%EB%B3%B4,https://namu.wiki/w/%EC%88%98%EB%8F%84%EA%B6%8C%20%EC%A0%84%EC%B2%A0%20%ED%99%98%EC%8A%B9%20%EC%A0%95%EB%B3%B4,,240,
current_app,이매,경강선,성남,수인분당선,야탑,2-3,,verified_legacy,legacy_app,https://namu.wiki/w/%EC%88%98%EB%8F%84%EA%B6%8C%20%EC%A0%84%EC%B2%A0%20%ED%99%98%EC%8A%B9%20%EC%A0%95%EB%B3%B4,https://namu.wiki/w/%EC%88%98%EB%8F%84%EA%B6%8C%20%EC%A0%84%EC%B2%A0%20%ED%99%98%EC%8A%B9%20%EC%A0%95%EB%B3%B4,,240,
current_app,이매,수인분당선,서현,경강선,,맨 뒷 칸,,verified_legacy,legacy_app,https://namu.wiki/w/%EC%88%98%EB%8F%84%EA%B6%8C%20%EC%A0%84%EC%B2%A0%20%ED%99%98%EC%8A%B9%20%EC%A0%95%EB%B3%B4/%EC%88%98%EB%8F%84%EA%B6%8C%20%EC%A0%84%EC%B2%A0%20%EC%88%98%EC%9D%B8%C2%B7%EB%B6%84%EB%8B%B9%EC%84%A0,https://namu.wiki/w/%EC%88%98%EB%8F%84%EA%B6%8C%20%EC%A0%84%EC%B2%A0%20%ED%99%98%EC%8A%B9%20%EC%A0%95%EB%B3%B4/%EC%88%98%EB%8F%84%EA%B6%8C%20%EC%A0%84%EC%B2%A0%20%EC%88%98%EC%9D%B8%C2%B7%EB%B6%84%EB%8B%B9%EC%84%A0,,60,60
current_app,이매,수인분당선,야탑,경강선,,맨 앞 칸,,verified_legacy,legacy_app,https://namu.wiki/w/%EC%88%98%EB%8F%84%EA%B6%8C%20%EC%A0%84%EC%B2%A0%20%ED%99%98%EC%8A%B9%20%EC%A0%95%EB%B3%B4/%EC%88%98%EB%8F%84%EA%B6%8C%20%EC%A0%84%EC%B2%A0%20%EC%88%98%EC%9D%B8%C2%B7%EB%B6%84%EB%8B%B9%EC%84%A0,https://namu.wiki/w/%EC%88%98%EB%8F%84%EA%B6%8C%20%EC%A0%84%EC%B2%A0%20%ED%99%98%EC%8A%B9%20%EC%A0%95%EB%B3%B4/%EC%88%98%EB%8F%84%EA%B6%8C%20%EC%A0%84%EC%B2%A0%20%EC%88%98%EC%9D%B8%C2%B7%EB%B6%84%EB%8B%B9%EC%84%A0,,60,60
current_app,이수,7호선,남성,4호선,동작,8-4,,verified_legacy,legacy_app,https://namu.wiki/w/%EC%88%98%EB%8F%84%EA%B6%8C%20%EC%A0%84%EC%B2%A0%20%ED%99%98%EC%8A%B9%20%EC%A0%95%EB%B3%B4/%EC%84%9C%EC%9A%B8%20%EC%A7%80%ED%95%98%EC%B2%A0%207%ED%98%B8%EC%84%A0,https://namu.wiki/w/%EC%88%98%EB%8F%84%EA%B6%8C%20%EC%A0%84%EC%B2%A0%20%ED%99%98%EC%8A%B9%20%EC%A0%95%EB%B3%B4/%EC%84%9C%EC%9A%B8%20%EC%A7%80%ED%95%98%EC%B2%A0%207%ED%98%B8%EC%84%A0,,171,171
current_app,이수,7호선,남성,4호선,사당,8-4,,verified_legacy,legacy_app,https://namu.wiki/w/%EC%88%98%EB%8F%84%EA%B6%8C%20%EC%A0%84%EC%B2%A0%20%ED%99%98%EC%8A%B9%20%EC%A0%95%EB%B3%B4/%EC%84%9C%EC%9A%B8%20%EC%A7%80%ED%95%98%EC%B2%A0%207%ED%98%B8%EC%84%A0,https://namu.wiki/w/%EC%88%98%EB%8F%84%EA%B6%8C%20%EC%A0%84%EC%B2%A0%20%ED%99%98%EC%8A%B9%20%EC%A0%95%EB%B3%B4/%EC%84%9C%EC%9A%B8%20%EC%A7%80%ED%95%98%EC%B2%A0%207%ED%98%B8%EC%84%A0,,171,171
current_app,이수,7호선,내방,4호선,동작,2-2,,verified_legacy,legacy_app,https://namu.wiki/w/%EC%88%98%EB%8F%84%EA%B6%8C%20%EC%A0%84%EC%B2%A0%20%ED%99%98%EC%8A%B9%20%EC%A0%95%EB%B3%B4/%EC%84%9C%EC%9A%B8%20%EC%A7%80%ED%95%98%EC%B2%A0%207%ED%98%B8%EC%84%A0,https://namu.wiki/w/%EC%88%98%EB%8F%84%EA%B6%8C%20%EC%A0%84%EC%B2%A0%20%ED%99%98%EC%8A%B9%20%EC%A0%95%EB%B3%B4/%EC%84%9C%EC%9A%B8%20%EC%A7%80%ED%95%98%EC%B2%A0%207%ED%98%B8%EC%84%A0,,171,171
current_app,이수,7호선,내방,4호선,사당,2-2,,verified_legacy,legacy_app,https://namu.wiki/w/%EC%88%98%EB%8F%84%EA%B6%8C%20%EC%A0%84%EC%B2%A0%20%ED%99%98%EC%8A%B9%20%EC%A0%95%EB%B3%B4/%EC%84%9C%EC%9A%B8%20%EC%A7%80%ED%95%98%EC%B2%A0%207%ED%98%B8%EC%84%A0,https://namu.wiki/w/%EC%88%98%EB%8F%84%EA%B6%8C%20%EC%A0%84%EC%B2%A0%20%ED%99%98%EC%8A%B9%20%EC%A0%95%EB%B3%B4/%EC%84%9C%EC%9A%B8%20%EC%A7%80%ED%95%98%EC%B2%A0%207%ED%98%B8%EC%84%A0,,171,171
current_app,이촌,4호선,동작,경의중앙선,서빙고,7-2,,verified_legacy,legacy_app,https://namu.wiki/w/%EC%88%98%EB%8F%84%EA%B6%8C%20%EC%A0%84%EC%B2%A0%20%ED%99%98%EC%8A%B9%20%EC%A0%95%EB%B3%B4/%EC%88%98%EB%8F%84%EA%B6%8C%20%EC%A0%84%EC%B2%A0%204%ED%98%B8%EC%84%A0,https://namu.wiki/w/%EC%88%98%EB%8F%84%EA%B6%8C%20%EC%A0%84%EC%B2%A0%20%ED%99%98%EC%8A%B9%20%EC%A0%95%EB%B3%B4/%EC%88%98%EB%8F%84%EA%B6%8C%20%EC%A0%84%EC%B2%A0%204%ED%98%B8%EC%84%A0,,111,111
current_app,이촌,4호선,동작,경의중앙선,용산,1-1,,verified_legacy,legacy_app,https://namu.wiki/w/%EC%88%98%EB%8F%84%EA%B6%8C%20%EC%A0%84%EC%B2%A0%20%ED%99%98%EC%8A%B9%20%EC%A0%95%EB%B3%B4/%EC%88%98%EB%8F%84%EA%B6%8C%20%EC%A0%84%EC%B2%A0%204%ED%98%B8%EC%84%A0,https://namu.wiki/w/%EC%88%98%EB%8F%84%EA%B6%8C%20%EC%A0%84%EC%B2%A0%20%ED%99%98%EC%8A%B9%20%EC%A0%95%EB%B3%B4/%EC%88%98%EB%8F%84%EA%B6%8C%20%EC%A0%84%EC%B2%A0%204%ED%98%B8%EC%84%A0,,111,111
current_app,이촌,4호선,신용산,경의중앙선,서빙고,3-3,,verified_legacy,legacy_app,https://namu.wiki/w/%EC%88%98%EB%8F%84%EA%B6%8C%20%EC%A0%84%EC%B2%A0%20%ED%99%98%EC%8A%B9%20%EC%A0%95%EB%B3%B4/%EC%88%98%EB%8F%84%EA%B6%8C%20%EC%A0%84%EC%B2%A0%204%ED%98%B8%EC%84%A0,https://namu.wiki/w/%EC%88%98%EB%8F%84%EA%B6%8C%20%EC%A0%84%EC%B2%A0%20%ED%99%98%EC%8A%B9%20%EC%A0%95%EB%B3%B4/%EC%88%98%EB%8F%84%EA%B6%8C%20%EC%A0%84%EC%B2%A0%204%ED%98%B8%EC%84%A0,,111,111
current_app,이촌,4호선,신용산,경의중앙선,용산,3-3,,verified_legacy,legacy_app,https://namu.wiki/w/%EC%88%98%EB%8F%84%EA%B6%8C%20%EC%A0%84%EC%B2%A0%20%ED%99%98%EC%8A%B9%20%EC%A0%95%EB%B3%B4/%EC%88%98%EB%8F%84%EA%B6%8C%20%EC%A0%84%EC%B2%A0%204%ED%98%B8%EC%84%A0,https://namu.wiki/w/%EC%88%98%EB%8F%84%EA%B6%8C%20%EC%A0%84%EC%B2%A0%20%ED%99%98%EC%8A%B9%20%EC%A0%95%EB%B3%B4/%EC%88%98%EB%8F%84%EA%B6%8C%20%EC%A0%84%EC%B2%A0%204%ED%98%B8%EC%84%A0,,111,111
current_app,이촌,경의중앙선,서빙고,4호선,동작,6-1,,verified_legacy,legacy_app,https://namu.wiki/w/%EC%88%98%EB%8F%84%EA%B6%8C%20%EC%A0%84%EC%B2%A0%20%ED%99%98%EC%8A%B9%20%EC%A0%95%EB%B3%B4/%EC%88%98%EB%8F%84%EA%B6%8C%20%EC%A0%84%EC%B2%A0%20%EA%B2%BD%EC%9D%98%C2%B7%EC%A4%91%EC%95%99%EC%84%A0,https://namu.wiki/w/%EC%88%98%EB%8F%84%EA%B6%8C%20%EC%A0%84%EC%B2%A0%20%ED%99%98%EC%8A%B9%20%EC%A0%95%EB%B3%B4/%EC%88%98%EB%8F%84%EA%B6%8C%20%EC%A0%84%EC%B2%A0%20%EA%B2%BD%EC%9D%98%C2%B7%EC%A4%91%EC%95%99%EC%84%A0,,111,111
current_app,이촌,경의중앙선,서빙고,4호선,신용산,6-1,,verified_legacy,legacy_app,https://namu.wiki/w/%EC%88%98%EB%8F%84%EA%B6%8C%20%EC%A0%84%EC%B2%A0%20%ED%99%98%EC%8A%B9%20%EC%A0%95%EB%B3%B4/%EC%88%98%EB%8F%84%EA%B6%8C%20%EC%A0%84%EC%B2%A0%20%EA%B2%BD%EC%9D%98%C2%B7%EC%A4%91%EC%95%99%EC%84%A0,https://namu.wiki/w/%EC%88%98%EB%8F%84%EA%B6%8C%20%EC%A0%84%EC%B2%A0%20%ED%99%98%EC%8A%B9%20%EC%A0%95%EB%B3%B4/%EC%88%98%EB%8F%84%EA%B6%8C%20%EC%A0%84%EC%B2%A0%20%EA%B2%BD%EC%9D%98%C2%B7%EC%A4%91%EC%95%99%EC%84%A0,,111,111
current_app,이촌,경의중앙선,용산,4호선,동작,5-3,,verified_legacy,legacy_app,https://namu.wiki/w/%EC%88%98%EB%8F%84%EA%B6%8C%20%EC%A0%84%EC%B2%A0%20%ED%99%98%EC%8A%B9%20%EC%A0%95%EB%B3%B4/%EC%88%98%EB%8F%84%EA%B6%8C%20%EC%A0%84%EC%B2%A0%20%EA%B2%BD%EC%9D%98%C2%B7%EC%A4%91%EC%95%99%EC%84%A0,https://namu.wiki/w/%EC%88%98%EB%8F%84%EA%B6%8C%20%EC%A0%84%EC%B2%A0%20%ED%99%98%EC%8A%B9%20%EC%A0%95%EB%B3%B4/%EC%88%98%EB%8F%84%EA%B6%8C%20%EC%A0%84%EC%B2%A0%20%EA%B2%BD%EC%9D%98%C2%B7%EC%A4%91%EC%95%99%EC%84%A0,,111,111
current_app,이촌,경의중앙선,용산,4호선,신용산,5-3,,verified_legacy,legacy_app,https://namu.wiki/w/%EC%88%98%EB%8F%84%EA%B6%8C%20%EC%A0%84%EC%B2%A0%20%ED%99%98%EC%8A%B9%20%EC%A0%95%EB%B3%B4/%EC%88%98%EB%8F%84%EA%B6%8C%20%EC%A0%84%EC%B2%A0%20%EA%B2%BD%EC%9D%98%C2%B7%EC%A4%91%EC%95%99%EC%84%A0,https://namu.wiki/w/%EC%88%98%EB%8F%84%EA%B6%8C%20%EC%A0%84%EC%B2%A0%20%ED%99%98%EC%8A%B9%20%EC%A0%95%EB%B3%B4/%EC%88%98%EB%8F%84%EA%B6%8C%20%EC%A0%84%EC%B2%A0%20%EA%B2%BD%EC%9D%98%C2%B7%EC%A4%91%EC%95%99%EC%84%A0,,111,111
current_app,인천,1호선,,수인분당선,,4-1,,verified_legacy,legacy_app,https://namu.wiki/w/%EC%88%98%EB%8F%84%EA%B6%8C%20%EC%A0%84%EC%B2%A0%20%ED%99%98%EC%8A%B9%20%EC%A0%95%EB%B3%B4/%EC%88%98%EB%8F%84%EA%B6%8C%20%EC%A0%84%EC%B2%A0%201%ED%98%B8%EC%84%A0,https://namu.wiki/w/%EC%88%98%EB%8F%84%EA%B6%8C%20%EC%A0%84%EC%B2%A0%20%ED%99%98%EC%8A%B9%20%EC%A0%95%EB%B3%B4/%EC%88%98%EB%8F%84%EA%B6%8C%20%EC%A0%84%EC%B2%A0%201%ED%98%B8%EC%84%A0,,180,180
current_app,인천,수인분당선,,1호선,,4-1,,verified_legacy,legacy_app,https://namu.wiki/w/%EC%88%98%EB%8F%84%EA%B6%8C%20%EC%A0%84%EC%B2%A0%20%ED%99%98%EC%8A%B9%20%EC%A0%95%EB%B3%B4/%EC%88%98%EB%8F%84%EA%B6%8C%20%EC%A0%84%EC%B2%A0%20%EC%88%98%EC%9D%B8%C2%B7%EB%B6%84%EB%8B%B9%EC%84%A0,https://namu.wiki/w/%EC%88%98%EB%8F%84%EA%B6%8C%20%EC%A0%84%EC%B2%A0%20%ED%99%98%EC%8A%B9%20%EC%A0%95%EB%B3%B4/%EC%88%98%EB%8F%84%EA%B6%8C%20%EC%A0%84%EC%B2%A0%20%EC%88%98%EC%9D%B8%C2%B7%EB%B6%84%EB%8B%B9%EC%84%A0,,180,180
current_app,일산,경의중앙선,,서해선,,모든 문,,verified_legacy,legacy_app,https://namu.wiki/w/%EC%88%98%EB%8F%84%EA%B6%8C%20%EC%A0%84%EC%B2%A0%20%ED%99%98%EC%8A%B9%20%EC%A0%95%EB%B3%B4/%EC%88%98%EB%8F%84%EA%B6%8C%20%EC%A0%84%EC%B2%A0%20%EA%B2%BD%EC%9D%98%C2%B7%EC%A4%91%EC%95%99%EC%84%A0,https://namu.wiki/w/%EC%88%98%EB%8F%84%EA%B6%8C%20%EC%A0%84%EC%B2%A0%20%ED%99%98%EC%8A%B9%20%EC%A0%95%EB%B3%B4/%EC%88%98%EB%8F%84%EA%B6%8C%20%EC%A0%84%EC%B2%A0%20%EA%B2%BD%EC%9D%98%C2%B7%EC%A4%91%EC%95%99%EC%84%A0,,0,0
current_app,일산,서해선,,경의중앙선,,모든 문,,verified_legacy,legacy_app,https://namu.wiki/w/%EC%88%98%EB%8F%84%EA%B6%8C%20%EC%A0%84%EC%B2%A0%20%ED%99%98%EC%8A%B9%20%EC%A0%95%EB%B3%B4,https://namu.wiki/w/%EC%88%98%EB%8F%84%EA%B6%8C%20%EC%A0%84%EC%B2%A0%20%ED%99%98%EC%8A%B9%20%EC%A0%95%EB%B3%B4,,0,0
current_app,잠실,2호선,잠실나루,8호선,몽촌토성,1-1,,verified_legacy,legacy_app,https://namu.wiki/w/%EC%88%98%EB%8F%84%EA%B6%8C%20%EC%A0%84%EC%B2%A0%20%ED%99%98%EC%8A%B9%20%EC%A0%95%EB%B3%B4/%EC%84%9C%EC%9A%B8%20%EC%A7%80%ED%95%98%EC%B2%A0%202%ED%98%B8%EC%84%A0,https://namu.wiki/w/%EC%88%98%EB%8F%84%EA%B6%8C%20%EC%A0%84%EC%B2%A0%20%ED%99%98%EC%8A%B9%20%EC%A0%95%EB%B3%B4/%EC%84%9C%EC%9A%B8%20%EC%A7%80%ED%95%98%EC%B2%A0%202%ED%98%B8%EC%84%A0,,158,158
current_app,잠실,2호선,잠실나루,8호선,석촌,1-1,,verified_legacy,legacy_app,https://namu.wiki/w/%EC%88%98%EB%8F%84%EA%B6%8C%20%EC%A0%84%EC%B2%A0%20%ED%99%98%EC%8A%B9%20%EC%A0%95%EB%B3%B4/%EC%84%9C%EC%9A%B8%20%EC%A7%80%ED%95%98%EC%B2%A0%202%ED%98%B8%EC%84%A0,https://namu.wiki/w/%EC%88%98%EB%8F%84%EA%B6%8C%20%EC%A0%84%EC%B2%A0%20%ED%99%98%EC%8A%B9%20%EC%A0%95%EB%B3%B4/%EC%84%9C%EC%9A%B8%20%EC%A7%80%ED%95%98%EC%B2%A0%202%ED%98%B8%EC%84%A0,,158,158
current_app,잠실,2호선,잠실새내,8호선,몽촌토성,10-3,,verified_legacy,legacy_app,https://namu.wiki/w/%EC%88%98%EB%8F%84%EA%B6%8C%20%EC%A0%84%EC%B2%A0%20%ED%99%98%EC%8A%B9%20%EC%A0%95%EB%B3%B4/%EC%84%9C%EC%9A%B8%20%EC%A7%80%ED%95%98%EC%B2%A0%202%ED%98%B8%EC%84%A0,https://namu.wiki/w/%EC%88%98%EB%8F%84%EA%B6%8C%20%EC%A0%84%EC%B2%A0%20%ED%99%98%EC%8A%B9%20%EC%A0%95%EB%B3%B4/%EC%84%9C%EC%9A%B8%20%EC%A7%80%ED%95%98%EC%B2%A0%202%ED%98%B8%EC%84%A0,,158,158
current_app,잠실,2호선,잠실새내,8호선,석촌,10-3,,verified_legacy,legacy_app,https://namu.wiki/w/%EC%88%98%EB%8F%84%EA%B6%8C%20%EC%A0%84%EC%B2%A0%20%ED%99%98%EC%8A%B9%20%EC%A0%95%EB%B3%B4/%EC%84%9C%EC%9A%B8%20%EC%A7%80%ED%95%98%EC%B2%A0%202%ED%98%B8%EC%84%A0,https://namu.wiki/w/%EC%88%98%EB%8F%84%EA%B6%8C%20%EC%A0%84%EC%B2%A0%20%ED%99%98%EC%8A%B9%20%EC%A0%95%EB%B3%B4/%EC%84%9C%EC%9A%B8%20%EC%A7%80%ED%95%98%EC%B2%A0%202%ED%98%B8%EC%84%A0,,158,158
current_app,잠실,8호선,몽촌토성,2호선,잠실나루,6-4,,verified_legacy,legacy_app,https://namu.wiki/w/%EC%88%98%EB%8F%84%EA%B6%8C%20%EC%A0%84%EC%B2%A0%20%ED%99%98%EC%8A%B9%20%EC%A0%95%EB%B3%B4,https://namu.wiki/w/%EC%88%98%EB%8F%84%EA%B6%8C%20%EC%A0%84%EC%B2%A0%20%ED%99%98%EC%8A%B9%20%EC%A0%95%EB%B3%B4,,158,158
current_app,잠실,8호선,몽촌토성,2호선,잠실새내,6-4,,verified_legacy,legacy_app,https://namu.wiki/w/%EC%88%98%EB%8F%84%EA%B6%8C%20%EC%A0%84%EC%B2%A0%20%ED%99%98%EC%8A%B9%20%EC%A0%95%EB%B3%B4,https://namu.wiki/w/%EC%88%98%EB%8F%84%EA%B6%8C%20%EC%A0%84%EC%B2%A0%20%ED%99%98%EC%8A%B9%20%EC%A0%95%EB%B3%B4,,158,158
current_app,잠실,8호선,석촌,2호선,잠실나루,1-1,,verified_legacy,legacy_app,https://namu.wiki/w/%EC%88%98%EB%8F%84%EA%B6%8C%20%EC%A0%84%EC%B2%A0%20%ED%99%98%EC%8A%B9%20%EC%A0%95%EB%B3%B4,https://namu.wiki/w/%EC%88%98%EB%8F%84%EA%B6%8C%20%EC%A0%84%EC%B2%A0%20%ED%99%98%EC%8A%B9%20%EC%A0%95%EB%B3%B4,,158,158
current_app,잠실,8호선,석촌,2호선,잠실새내,1-1,,verified_legacy,legacy_app,https://namu.wiki/w/%EC%88%98%EB%8F%84%EA%B6%8C%20%EC%A0%84%EC%B2%A0%20%ED%99%98%EC%8A%B9%20%EC%A0%95%EB%B3%B4,https://namu.wiki/w/%EC%88%98%EB%8F%84%EA%B6%8C%20%EC%A0%84%EC%B2%A0%20%ED%99%98%EC%8A%B9%20%EC%A0%95%EB%B3%B4,,158,158
current_app,정왕,4호선,신길온천,수인분당선,신길온천,5-2,,verified_legacy,legacy_app,https://namu.wiki/w/%EC%88%98%EB%8F%84%EA%B6%8C%20%EC%A0%84%EC%B2%A0%20%ED%99%98%EC%8A%B9%20%EC%A0%95%EB%B3%B4/%EC%88%98%EB%8F%84%EA%B6%8C%20%EC%A0%84%EC%B2%A0%204%ED%98%B8%EC%84%A0,https://namu.wiki/w/%EC%88%98%EB%8F%84%EA%B6%8C%20%EC%A0%84%EC%B2%A0%20%ED%99%98%EC%8A%B9%20%EC%A0%95%EB%B3%B4/%EC%88%98%EB%8F%84%EA%B6%8C%20%EC%A0%84%EC%B2%A0%204%ED%98%B8%EC%84%A0,,420,420
current_app,정왕,4호선,신길온천,수인분당선,오이도,5-2,,verified_legacy,legacy_app,https://namu.wiki/w/%EC%88%98%EB%8F%84%EA%B6%8C%20%EC%A0%84%EC%B2%A0%20%ED%99%98%EC%8A%B9%20%EC%A0%95%EB%B3%B4/%EC%88%98%EB%8F%84%EA%B6%8C%20%EC%A0%84%EC%B2%A0%204%ED%98%B8%EC%84%A0,https://namu.wiki/w/%EC%88%98%EB%8F%84%EA%B6%8C%20%EC%A0%84%EC%B2%A0%20%ED%99%98%EC%8A%B9%20%EC%A0%95%EB%B3%B4/%EC%88%98%EB%8F%84%EA%B6%8C%20%EC%A0%84%EC%B2%A0%204%ED%98%B8%EC%84%A0,,420,420
current_app,정왕,4호선,오이도,수인분당선,신길온천,5-2,,verified_legacy,legacy_app,https://namu.wiki/w/%EC%88%98%EB%8F%84%EA%B6%8C%20%EC%A0%84%EC%B2%A0%20%ED%99%98%EC%8A%B9%20%EC%A0%95%EB%B3%B4/%EC%88%98%EB%8F%84%EA%B6%8C%20%EC%A0%84%EC%B2%A0%204%ED%98%B8%EC%84%A0,https://namu.wiki/w/%EC%88%98%EB%8F%84%EA%B6%8C%20%EC%A0%84%EC%B2%A0%20%ED%99%98%EC%8A%B9%20%EC%A0%95%EB%B3%B4/%EC%88%98%EB%8F%84%EA%B6%8C%20%EC%A0%84%EC%B2%A0%204%ED%98%B8%EC%84%A0,,420,420
current_app,정왕,4호선,오이도,수인분당선,오이도,5-2,,verified_legacy,legacy_app,https://namu.wiki/w/%EC%88%98%EB%8F%84%EA%B6%8C%20%EC%A0%84%EC%B2%A0%20%ED%99%98%EC%8A%B9%20%EC%A0%95%EB%B3%B4/%EC%88%98%EB%8F%84%EA%B6%8C%20%EC%A0%84%EC%B2%A0%204%ED%98%B8%EC%84%A0,https://namu.wiki/w/%EC%88%98%EB%8F%84%EA%B6%8C%20%EC%A0%84%EC%B2%A0%20%ED%99%98%EC%8A%B9%20%EC%A0%95%EB%B3%B4/%EC%88%98%EB%8F%84%EA%B6%8C%20%EC%A0%84%EC%B2%A0%204%ED%98%B8%EC%84%A0,,420,420
current_app,정왕,수인분당선,신길온천,4호선,신길온천,5-2,,verified_legacy,legacy_app,https://namu.wiki/w/%EC%88%98%EB%8F%84%EA%B6%8C%20%EC%A0%84%EC%B2%A0%20%ED%99%98%EC%8A%B9%20%EC%A0%95%EB%B3%B4/%EC%88%98%EB%8F%84%EA%B6%8C%20%EC%A0%84%EC%B2%A0%20%EC%88%98%EC%9D%B8%C2%B7%EB%B6%84%EB%8B%B9%EC%84%A0,https://namu.wiki/w/%EC%88%98%EB%8F%84%EA%B6%8C%20%EC%A0%84%EC%B2%A0%20%ED%99%98%EC%8A%B9%20%EC%A0%95%EB%B3%B4/%EC%88%98%EB%8F%84%EA%B6%8C%20%EC%A0%84%EC%B2%A0%20%EC%88%98%EC%9D%B8%C2%B7%EB%B6%84%EB%8B%B9%EC%84%A0,,420,420
current_app,정왕,수인분당선,신길온천,4호선,오이도,5-2,,verified_legacy,legacy_app,https://namu.wiki/w/%EC%88%98%EB%8F%84%EA%B6%8C%20%EC%A0%84%EC%B2%A0%20%ED%99%98%EC%8A%B9%20%EC%A0%95%EB%B3%B4/%EC%88%98%EB%8F%84%EA%B6%8C%20%EC%A0%84%EC%B2%A0%20%EC%88%98%EC%9D%B8%C2%B7%EB%B6%84%EB%8B%B9%EC%84%A0,https://namu.wiki/w/%EC%88%98%EB%8F%84%EA%B6%8C%20%EC%A0%84%EC%B2%A0%20%ED%99%98%EC%8A%B9%20%EC%A0%95%EB%B3%B4/%EC%88%98%EB%8F%84%EA%B6%8C%20%EC%A0%84%EC%B2%A0%20%EC%88%98%EC%9D%B8%C2%B7%EB%B6%84%EB%8B%B9%EC%84%A0,,420,420
current_app,정왕,수인분당선,오이도,4호선,신길온천,5-2,,verified_legacy,legacy_app,https://namu.wiki/w/%EC%88%98%EB%8F%84%EA%B6%8C%20%EC%A0%84%EC%B2%A0%20%ED%99%98%EC%8A%B9%20%EC%A0%95%EB%B3%B4/%EC%88%98%EB%8F%84%EA%B6%8C%20%EC%A0%84%EC%B2%A0%20%EC%88%98%EC%9D%B8%C2%B7%EB%B6%84%EB%8B%B9%EC%84%A0,https://namu.wiki/w/%EC%88%98%EB%8F%84%EA%B6%8C%20%EC%A0%84%EC%B2%A0%20%ED%99%98%EC%8A%B9%20%EC%A0%95%EB%B3%B4/%EC%88%98%EB%8F%84%EA%B6%8C%20%EC%A0%84%EC%B2%A0%20%EC%88%98%EC%9D%B8%C2%B7%EB%B6%84%EB%8B%B9%EC%84%A0,,420,420
current_app,정왕,수인분당선,오이도,4호선,오이도,5-2,,verified_legacy,legacy_app,https://namu.wiki/w/%EC%88%98%EB%8F%84%EA%B6%8C%20%EC%A0%84%EC%B2%A0%20%ED%99%98%EC%8A%B9%20%EC%A0%95%EB%B3%B4/%EC%88%98%EB%8F%84%EA%B6%8C%20%EC%A0%84%EC%B2%A0%20%EC%88%98%EC%9D%B8%C2%B7%EB%B6%84%EB%8B%B9%EC%84%A0,https://namu.wiki/w/%EC%88%98%EB%8F%84%EA%B6%8C%20%EC%A0%84%EC%B2%A0%20%ED%99%98%EC%8A%B9%20%EC%A0%95%EB%B3%B4/%EC%88%98%EB%8F%84%EA%B6%8C%20%EC%A0%84%EC%B2%A0%20%EC%88%98%EC%9D%B8%C2%B7%EB%B6%84%EB%8B%B9%EC%84%A0,,420,420
current_app,정자,수인분당선,미금,신분당선,미금,,,needs_verification,official_public_data_ambiguous,https://namu.wiki/w/%EC%88%98%EB%8F%84%EA%B6%8C%20%EC%A0%84%EC%B2%A0%20%ED%99%98%EC%8A%B9%20%EC%A0%95%EB%B3%B4/%EC%88%98%EB%8F%84%EA%B6%8C%20%EC%A0%84%EC%B2%A0%20%EC%88%98%EC%9D%B8%C2%B7%EB%B6%84%EB%8B%B9%EC%84%A0,https://www.data.go.kr/data/15041060/fileData.do,공공데이터 후보 위치는 존재하나 출발 방향 컬럼이 없어 방향별 확정 전 보류,240,
current_app,정자,수인분당선,미금,신분당선,판교,,,needs_verification,official_public_data_ambiguous,https://namu.wiki/w/%EC%88%98%EB%8F%84%EA%B6%8C%20%EC%A0%84%EC%B2%A0%20%ED%99%98%EC%8A%B9%20%EC%A0%95%EB%B3%B4/%EC%88%98%EB%8F%84%EA%B6%8C%20%EC%A0%84%EC%B2%A0%20%EC%88%98%EC%9D%B8%C2%B7%EB%B6%84%EB%8B%B9%EC%84%A0,https://www.data.go.kr/data/15041060/fileData.do,공공데이터 후보 위치는 존재하나 출발 방향 컬럼이 없어 방향별 확정 전 보류,240,
current_app,정자,수인분당선,수내,신분당선,미금,,,needs_verification,official_public_data_ambiguous,https://namu.wiki/w/%EC%88%98%EB%8F%84%EA%B6%8C%20%EC%A0%84%EC%B2%A0%20%ED%99%98%EC%8A%B9%20%EC%A0%95%EB%B3%B4/%EC%88%98%EB%8F%84%EA%B6%8C%20%EC%A0%84%EC%B2%A0%20%EC%88%98%EC%9D%B8%C2%B7%EB%B6%84%EB%8B%B9%EC%84%A0,https://www.data.go.kr/data/15041060/fileData.do,공공데이터 후보 위치는 존재하나 출발 방향 컬럼이 없어 방향별 확정 전 보류,240,
current_app,정자,수인분당선,수내,신분당선,판교,,,needs_verification,official_public_data_ambiguous,https://namu.wiki/w/%EC%88%98%EB%8F%84%EA%B6%8C%20%EC%A0%84%EC%B2%A0%20%ED%99%98%EC%8A%B9%20%EC%A0%95%EB%B3%B4/%EC%88%98%EB%8F%84%EA%B6%8C%20%EC%A0%84%EC%B2%A0%20%EC%88%98%EC%9D%B8%C2%B7%EB%B6%84%EB%8B%B9%EC%84%A0,https://www.data.go.kr/data/15041060/fileData.do,공공데이터 후보 위치는 존재하나 출발 방향 컬럼이 없어 방향별 확정 전 보류,240,
current_app,정자,신분당선,미금,수인분당선,미금,,,needs_verification,official_public_data_ambiguous,https://namu.wiki/w/%EC%88%98%EB%8F%84%EA%B6%8C%20%EC%A0%84%EC%B2%A0%20%ED%99%98%EC%8A%B9%20%EC%A0%95%EB%B3%B4,https://www.data.go.kr/data/15041072/fileData.do?recommendDataYn=Y,공공데이터 후보 위치는 존재하나 출발 방향 컬럼이 없어 방향별 확정 전 보류,240,
current_app,정자,신분당선,미금,수인분당선,수내,,,needs_verification,official_public_data_ambiguous,https://namu.wiki/w/%EC%88%98%EB%8F%84%EA%B6%8C%20%EC%A0%84%EC%B2%A0%20%ED%99%98%EC%8A%B9%20%EC%A0%95%EB%B3%B4,https://www.data.go.kr/data/15041072/fileData.do?recommendDataYn=Y,공공데이터 후보 위치는 존재하나 출발 방향 컬럼이 없어 방향별 확정 전 보류,240,
current_app,정자,신분당선,판교,수인분당선,미금,,,needs_verification,official_public_data_ambiguous,https://namu.wiki/w/%EC%88%98%EB%8F%84%EA%B6%8C%20%EC%A0%84%EC%B2%A0%20%ED%99%98%EC%8A%B9%20%EC%A0%95%EB%B3%B4,https://www.data.go.kr/data/15041072/fileData.do?recommendDataYn=Y,공공데이터 후보 위치는 존재하나 출발 방향 컬럼이 없어 방향별 확정 전 보류,240,
current_app,정자,신분당선,판교,수인분당선,수내,,,needs_verification,official_public_data_ambiguous,https://namu.wiki/w/%EC%88%98%EB%8F%84%EA%B6%8C%20%EC%A0%84%EC%B2%A0%20%ED%99%98%EC%8A%B9%20%EC%A0%95%EB%B3%B4,https://www.data.go.kr/data/15041072/fileData.do?recommendDataYn=Y,공공데이터 후보 위치는 존재하나 출발 방향 컬럼이 없어 방향별 확정 전 보류,240,
current_app,종로3가,1호선,종각,3호선,안국,5-4,,verified_legacy,legacy_app,https://namu.wiki/w/%EC%88%98%EB%8F%84%EA%B6%8C%20%EC%A0%84%EC%B2%A0%20%ED%99%98%EC%8A%B9%20%EC%A0%95%EB%B3%B4/%EC%88%98%EB%8F%84%EA%B6%8C%20%EC%A0%84%EC%B2%A0%201%ED%98%B8%EC%84%A0,https://namu.wiki/w/%EC%88%98%EB%8F%84%EA%B6%8C%20%EC%A0%84%EC%B2%A0%20%ED%99%98%EC%8A%B9%20%EC%A0%95%EB%B3%B4/%EC%88%98%EB%8F%84%EA%B6%8C%20%EC%A0%84%EC%B2%A0%201%ED%98%B8%EC%84%A0,,161,161
current_app,종로3가,1호선,종각,3호선,을지로3가,5-4,,verified_legacy,legacy_app,https://namu.wiki/w/%EC%88%98%EB%8F%84%EA%B6%8C%20%EC%A0%84%EC%B2%A0%20%ED%99%98%EC%8A%B9%20%EC%A0%95%EB%B3%B4/%EC%88%98%EB%8F%84%EA%B6%8C%20%EC%A0%84%EC%B2%A0%201%ED%98%B8%EC%84%A0,https://namu.wiki/w/%EC%88%98%EB%8F%84%EA%B6%8C%20%EC%A0%84%EC%B2%A0%20%ED%99%98%EC%8A%B9%20%EC%A0%95%EB%B3%B4/%EC%88%98%EB%8F%84%EA%B6%8C%20%EC%A0%84%EC%B2%A0%201%ED%98%B8%EC%84%A0,,161,161
current_app,종로3가,1호선,종각,5호선,광화문,7-3,,verified_legacy,legacy_app,https://namu.wiki/w/%EC%88%98%EB%8F%84%EA%B6%8C%20%EC%A0%84%EC%B2%A0%20%ED%99%98%EC%8A%B9%20%EC%A0%95%EB%B3%B4/%EC%88%98%EB%8F%84%EA%B6%8C%20%EC%A0%84%EC%B2%A0%201%ED%98%B8%EC%84%A0,https://namu.wiki/w/%EC%88%98%EB%8F%84%EA%B6%8C%20%EC%A0%84%EC%B2%A0%20%ED%99%98%EC%8A%B9%20%EC%A0%95%EB%B3%B4/%EC%88%98%EB%8F%84%EA%B6%8C%20%EC%A0%84%EC%B2%A0%201%ED%98%B8%EC%84%A0,,326,326
current_app,종로3가,1호선,종각,5호선,을지로4가,7-3,,verified_legacy,legacy_app,https://namu.wiki/w/%EC%88%98%EB%8F%84%EA%B6%8C%20%EC%A0%84%EC%B2%A0%20%ED%99%98%EC%8A%B9%20%EC%A0%95%EB%B3%B4/%EC%88%98%EB%8F%84%EA%B6%8C%20%EC%A0%84%EC%B2%A0%201%ED%98%B8%EC%84%A0,https://namu.wiki/w/%EC%88%98%EB%8F%84%EA%B6%8C%20%EC%A0%84%EC%B2%A0%20%ED%99%98%EC%8A%B9%20%EC%A0%95%EB%B3%B4/%EC%88%98%EB%8F%84%EA%B6%8C%20%EC%A0%84%EC%B2%A0%201%ED%98%B8%EC%84%A0,,326,326
current_app,종로3가,1호선,종로5가,3호선,안국,6-1,,verified_legacy,legacy_app,https://namu.wiki/w/%EC%88%98%EB%8F%84%EA%B6%8C%20%EC%A0%84%EC%B2%A0%20%ED%99%98%EC%8A%B9%20%EC%A0%95%EB%B3%B4/%EC%88%98%EB%8F%84%EA%B6%8C%20%EC%A0%84%EC%B2%A0%201%ED%98%B8%EC%84%A0,https://namu.wiki/w/%EC%88%98%EB%8F%84%EA%B6%8C%20%EC%A0%84%EC%B2%A0%20%ED%99%98%EC%8A%B9%20%EC%A0%95%EB%B3%B4/%EC%88%98%EB%8F%84%EA%B6%8C%20%EC%A0%84%EC%B2%A0%201%ED%98%B8%EC%84%A0,,161,161
current_app,종로3가,1호선,종로5가,3호선,을지로3가,6-1,,verified_legacy,legacy_app,https://namu.wiki/w/%EC%88%98%EB%8F%84%EA%B6%8C%20%EC%A0%84%EC%B2%A0%20%ED%99%98%EC%8A%B9%20%EC%A0%95%EB%B3%B4/%EC%88%98%EB%8F%84%EA%B6%8C%20%EC%A0%84%EC%B2%A0%201%ED%98%B8%EC%84%A0,https://namu.wiki/w/%EC%88%98%EB%8F%84%EA%B6%8C%20%EC%A0%84%EC%B2%A0%20%ED%99%98%EC%8A%B9%20%EC%A0%95%EB%B3%B4/%EC%88%98%EB%8F%84%EA%B6%8C%20%EC%A0%84%EC%B2%A0%201%ED%98%B8%EC%84%A0,,161,161
current_app,종로3가,1호선,종로5가,5호선,광화문,6-1,,verified_legacy,legacy_app,https://namu.wiki/w/%EC%88%98%EB%8F%84%EA%B6%8C%20%EC%A0%84%EC%B2%A0%20%ED%99%98%EC%8A%B9%20%EC%A0%95%EB%B3%B4/%EC%88%98%EB%8F%84%EA%B6%8C%20%EC%A0%84%EC%B2%A0%201%ED%98%B8%EC%84%A0,https://namu.wiki/w/%EC%88%98%EB%8F%84%EA%B6%8C%20%EC%A0%84%EC%B2%A0%20%ED%99%98%EC%8A%B9%20%EC%A0%95%EB%B3%B4/%EC%88%98%EB%8F%84%EA%B6%8C%20%EC%A0%84%EC%B2%A0%201%ED%98%B8%EC%84%A0,,326,326
current_app,종로3가,1호선,종로5가,5호선,을지로4가,6-1,,verified_legacy,legacy_app,https://namu.wiki/w/%EC%88%98%EB%8F%84%EA%B6%8C%20%EC%A0%84%EC%B2%A0%20%ED%99%98%EC%8A%B9%20%EC%A0%95%EB%B3%B4/%EC%88%98%EB%8F%84%EA%B6%8C%20%EC%A0%84%EC%B2%A0%201%ED%98%B8%EC%84%A0,https://namu.wiki/w/%EC%88%98%EB%8F%84%EA%B6%8C%20%EC%A0%84%EC%B2%A0%20%ED%99%98%EC%8A%B9%20%EC%A0%95%EB%B3%B4/%EC%88%98%EB%8F%84%EA%B6%8C%20%EC%A0%84%EC%B2%A0%201%ED%98%B8%EC%84%A0,,326,326
current_app,종로3가,3호선,안국,1호선,종각,10-4,,verified_legacy,legacy_app,https://namu.wiki/w/%EC%88%98%EB%8F%84%EA%B6%8C%20%EC%A0%84%EC%B2%A0%20%ED%99%98%EC%8A%B9%20%EC%A0%95%EB%B3%B4/%EC%88%98%EB%8F%84%EA%B6%8C%20%EC%A0%84%EC%B2%A0%203%ED%98%B8%EC%84%A0,https://namu.wiki/w/%EC%88%98%EB%8F%84%EA%B6%8C%20%EC%A0%84%EC%B2%A0%20%ED%99%98%EC%8A%B9%20%EC%A0%95%EB%B3%B4/%EC%88%98%EB%8F%84%EA%B6%8C%20%EC%A0%84%EC%B2%A0%203%ED%98%B8%EC%84%A0,,161,161
current_app,종로3가,3호선,안국,1호선,종로5가,10-4,,verified_legacy,legacy_app,https://namu.wiki/w/%EC%88%98%EB%8F%84%EA%B6%8C%20%EC%A0%84%EC%B2%A0%20%ED%99%98%EC%8A%B9%20%EC%A0%95%EB%B3%B4/%EC%88%98%EB%8F%84%EA%B6%8C%20%EC%A0%84%EC%B2%A0%203%ED%98%B8%EC%84%A0,https://namu.wiki/w/%EC%88%98%EB%8F%84%EA%B6%8C%20%EC%A0%84%EC%B2%A0%20%ED%99%98%EC%8A%B9%20%EC%A0%95%EB%B3%B4/%EC%88%98%EB%8F%84%EA%B6%8C%20%EC%A0%84%EC%B2%A0%203%ED%98%B8%EC%84%A0,,161,161
current_app,종로3가,3호선,안국,5호선,광화문,2-3,,verified_legacy,legacy_app,https://namu.wiki/w/%EC%88%98%EB%8F%84%EA%B6%8C%20%EC%A0%84%EC%B2%A0%20%ED%99%98%EC%8A%B9%20%EC%A0%95%EB%B3%B4/%EC%88%98%EB%8F%84%EA%B6%8C%20%EC%A0%84%EC%B2%A0%203%ED%98%B8%EC%84%A0,https://namu.wiki/w/%EC%88%98%EB%8F%84%EA%B6%8C%20%EC%A0%84%EC%B2%A0%20%ED%99%98%EC%8A%B9%20%EC%A0%95%EB%B3%B4/%EC%88%98%EB%8F%84%EA%B6%8C%20%EC%A0%84%EC%B2%A0%203%ED%98%B8%EC%84%A0,,176,176
current_app,종로3가,3호선,안국,5호선,을지로4가,2-3,,verified_legacy,legacy_app,https://namu.wiki/w/%EC%88%98%EB%8F%84%EA%B6%8C%20%EC%A0%84%EC%B2%A0%20%ED%99%98%EC%8A%B9%20%EC%A0%95%EB%B3%B4/%EC%88%98%EB%8F%84%EA%B6%8C%20%EC%A0%84%EC%B2%A0%203%ED%98%B8%EC%84%A0,https://namu.wiki/w/%EC%88%98%EB%8F%84%EA%B6%8C%20%EC%A0%84%EC%B2%A0%20%ED%99%98%EC%8A%B9%20%EC%A0%95%EB%B3%B4/%EC%88%98%EB%8F%84%EA%B6%8C%20%EC%A0%84%EC%B2%A0%203%ED%98%B8%EC%84%A0,,176,176
current_app,종로3가,3호선,을지로3가,1호선,종각,1-1,,verified_legacy,legacy_app,https://namu.wiki/w/%EC%88%98%EB%8F%84%EA%B6%8C%20%EC%A0%84%EC%B2%A0%20%ED%99%98%EC%8A%B9%20%EC%A0%95%EB%B3%B4/%EC%88%98%EB%8F%84%EA%B6%8C%20%EC%A0%84%EC%B2%A0%203%ED%98%B8%EC%84%A0,https://namu.wiki/w/%EC%88%98%EB%8F%84%EA%B6%8C%20%EC%A0%84%EC%B2%A0%20%ED%99%98%EC%8A%B9%20%EC%A0%95%EB%B3%B4/%EC%88%98%EB%8F%84%EA%B6%8C%20%EC%A0%84%EC%B2%A0%203%ED%98%B8%EC%84%A0,,161,161
current_app,종로3가,3호선,을지로3가,1호선,종로5가,2-3,,verified_legacy,legacy_app,https://namu.wiki/w/%EC%88%98%EB%8F%84%EA%B6%8C%20%EC%A0%84%EC%B2%A0%20%ED%99%98%EC%8A%B9%20%EC%A0%95%EB%B3%B4/%EC%88%98%EB%8F%84%EA%B6%8C%20%EC%A0%84%EC%B2%A0%203%ED%98%B8%EC%84%A0,https://namu.wiki/w/%EC%88%98%EB%8F%84%EA%B6%8C%20%EC%A0%84%EC%B2%A0%20%ED%99%98%EC%8A%B9%20%EC%A0%95%EB%B3%B4/%EC%88%98%EB%8F%84%EA%B6%8C%20%EC%A0%84%EC%B2%A0%203%ED%98%B8%EC%84%A0,,161,161
current_app,종로3가,3호선,을지로3가,5호선,광화문,9-2,,verified_legacy,legacy_app,https://namu.wiki/w/%EC%88%98%EB%8F%84%EA%B6%8C%20%EC%A0%84%EC%B2%A0%20%ED%99%98%EC%8A%B9%20%EC%A0%95%EB%B3%B4/%EC%88%98%EB%8F%84%EA%B6%8C%20%EC%A0%84%EC%B2%A0%203%ED%98%B8%EC%84%A0,https://namu.wiki/w/%EC%88%98%EB%8F%84%EA%B6%8C%20%EC%A0%84%EC%B2%A0%20%ED%99%98%EC%8A%B9%20%EC%A0%95%EB%B3%B4/%EC%88%98%EB%8F%84%EA%B6%8C%20%EC%A0%84%EC%B2%A0%203%ED%98%B8%EC%84%A0,,176,176
current_app,종로3가,3호선,을지로3가,5호선,을지로4가,9-2,,verified_legacy,legacy_app,https://namu.wiki/w/%EC%88%98%EB%8F%84%EA%B6%8C%20%EC%A0%84%EC%B2%A0%20%ED%99%98%EC%8A%B9%20%EC%A0%95%EB%B3%B4/%EC%88%98%EB%8F%84%EA%B6%8C%20%EC%A0%84%EC%B2%A0%203%ED%98%B8%EC%84%A0,https://namu.wiki/w/%EC%88%98%EB%8F%84%EA%B6%8C%20%EC%A0%84%EC%B2%A0%20%ED%99%98%EC%8A%B9%20%EC%A0%95%EB%B3%B4/%EC%88%98%EB%8F%84%EA%B6%8C%20%EC%A0%84%EC%B2%A0%203%ED%98%B8%EC%84%A0,,176,176
current_app,종로3가,5호선,광화문,1호선,종각,8-4,,verified_legacy,legacy_app,https://namu.wiki/w/%EC%88%98%EB%8F%84%EA%B6%8C%20%EC%A0%84%EC%B2%A0%20%ED%99%98%EC%8A%B9%20%EC%A0%95%EB%B3%B4/%EC%88%98%EB%8F%84%EA%B6%8C%20%EC%A0%84%EC%B2%A0%205%ED%98%B8%EC%84%A0,https://namu.wiki/w/%EC%88%98%EB%8F%84%EA%B6%8C%20%EC%A0%84%EC%B2%A0%20%ED%99%98%EC%8A%B9%20%EC%A0%95%EB%B3%B4/%EC%88%98%EB%8F%84%EA%B6%8C%20%EC%A0%84%EC%B2%A0%205%ED%98%B8%EC%84%A0,,326,326
current_app,종로3가,5호선,광화문,1호선,종로5가,8-4,,verified_legacy,legacy_app,https://namu.wiki/w/%EC%88%98%EB%8F%84%EA%B6%8C%20%EC%A0%84%EC%B2%A0%20%ED%99%98%EC%8A%B9%20%EC%A0%95%EB%B3%B4/%EC%88%98%EB%8F%84%EA%B6%8C%20%EC%A0%84%EC%B2%A0%205%ED%98%B8%EC%84%A0,https://namu.wiki/w/%EC%88%98%EB%8F%84%EA%B6%8C%20%EC%A0%84%EC%B2%A0%20%ED%99%98%EC%8A%B9%20%EC%A0%95%EB%B3%B4/%EC%88%98%EB%8F%84%EA%B6%8C%20%EC%A0%84%EC%B2%A0%205%ED%98%B8%EC%84%A0,,326,326
current_app,종로3가,5호선,광화문,3호선,안국,8-4,,verified_legacy,legacy_app,https://namu.wiki/w/%EC%88%98%EB%8F%84%EA%B6%8C%20%EC%A0%84%EC%B2%A0%20%ED%99%98%EC%8A%B9%20%EC%A0%95%EB%B3%B4/%EC%88%98%EB%8F%84%EA%B6%8C%20%EC%A0%84%EC%B2%A0%205%ED%98%B8%EC%84%A0,https://namu.wiki/w/%EC%88%98%EB%8F%84%EA%B6%8C%20%EC%A0%84%EC%B2%A0%20%ED%99%98%EC%8A%B9%20%EC%A0%95%EB%B3%B4/%EC%88%98%EB%8F%84%EA%B6%8C%20%EC%A0%84%EC%B2%A0%205%ED%98%B8%EC%84%A0,,176,176
current_app,종로3가,5호선,광화문,3호선,을지로3가,8-4,,verified_legacy,legacy_app,https://namu.wiki/w/%EC%88%98%EB%8F%84%EA%B6%8C%20%EC%A0%84%EC%B2%A0%20%ED%99%98%EC%8A%B9%20%EC%A0%95%EB%B3%B4/%EC%88%98%EB%8F%84%EA%B6%8C%20%EC%A0%84%EC%B2%A0%205%ED%98%B8%EC%84%A0,https://namu.wiki/w/%EC%88%98%EB%8F%84%EA%B6%8C%20%EC%A0%84%EC%B2%A0%20%ED%99%98%EC%8A%B9%20%EC%A0%95%EB%B3%B4/%EC%88%98%EB%8F%84%EA%B6%8C%20%EC%A0%84%EC%B2%A0%205%ED%98%B8%EC%84%A0,,176,176
current_app,종로3가,5호선,을지로4가,1호선,종각,1-1,,verified_legacy,legacy_app,https://namu.wiki/w/%EC%88%98%EB%8F%84%EA%B6%8C%20%EC%A0%84%EC%B2%A0%20%ED%99%98%EC%8A%B9%20%EC%A0%95%EB%B3%B4/%EC%88%98%EB%8F%84%EA%B6%8C%20%EC%A0%84%EC%B2%A0%205%ED%98%B8%EC%84%A0,https://namu.wiki/w/%EC%88%98%EB%8F%84%EA%B6%8C%20%EC%A0%84%EC%B2%A0%20%ED%99%98%EC%8A%B9%20%EC%A0%95%EB%B3%B4/%EC%88%98%EB%8F%84%EA%B6%8C%20%EC%A0%84%EC%B2%A0%205%ED%98%B8%EC%84%A0,,326,326
current_app,종로3가,5호선,을지로4가,1호선,종로5가,1-1,,verified_legacy,legacy_app,https://namu.wiki/w/%EC%88%98%EB%8F%84%EA%B6%8C%20%EC%A0%84%EC%B2%A0%20%ED%99%98%EC%8A%B9%20%EC%A0%95%EB%B3%B4/%EC%88%98%EB%8F%84%EA%B6%8C%20%EC%A0%84%EC%B2%A0%205%ED%98%B8%EC%84%A0,https://namu.wiki/w/%EC%88%98%EB%8F%84%EA%B6%8C%20%EC%A0%84%EC%B2%A0%20%ED%99%98%EC%8A%B9%20%EC%A0%95%EB%B3%B4/%EC%88%98%EB%8F%84%EA%B6%8C%20%EC%A0%84%EC%B2%A0%205%ED%98%B8%EC%84%A0,,326,326
current_app,종로3가,5호선,을지로4가,3호선,안국,1-1,,verified_legacy,legacy_app,https://namu.wiki/w/%EC%88%98%EB%8F%84%EA%B6%8C%20%EC%A0%84%EC%B2%A0%20%ED%99%98%EC%8A%B9%20%EC%A0%95%EB%B3%B4/%EC%88%98%EB%8F%84%EA%B6%8C%20%EC%A0%84%EC%B2%A0%205%ED%98%B8%EC%84%A0,https://namu.wiki/w/%EC%88%98%EB%8F%84%EA%B6%8C%20%EC%A0%84%EC%B2%A0%20%ED%99%98%EC%8A%B9%20%EC%A0%95%EB%B3%B4/%EC%88%98%EB%8F%84%EA%B6%8C%20%EC%A0%84%EC%B2%A0%205%ED%98%B8%EC%84%A0,,176,176
current_app,종로3가,5호선,을지로4가,3호선,을지로3가,1-1,,verified_legacy,legacy_app,https://namu.wiki/w/%EC%88%98%EB%8F%84%EA%B6%8C%20%EC%A0%84%EC%B2%A0%20%ED%99%98%EC%8A%B9%20%EC%A0%95%EB%B3%B4/%EC%88%98%EB%8F%84%EA%B6%8C%20%EC%A0%84%EC%B2%A0%205%ED%98%B8%EC%84%A0,https://namu.wiki/w/%EC%88%98%EB%8F%84%EA%B6%8C%20%EC%A0%84%EC%B2%A0%20%ED%99%98%EC%8A%B9%20%EC%A0%95%EB%B3%B4/%EC%88%98%EB%8F%84%EA%B6%8C%20%EC%A0%84%EC%B2%A0%205%ED%98%B8%EC%84%A0,,176,176
current_app,종합운동장,2호선,삼성,9호선,,3-1,,verified_legacy,legacy_app,https://namu.wiki/w/%EC%88%98%EB%8F%84%EA%B6%8C%20%EC%A0%84%EC%B2%A0%20%ED%99%98%EC%8A%B9%20%EC%A0%95%EB%B3%B4/%EC%84%9C%EC%9A%B8%20%EC%A7%80%ED%95%98%EC%B2%A0%202%ED%98%B8%EC%84%A0,https://namu.wiki/w/%EC%88%98%EB%8F%84%EA%B6%8C%20%EC%A0%84%EC%B2%A0%20%ED%99%98%EC%8A%B9%20%EC%A0%95%EB%B3%B4/%EC%84%9C%EC%9A%B8%20%EC%A7%80%ED%95%98%EC%B2%A0%202%ED%98%B8%EC%84%A0,,78,
current_app,종합운동장,2호선,잠실새내,9호선,,9-1,,verified_legacy,legacy_app,https://namu.wiki/w/%EC%88%98%EB%8F%84%EA%B6%8C%20%EC%A0%84%EC%B2%A0%20%ED%99%98%EC%8A%B9%20%EC%A0%95%EB%B3%B4/%EC%84%9C%EC%9A%B8%20%EC%A7%80%ED%95%98%EC%B2%A0%202%ED%98%B8%EC%84%A0,https://namu.wiki/w/%EC%88%98%EB%8F%84%EA%B6%8C%20%EC%A0%84%EC%B2%A0%20%ED%99%98%EC%8A%B9%20%EC%A0%95%EB%B3%B4/%EC%84%9C%EC%9A%B8%20%EC%A7%80%ED%95%98%EC%B2%A0%202%ED%98%B8%EC%84%A0,,78,
current_app,종합운동장,9호선,봉은사,2호선,,4-1,,verified_legacy,legacy_app,https://namu.wiki/w/%EC%88%98%EB%8F%84%EA%B6%8C%20%EC%A0%84%EC%B2%A0%20%ED%99%98%EC%8A%B9%20%EC%A0%95%EB%B3%B4/%EC%84%9C%EC%9A%B8%20%EC%A7%80%ED%95%98%EC%B2%A0%209%ED%98%B8%EC%84%A0,https://namu.wiki/w/%EC%88%98%EB%8F%84%EA%B6%8C%20%EC%A0%84%EC%B2%A0%20%ED%99%98%EC%8A%B9%20%EC%A0%95%EB%B3%B4/%EC%84%9C%EC%9A%B8%20%EC%A7%80%ED%95%98%EC%B2%A0%209%ED%98%B8%EC%84%A0,,300,300
current_app,종합운동장,9호선,삼전,2호선,,6-1,,verified_legacy,legacy_app,https://namu.wiki/w/%EC%88%98%EB%8F%84%EA%B6%8C%20%EC%A0%84%EC%B2%A0%20%ED%99%98%EC%8A%B9%20%EC%A0%95%EB%B3%B4/%EC%84%9C%EC%9A%B8%20%EC%A7%80%ED%95%98%EC%B2%A0%209%ED%98%B8%EC%84%A0,https://namu.wiki/w/%EC%88%98%EB%8F%84%EA%B6%8C%20%EC%A0%84%EC%B2%A0%20%ED%99%98%EC%8A%B9%20%EC%A0%95%EB%B3%B4/%EC%84%9C%EC%9A%B8%20%EC%A7%80%ED%95%98%EC%B2%A0%209%ED%98%B8%EC%84%A0,,300,300
current_app,중랑,경의중앙선,,경춘선,,모든 문,,verified_legacy,legacy_app,https://namu.wiki/w/%EC%88%98%EB%8F%84%EA%B6%8C%20%EC%A0%84%EC%B2%A0%20%ED%99%98%EC%8A%B9%20%EC%A0%95%EB%B3%B4/%EC%88%98%EB%8F%84%EA%B6%8C%20%EC%A0%84%EC%B2%A0%20%EA%B2%BD%EC%9D%98%C2%B7%EC%A4%91%EC%95%99%EC%84%A0,https://namu.wiki/w/%EC%88%98%EB%8F%84%EA%B6%8C%20%EC%A0%84%EC%B2%A0%20%ED%99%98%EC%8A%B9%20%EC%A0%95%EB%B3%B4/%EC%88%98%EB%8F%84%EA%B6%8C%20%EC%A0%84%EC%B2%A0%20%EA%B2%BD%EC%9D%98%C2%B7%EC%A4%91%EC%95%99%EC%84%A0,,0,0
current_app,중랑,경춘선,,경의중앙선,,모든 문,,verified_legacy,legacy_app,https://namu.wiki/w/%EC%88%98%EB%8F%84%EA%B6%8C%20%EC%A0%84%EC%B2%A0%20%ED%99%98%EC%8A%B9%20%EC%A0%95%EB%B3%B4,https://namu.wiki/w/%EC%88%98%EB%8F%84%EA%B6%8C%20%EC%A0%84%EC%B2%A0%20%ED%99%98%EC%8A%B9%20%EC%A0%95%EB%B3%B4,,0,0
current_app,중앙,4호선,고잔,수인분당선,고잔,5-2,,verified_legacy,legacy_app,https://namu.wiki/w/%EC%88%98%EB%8F%84%EA%B6%8C%20%EC%A0%84%EC%B2%A0%20%ED%99%98%EC%8A%B9%20%EC%A0%95%EB%B3%B4/%EC%88%98%EB%8F%84%EA%B6%8C%20%EC%A0%84%EC%B2%A0%204%ED%98%B8%EC%84%A0,https://namu.wiki/w/%EC%88%98%EB%8F%84%EA%B6%8C%20%EC%A0%84%EC%B2%A0%20%ED%99%98%EC%8A%B9%20%EC%A0%95%EB%B3%B4/%EC%88%98%EB%8F%84%EA%B6%8C%20%EC%A0%84%EC%B2%A0%204%ED%98%B8%EC%84%A0,,420,420
current_app,중앙,4호선,고잔,수인분당선,한대앞,5-2,,verified_legacy,legacy_app,https://namu.wiki/w/%EC%88%98%EB%8F%84%EA%B6%8C%20%EC%A0%84%EC%B2%A0%20%ED%99%98%EC%8A%B9%20%EC%A0%95%EB%B3%B4/%EC%88%98%EB%8F%84%EA%B6%8C%20%EC%A0%84%EC%B2%A0%204%ED%98%B8%EC%84%A0,https://namu.wiki/w/%EC%88%98%EB%8F%84%EA%B6%8C%20%EC%A0%84%EC%B2%A0%20%ED%99%98%EC%8A%B9%20%EC%A0%95%EB%B3%B4/%EC%88%98%EB%8F%84%EA%B6%8C%20%EC%A0%84%EC%B2%A0%204%ED%98%B8%EC%84%A0,,420,420
current_app,중앙,4호선,한대앞,수인분당선,고잔,5-2,,verified_legacy,legacy_app,https://namu.wiki/w/%EC%88%98%EB%8F%84%EA%B6%8C%20%EC%A0%84%EC%B2%A0%20%ED%99%98%EC%8A%B9%20%EC%A0%95%EB%B3%B4/%EC%88%98%EB%8F%84%EA%B6%8C%20%EC%A0%84%EC%B2%A0%204%ED%98%B8%EC%84%A0,https://namu.wiki/w/%EC%88%98%EB%8F%84%EA%B6%8C%20%EC%A0%84%EC%B2%A0%20%ED%99%98%EC%8A%B9%20%EC%A0%95%EB%B3%B4/%EC%88%98%EB%8F%84%EA%B6%8C%20%EC%A0%84%EC%B2%A0%204%ED%98%B8%EC%84%A0,,420,420
current_app,중앙,4호선,한대앞,수인분당선,한대앞,5-2,,verified_legacy,legacy_app,https://namu.wiki/w/%EC%88%98%EB%8F%84%EA%B6%8C%20%EC%A0%84%EC%B2%A0%20%ED%99%98%EC%8A%B9%20%EC%A0%95%EB%B3%B4/%EC%88%98%EB%8F%84%EA%B6%8C%20%EC%A0%84%EC%B2%A0%204%ED%98%B8%EC%84%A0,https://namu.wiki/w/%EC%88%98%EB%8F%84%EA%B6%8C%20%EC%A0%84%EC%B2%A0%20%ED%99%98%EC%8A%B9%20%EC%A0%95%EB%B3%B4/%EC%88%98%EB%8F%84%EA%B6%8C%20%EC%A0%84%EC%B2%A0%204%ED%98%B8%EC%84%A0,,420,420
current_app,중앙,수인분당선,고잔,4호선,고잔,5-2,,verified_legacy,legacy_app,https://namu.wiki/w/%EC%88%98%EB%8F%84%EA%B6%8C%20%EC%A0%84%EC%B2%A0%20%ED%99%98%EC%8A%B9%20%EC%A0%95%EB%B3%B4/%EC%88%98%EB%8F%84%EA%B6%8C%20%EC%A0%84%EC%B2%A0%20%EC%88%98%EC%9D%B8%C2%B7%EB%B6%84%EB%8B%B9%EC%84%A0,https://namu.wiki/w/%EC%88%98%EB%8F%84%EA%B6%8C%20%EC%A0%84%EC%B2%A0%20%ED%99%98%EC%8A%B9%20%EC%A0%95%EB%B3%B4/%EC%88%98%EB%8F%84%EA%B6%8C%20%EC%A0%84%EC%B2%A0%20%EC%88%98%EC%9D%B8%C2%B7%EB%B6%84%EB%8B%B9%EC%84%A0,,420,420
current_app,중앙,수인분당선,고잔,4호선,한대앞,5-2,,verified_legacy,legacy_app,https://namu.wiki/w/%EC%88%98%EB%8F%84%EA%B6%8C%20%EC%A0%84%EC%B2%A0%20%ED%99%98%EC%8A%B9%20%EC%A0%95%EB%B3%B4/%EC%88%98%EB%8F%84%EA%B6%8C%20%EC%A0%84%EC%B2%A0%20%EC%88%98%EC%9D%B8%C2%B7%EB%B6%84%EB%8B%B9%EC%84%A0,https://namu.wiki/w/%EC%88%98%EB%8F%84%EA%B6%8C%20%EC%A0%84%EC%B2%A0%20%ED%99%98%EC%8A%B9%20%EC%A0%95%EB%B3%B4/%EC%88%98%EB%8F%84%EA%B6%8C%20%EC%A0%84%EC%B2%A0%20%EC%88%98%EC%9D%B8%C2%B7%EB%B6%84%EB%8B%B9%EC%84%A0,,420,420
current_app,중앙,수인분당선,한대앞,4호선,고잔,5-2,,verified_legacy,legacy_app,https://namu.wiki/w/%EC%88%98%EB%8F%84%EA%B6%8C%20%EC%A0%84%EC%B2%A0%20%ED%99%98%EC%8A%B9%20%EC%A0%95%EB%B3%B4/%EC%88%98%EB%8F%84%EA%B6%8C%20%EC%A0%84%EC%B2%A0%20%EC%88%98%EC%9D%B8%C2%B7%EB%B6%84%EB%8B%B9%EC%84%A0,https://namu.wiki/w/%EC%88%98%EB%8F%84%EA%B6%8C%20%EC%A0%84%EC%B2%A0%20%ED%99%98%EC%8A%B9%20%EC%A0%95%EB%B3%B4/%EC%88%98%EB%8F%84%EA%B6%8C%20%EC%A0%84%EC%B2%A0%20%EC%88%98%EC%9D%B8%C2%B7%EB%B6%84%EB%8B%B9%EC%84%A0,,420,420
current_app,중앙,수인분당선,한대앞,4호선,한대앞,5-2,,verified_legacy,legacy_app,https://namu.wiki/w/%EC%88%98%EB%8F%84%EA%B6%8C%20%EC%A0%84%EC%B2%A0%20%ED%99%98%EC%8A%B9%20%EC%A0%95%EB%B3%B4/%EC%88%98%EB%8F%84%EA%B6%8C%20%EC%A0%84%EC%B2%A0%20%EC%88%98%EC%9D%B8%C2%B7%EB%B6%84%EB%8B%B9%EC%84%A0,https://namu.wiki/w/%EC%88%98%EB%8F%84%EA%B6%8C%20%EC%A0%84%EC%B2%A0%20%ED%99%98%EC%8A%B9%20%EC%A0%95%EB%B3%B4/%EC%88%98%EB%8F%84%EA%B6%8C%20%EC%A0%84%EC%B2%A0%20%EC%88%98%EC%9D%B8%C2%B7%EB%B6%84%EB%8B%B9%EC%84%A0,,420,420
current_app,창동,1호선,녹천,4호선,노원,7-1,,verified_legacy,legacy_app,https://namu.wiki/w/%EC%88%98%EB%8F%84%EA%B6%8C%20%EC%A0%84%EC%B2%A0%20%ED%99%98%EC%8A%B9%20%EC%A0%95%EB%B3%B4/%EC%88%98%EB%8F%84%EA%B6%8C%20%EC%A0%84%EC%B2%A0%201%ED%98%B8%EC%84%A0,https://namu.wiki/w/%EC%88%98%EB%8F%84%EA%B6%8C%20%EC%A0%84%EC%B2%A0%20%ED%99%98%EC%8A%B9%20%EC%A0%95%EB%B3%B4/%EC%88%98%EB%8F%84%EA%B6%8C%20%EC%A0%84%EC%B2%A0%201%ED%98%B8%EC%84%A0,,133,133
current_app,창동,1호선,녹천,4호선,쌍문,7-1,,verified_legacy,legacy_app,https://namu.wiki/w/%EC%88%98%EB%8F%84%EA%B6%8C%20%EC%A0%84%EC%B2%A0%20%ED%99%98%EC%8A%B9%20%EC%A0%95%EB%B3%B4/%EC%88%98%EB%8F%84%EA%B6%8C%20%EC%A0%84%EC%B2%A0%201%ED%98%B8%EC%84%A0,https://namu.wiki/w/%EC%88%98%EB%8F%84%EA%B6%8C%20%EC%A0%84%EC%B2%A0%20%ED%99%98%EC%8A%B9%20%EC%A0%95%EB%B3%B4/%EC%88%98%EB%8F%84%EA%B6%8C%20%EC%A0%84%EC%B2%A0%201%ED%98%B8%EC%84%A0,,133,133
current_app,창동,1호선,방학,4호선,노원,8-3,,verified_legacy,legacy_app,https://namu.wiki/w/%EC%88%98%EB%8F%84%EA%B6%8C%20%EC%A0%84%EC%B2%A0%20%ED%99%98%EC%8A%B9%20%EC%A0%95%EB%B3%B4/%EC%88%98%EB%8F%84%EA%B6%8C%20%EC%A0%84%EC%B2%A0%201%ED%98%B8%EC%84%A0,https://namu.wiki/w/%EC%88%98%EB%8F%84%EA%B6%8C%20%EC%A0%84%EC%B2%A0%20%ED%99%98%EC%8A%B9%20%EC%A0%95%EB%B3%B4/%EC%88%98%EB%8F%84%EA%B6%8C%20%EC%A0%84%EC%B2%A0%201%ED%98%B8%EC%84%A0,,133,133
current_app,창동,1호선,방학,4호선,쌍문,8-3,,verified_legacy,legacy_app,https://namu.wiki/w/%EC%88%98%EB%8F%84%EA%B6%8C%20%EC%A0%84%EC%B2%A0%20%ED%99%98%EC%8A%B9%20%EC%A0%95%EB%B3%B4/%EC%88%98%EB%8F%84%EA%B6%8C%20%EC%A0%84%EC%B2%A0%201%ED%98%B8%EC%84%A0,https://namu.wiki/w/%EC%88%98%EB%8F%84%EA%B6%8C%20%EC%A0%84%EC%B2%A0%20%ED%99%98%EC%8A%B9%20%EC%A0%95%EB%B3%B4/%EC%88%98%EB%8F%84%EA%B6%8C%20%EC%A0%84%EC%B2%A0%201%ED%98%B8%EC%84%A0,,133,133
current_app,창동,4호선,노원,1호선,녹천,7-3,,verified_legacy,legacy_app,https://namu.wiki/w/%EC%88%98%EB%8F%84%EA%B6%8C%20%EC%A0%84%EC%B2%A0%20%ED%99%98%EC%8A%B9%20%EC%A0%95%EB%B3%B4/%EC%88%98%EB%8F%84%EA%B6%8C%20%EC%A0%84%EC%B2%A0%204%ED%98%B8%EC%84%A0,https://namu.wiki/w/%EC%88%98%EB%8F%84%EA%B6%8C%20%EC%A0%84%EC%B2%A0%20%ED%99%98%EC%8A%B9%20%EC%A0%95%EB%B3%B4/%EC%88%98%EB%8F%84%EA%B6%8C%20%EC%A0%84%EC%B2%A0%204%ED%98%B8%EC%84%A0,,133,133
current_app,창동,4호선,노원,1호선,방학,7-3,,verified_legacy,legacy_app,https://namu.wiki/w/%EC%88%98%EB%8F%84%EA%B6%8C%20%EC%A0%84%EC%B2%A0%20%ED%99%98%EC%8A%B9%20%EC%A0%95%EB%B3%B4/%EC%88%98%EB%8F%84%EA%B6%8C%20%EC%A0%84%EC%B2%A0%204%ED%98%B8%EC%84%A0,https://namu.wiki/w/%EC%88%98%EB%8F%84%EA%B6%8C%20%EC%A0%84%EC%B2%A0%20%ED%99%98%EC%8A%B9%20%EC%A0%95%EB%B3%B4/%EC%88%98%EB%8F%84%EA%B6%8C%20%EC%A0%84%EC%B2%A0%204%ED%98%B8%EC%84%A0,,133,133
current_app,창동,4호선,쌍문,1호선,녹천,4-2,,verified_legacy,legacy_app,https://namu.wiki/w/%EC%88%98%EB%8F%84%EA%B6%8C%20%EC%A0%84%EC%B2%A0%20%ED%99%98%EC%8A%B9%20%EC%A0%95%EB%B3%B4/%EC%88%98%EB%8F%84%EA%B6%8C%20%EC%A0%84%EC%B2%A0%204%ED%98%B8%EC%84%A0,https://namu.wiki/w/%EC%88%98%EB%8F%84%EA%B6%8C%20%EC%A0%84%EC%B2%A0%20%ED%99%98%EC%8A%B9%20%EC%A0%95%EB%B3%B4/%EC%88%98%EB%8F%84%EA%B6%8C%20%EC%A0%84%EC%B2%A0%204%ED%98%B8%EC%84%A0,,133,133
current_app,창동,4호선,쌍문,1호선,방학,4-2,,verified_legacy,legacy_app,https://namu.wiki/w/%EC%88%98%EB%8F%84%EA%B6%8C%20%EC%A0%84%EC%B2%A0%20%ED%99%98%EC%8A%B9%20%EC%A0%95%EB%B3%B4/%EC%88%98%EB%8F%84%EA%B6%8C%20%EC%A0%84%EC%B2%A0%204%ED%98%B8%EC%84%A0,https://namu.wiki/w/%EC%88%98%EB%8F%84%EA%B6%8C%20%EC%A0%84%EC%B2%A0%20%ED%99%98%EC%8A%B9%20%EC%A0%95%EB%B3%B4/%EC%88%98%EB%8F%84%EA%B6%8C%20%EC%A0%84%EC%B2%A0%204%ED%98%B8%EC%84%A0,,133,133
current_app,천호,5호선,강동,8호선,강동구청,8-2,,verified_legacy,legacy_app,https://namu.wiki/w/%EC%88%98%EB%8F%84%EA%B6%8C%20%EC%A0%84%EC%B2%A0%20%ED%99%98%EC%8A%B9%20%EC%A0%95%EB%B3%B4/%EC%88%98%EB%8F%84%EA%B6%8C%20%EC%A0%84%EC%B2%A0%205%ED%98%B8%EC%84%A0,https://namu.wiki/w/%EC%88%98%EB%8F%84%EA%B6%8C%20%EC%A0%84%EC%B2%A0%20%ED%99%98%EC%8A%B9%20%EC%A0%95%EB%B3%B4/%EC%88%98%EB%8F%84%EA%B6%8C%20%EC%A0%84%EC%B2%A0%205%ED%98%B8%EC%84%A0,,119,119
current_app,천호,5호선,강동,8호선,암사,8-2,,verified_legacy,legacy_app,https://namu.wiki/w/%EC%88%98%EB%8F%84%EA%B6%8C%20%EC%A0%84%EC%B2%A0%20%ED%99%98%EC%8A%B9%20%EC%A0%95%EB%B3%B4/%EC%88%98%EB%8F%84%EA%B6%8C%20%EC%A0%84%EC%B2%A0%205%ED%98%B8%EC%84%A0,https://namu.wiki/w/%EC%88%98%EB%8F%84%EA%B6%8C%20%EC%A0%84%EC%B2%A0%20%ED%99%98%EC%8A%B9%20%EC%A0%95%EB%B3%B4/%EC%88%98%EB%8F%84%EA%B6%8C%20%EC%A0%84%EC%B2%A0%205%ED%98%B8%EC%84%A0,,119,119
current_app,천호,5호선,광나루,8호선,강동구청,1-2,,verified_legacy,legacy_app,https://namu.wiki/w/%EC%88%98%EB%8F%84%EA%B6%8C%20%EC%A0%84%EC%B2%A0%20%ED%99%98%EC%8A%B9%20%EC%A0%95%EB%B3%B4/%EC%88%98%EB%8F%84%EA%B6%8C%20%EC%A0%84%EC%B2%A0%205%ED%98%B8%EC%84%A0,https://namu.wiki/w/%EC%88%98%EB%8F%84%EA%B6%8C%20%EC%A0%84%EC%B2%A0%20%ED%99%98%EC%8A%B9%20%EC%A0%95%EB%B3%B4/%EC%88%98%EB%8F%84%EA%B6%8C%20%EC%A0%84%EC%B2%A0%205%ED%98%B8%EC%84%A0,,119,119
current_app,천호,5호선,광나루,8호선,암사,1-2,,verified_legacy,legacy_app,https://namu.wiki/w/%EC%88%98%EB%8F%84%EA%B6%8C%20%EC%A0%84%EC%B2%A0%20%ED%99%98%EC%8A%B9%20%EC%A0%95%EB%B3%B4/%EC%88%98%EB%8F%84%EA%B6%8C%20%EC%A0%84%EC%B2%A0%205%ED%98%B8%EC%84%A0,https://namu.wiki/w/%EC%88%98%EB%8F%84%EA%B6%8C%20%EC%A0%84%EC%B2%A0%20%ED%99%98%EC%8A%B9%20%EC%A0%95%EB%B3%B4/%EC%88%98%EB%8F%84%EA%B6%8C%20%EC%A0%84%EC%B2%A0%205%ED%98%B8%EC%84%A0,,119,119
current_app,천호,8호선,강동구청,5호선,강동,5-4,,verified_legacy,legacy_app,https://namu.wiki/w/%EC%88%98%EB%8F%84%EA%B6%8C%20%EC%A0%84%EC%B2%A0%20%ED%99%98%EC%8A%B9%20%EC%A0%95%EB%B3%B4,https://namu.wiki/w/%EC%88%98%EB%8F%84%EA%B6%8C%20%EC%A0%84%EC%B2%A0%20%ED%99%98%EC%8A%B9%20%EC%A0%95%EB%B3%B4,,119,119
current_app,천호,8호선,강동구청,5호선,광나루,5-4,,verified_legacy,legacy_app,https://namu.wiki/w/%EC%88%98%EB%8F%84%EA%B6%8C%20%EC%A0%84%EC%B2%A0%20%ED%99%98%EC%8A%B9%20%EC%A0%95%EB%B3%B4,https://namu.wiki/w/%EC%88%98%EB%8F%84%EA%B6%8C%20%EC%A0%84%EC%B2%A0%20%ED%99%98%EC%8A%B9%20%EC%A0%95%EB%B3%B4,,119,119
current_app,천호,8호선,암사,5호선,강동,2-1,,verified_legacy,legacy_app,https://namu.wiki/w/%EC%88%98%EB%8F%84%EA%B6%8C%20%EC%A0%84%EC%B2%A0%20%ED%99%98%EC%8A%B9%20%EC%A0%95%EB%B3%B4,https://namu.wiki/w/%EC%88%98%EB%8F%84%EA%B6%8C%20%EC%A0%84%EC%B2%A0%20%ED%99%98%EC%8A%B9%20%EC%A0%95%EB%B3%B4,,119,119
current_app,천호,8호선,암사,5호선,광나루,2-1,,verified_legacy,legacy_app,https://namu.wiki/w/%EC%88%98%EB%8F%84%EA%B6%8C%20%EC%A0%84%EC%B2%A0%20%ED%99%98%EC%8A%B9%20%EC%A0%95%EB%B3%B4,https://namu.wiki/w/%EC%88%98%EB%8F%84%EA%B6%8C%20%EC%A0%84%EC%B2%A0%20%ED%99%98%EC%8A%B9%20%EC%A0%95%EB%B3%B4,,119,119
current_app,청구,5호선,동대문역사문화공원,6호선,신당,2-4,,verified_legacy,legacy_app,https://namu.wiki/w/%EC%88%98%EB%8F%84%EA%B6%8C%20%EC%A0%84%EC%B2%A0%20%ED%99%98%EC%8A%B9%20%EC%A0%95%EB%B3%B4/%EC%88%98%EB%8F%84%EA%B6%8C%20%EC%A0%84%EC%B2%A0%205%ED%98%B8%EC%84%A0,https://namu.wiki/w/%EC%88%98%EB%8F%84%EA%B6%8C%20%EC%A0%84%EC%B2%A0%20%ED%99%98%EC%8A%B9%20%EC%A0%95%EB%B3%B4/%EC%88%98%EB%8F%84%EA%B6%8C%20%EC%A0%84%EC%B2%A0%205%ED%98%B8%EC%84%A0,,77,77
current_app,청구,5호선,동대문역사문화공원,6호선,약수,2-4,,verified_legacy,legacy_app,https://namu.wiki/w/%EC%88%98%EB%8F%84%EA%B6%8C%20%EC%A0%84%EC%B2%A0%20%ED%99%98%EC%8A%B9%20%EC%A0%95%EB%B3%B4/%EC%88%98%EB%8F%84%EA%B6%8C%20%EC%A0%84%EC%B2%A0%205%ED%98%B8%EC%84%A0,https://namu.wiki/w/%EC%88%98%EB%8F%84%EA%B6%8C%20%EC%A0%84%EC%B2%A0%20%ED%99%98%EC%8A%B9%20%EC%A0%95%EB%B3%B4/%EC%88%98%EB%8F%84%EA%B6%8C%20%EC%A0%84%EC%B2%A0%205%ED%98%B8%EC%84%A0,,77,77
current_app,청구,5호선,신금호,6호선,신당,4-3,,verified_legacy,legacy_app,https://namu.wiki/w/%EC%88%98%EB%8F%84%EA%B6%8C%20%EC%A0%84%EC%B2%A0%20%ED%99%98%EC%8A%B9%20%EC%A0%95%EB%B3%B4/%EC%88%98%EB%8F%84%EA%B6%8C%20%EC%A0%84%EC%B2%A0%205%ED%98%B8%EC%84%A0,https://namu.wiki/w/%EC%88%98%EB%8F%84%EA%B6%8C%20%EC%A0%84%EC%B2%A0%20%ED%99%98%EC%8A%B9%20%EC%A0%95%EB%B3%B4/%EC%88%98%EB%8F%84%EA%B6%8C%20%EC%A0%84%EC%B2%A0%205%ED%98%B8%EC%84%A0,,77,77
current_app,청구,5호선,신금호,6호선,약수,4-3,,verified_legacy,legacy_app,https://namu.wiki/w/%EC%88%98%EB%8F%84%EA%B6%8C%20%EC%A0%84%EC%B2%A0%20%ED%99%98%EC%8A%B9%20%EC%A0%95%EB%B3%B4/%EC%88%98%EB%8F%84%EA%B6%8C%20%EC%A0%84%EC%B2%A0%205%ED%98%B8%EC%84%A0,https://namu.wiki/w/%EC%88%98%EB%8F%84%EA%B6%8C%20%EC%A0%84%EC%B2%A0%20%ED%99%98%EC%8A%B9%20%EC%A0%95%EB%B3%B4/%EC%88%98%EB%8F%84%EA%B6%8C%20%EC%A0%84%EC%B2%A0%205%ED%98%B8%EC%84%A0,,77,77
current_app,청구,6호선,신당,5호선,동대문역사문화공원,6-2,,verified_legacy,legacy_app,https://namu.wiki/w/%EC%88%98%EB%8F%84%EA%B6%8C%20%EC%A0%84%EC%B2%A0%20%ED%99%98%EC%8A%B9%20%EC%A0%95%EB%B3%B4/%EC%84%9C%EC%9A%B8%20%EC%A7%80%ED%95%98%EC%B2%A0%206%ED%98%B8%EC%84%A0,https://namu.wiki/w/%EC%88%98%EB%8F%84%EA%B6%8C%20%EC%A0%84%EC%B2%A0%20%ED%99%98%EC%8A%B9%20%EC%A0%95%EB%B3%B4/%EC%84%9C%EC%9A%B8%20%EC%A7%80%ED%95%98%EC%B2%A0%206%ED%98%B8%EC%84%A0,,77,77
current_app,청구,6호선,신당,5호선,신금호,6-2,,verified_legacy,legacy_app,https://namu.wiki/w/%EC%88%98%EB%8F%84%EA%B6%8C%20%EC%A0%84%EC%B2%A0%20%ED%99%98%EC%8A%B9%20%EC%A0%95%EB%B3%B4/%EC%84%9C%EC%9A%B8%20%EC%A7%80%ED%95%98%EC%B2%A0%206%ED%98%B8%EC%84%A0,https://namu.wiki/w/%EC%88%98%EB%8F%84%EA%B6%8C%20%EC%A0%84%EC%B2%A0%20%ED%99%98%EC%8A%B9%20%EC%A0%95%EB%B3%B4/%EC%84%9C%EC%9A%B8%20%EC%A7%80%ED%95%98%EC%B2%A0%206%ED%98%B8%EC%84%A0,,77,77
current_app,청구,6호선,약수,5호선,동대문역사문화공원,6-2,,verified_legacy,legacy_app,https://namu.wiki/w/%EC%88%98%EB%8F%84%EA%B6%8C%20%EC%A0%84%EC%B2%A0%20%ED%99%98%EC%8A%B9%20%EC%A0%95%EB%B3%B4/%EC%84%9C%EC%9A%B8%20%EC%A7%80%ED%95%98%EC%B2%A0%206%ED%98%B8%EC%84%A0,https://namu.wiki/w/%EC%88%98%EB%8F%84%EA%B6%8C%20%EC%A0%84%EC%B2%A0%20%ED%99%98%EC%8A%B9%20%EC%A0%95%EB%B3%B4/%EC%84%9C%EC%9A%B8%20%EC%A7%80%ED%95%98%EC%B2%A0%206%ED%98%B8%EC%84%A0,,77,77
current_app,청구,6호선,약수,5호선,신금호,6-2,,verified_legacy,legacy_app,https://namu.wiki/w/%EC%88%98%EB%8F%84%EA%B6%8C%20%EC%A0%84%EC%B2%A0%20%ED%99%98%EC%8A%B9%20%EC%A0%95%EB%B3%B4/%EC%84%9C%EC%9A%B8%20%EC%A7%80%ED%95%98%EC%B2%A0%206%ED%98%B8%EC%84%A0,https://namu.wiki/w/%EC%88%98%EB%8F%84%EA%B6%8C%20%EC%A0%84%EC%B2%A0%20%ED%99%98%EC%8A%B9%20%EC%A0%95%EB%B3%B4/%EC%84%9C%EC%9A%B8%20%EC%A7%80%ED%95%98%EC%B2%A0%206%ED%98%B8%EC%84%A0,,77,77
current_app,청량리,1호선,제기동,경의중앙선,왕십리,10-4,,verified_legacy,legacy_app,https://namu.wiki/w/%EC%88%98%EB%8F%84%EA%B6%8C%20%EC%A0%84%EC%B2%A0%20%ED%99%98%EC%8A%B9%20%EC%A0%95%EB%B3%B4/%EC%88%98%EB%8F%84%EA%B6%8C%20%EC%A0%84%EC%B2%A0%201%ED%98%B8%EC%84%A0,https://namu.wiki/w/%EC%88%98%EB%8F%84%EA%B6%8C%20%EC%A0%84%EC%B2%A0%20%ED%99%98%EC%8A%B9%20%EC%A0%95%EB%B3%B4/%EC%88%98%EB%8F%84%EA%B6%8C%20%EC%A0%84%EC%B2%A0%201%ED%98%B8%EC%84%A0,,180,180
current_app,청량리,1호선,제기동,경의중앙선,회기,10-4,,verified_legacy,legacy_app,https://namu.wiki/w/%EC%88%98%EB%8F%84%EA%B6%8C%20%EC%A0%84%EC%B2%A0%20%ED%99%98%EC%8A%B9%20%EC%A0%95%EB%B3%B4/%EC%88%98%EB%8F%84%EA%B6%8C%20%EC%A0%84%EC%B2%A0%201%ED%98%B8%EC%84%A0,https://namu.wiki/w/%EC%88%98%EB%8F%84%EA%B6%8C%20%EC%A0%84%EC%B2%A0%20%ED%99%98%EC%8A%B9%20%EC%A0%95%EB%B3%B4/%EC%88%98%EB%8F%84%EA%B6%8C%20%EC%A0%84%EC%B2%A0%201%ED%98%B8%EC%84%A0,,180,180
current_app,청량리,1호선,제기동,경춘선,,10-4,,verified_legacy,legacy_app,https://namu.wiki/w/%EC%88%98%EB%8F%84%EA%B6%8C%20%EC%A0%84%EC%B2%A0%20%ED%99%98%EC%8A%B9%20%EC%A0%95%EB%B3%B4/%EC%88%98%EB%8F%84%EA%B6%8C%20%EC%A0%84%EC%B2%A0%201%ED%98%B8%EC%84%A0,https://namu.wiki/w/%EC%88%98%EB%8F%84%EA%B6%8C%20%EC%A0%84%EC%B2%A0%20%ED%99%98%EC%8A%B9%20%EC%A0%95%EB%B3%B4/%EC%88%98%EB%8F%84%EA%B6%8C%20%EC%A0%84%EC%B2%A0%201%ED%98%B8%EC%84%A0,,240,240
current_app,청량리,1호선,제기동,수인분당선,,10-4,,verified_legacy,legacy_app,https://namu.wiki/w/%EC%88%98%EB%8F%84%EA%B6%8C%20%EC%A0%84%EC%B2%A0%20%ED%99%98%EC%8A%B9%20%EC%A0%95%EB%B3%B4/%EC%88%98%EB%8F%84%EA%B6%8C%20%EC%A0%84%EC%B2%A0%201%ED%98%B8%EC%84%A0,https://namu.wiki/w/%EC%88%98%EB%8F%84%EA%B6%8C%20%EC%A0%84%EC%B2%A0%20%ED%99%98%EC%8A%B9%20%EC%A0%95%EB%B3%B4/%EC%88%98%EB%8F%84%EA%B6%8C%20%EC%A0%84%EC%B2%A0%201%ED%98%B8%EC%84%A0,,150,
current_app,청량리,1호선,회기,경의중앙선,왕십리,1-1,,verified_legacy,legacy_app,https://namu.wiki/w/%EC%88%98%EB%8F%84%EA%B6%8C%20%EC%A0%84%EC%B2%A0%20%ED%99%98%EC%8A%B9%20%EC%A0%95%EB%B3%B4/%EC%88%98%EB%8F%84%EA%B6%8C%20%EC%A0%84%EC%B2%A0%201%ED%98%B8%EC%84%A0,https://namu.wiki/w/%EC%88%98%EB%8F%84%EA%B6%8C%20%EC%A0%84%EC%B2%A0%20%ED%99%98%EC%8A%B9%20%EC%A0%95%EB%B3%B4/%EC%88%98%EB%8F%84%EA%B6%8C%20%EC%A0%84%EC%B2%A0%201%ED%98%B8%EC%84%A0,,180,180
current_app,청량리,1호선,회기,경의중앙선,회기,1-1,,verified_legacy,legacy_app,https://namu.wiki/w/%EC%88%98%EB%8F%84%EA%B6%8C%20%EC%A0%84%EC%B2%A0%20%ED%99%98%EC%8A%B9%20%EC%A0%95%EB%B3%B4/%EC%88%98%EB%8F%84%EA%B6%8C%20%EC%A0%84%EC%B2%A0%201%ED%98%B8%EC%84%A0,https://namu.wiki/w/%EC%88%98%EB%8F%84%EA%B6%8C%20%EC%A0%84%EC%B2%A0%20%ED%99%98%EC%8A%B9%20%EC%A0%95%EB%B3%B4/%EC%88%98%EB%8F%84%EA%B6%8C%20%EC%A0%84%EC%B2%A0%201%ED%98%B8%EC%84%A0,,180,180
current_app,청량리,1호선,회기,경춘선,,1-1,,verified_legacy,legacy_app,https://namu.wiki/w/%EC%88%98%EB%8F%84%EA%B6%8C%20%EC%A0%84%EC%B2%A0%20%ED%99%98%EC%8A%B9%20%EC%A0%95%EB%B3%B4/%EC%88%98%EB%8F%84%EA%B6%8C%20%EC%A0%84%EC%B2%A0%201%ED%98%B8%EC%84%A0,https://namu.wiki/w/%EC%88%98%EB%8F%84%EA%B6%8C%20%EC%A0%84%EC%B2%A0%20%ED%99%98%EC%8A%B9%20%EC%A0%95%EB%B3%B4/%EC%88%98%EB%8F%84%EA%B6%8C%20%EC%A0%84%EC%B2%A0%201%ED%98%B8%EC%84%A0,,240,240
current_app,청량리,1호선,회기,수인분당선,,1-1,,verified_legacy,legacy_app,https://namu.wiki/w/%EC%88%98%EB%8F%84%EA%B6%8C%20%EC%A0%84%EC%B2%A0%20%ED%99%98%EC%8A%B9%20%EC%A0%95%EB%B3%B4/%EC%88%98%EB%8F%84%EA%B6%8C%20%EC%A0%84%EC%B2%A0%201%ED%98%B8%EC%84%A0,https://namu.wiki/w/%EC%88%98%EB%8F%84%EA%B6%8C%20%EC%A0%84%EC%B2%A0%20%ED%99%98%EC%8A%B9%20%EC%A0%95%EB%B3%B4/%EC%88%98%EB%8F%84%EA%B6%8C%20%EC%A0%84%EC%B2%A0%201%ED%98%B8%EC%84%A0,,150,
current_app,청량리,경의중앙선,왕십리,1호선,제기동,1-1,,verified_legacy,legacy_app,https://namu.wiki/w/%EC%88%98%EB%8F%84%EA%B6%8C%20%EC%A0%84%EC%B2%A0%20%ED%99%98%EC%8A%B9%20%EC%A0%95%EB%B3%B4/%EC%88%98%EB%8F%84%EA%B6%8C%20%EC%A0%84%EC%B2%A0%20%EA%B2%BD%EC%9D%98%C2%B7%EC%A4%91%EC%95%99%EC%84%A0,https://namu.wiki/w/%EC%88%98%EB%8F%84%EA%B6%8C%20%EC%A0%84%EC%B2%A0%20%ED%99%98%EC%8A%B9%20%EC%A0%95%EB%B3%B4/%EC%88%98%EB%8F%84%EA%B6%8C%20%EC%A0%84%EC%B2%A0%20%EA%B2%BD%EC%9D%98%C2%B7%EC%A4%91%EC%95%99%EC%84%A0,,180,180
current_app,청량리,경의중앙선,왕십리,1호선,회기,1-1,,verified_legacy,legacy_app,https://namu.wiki/w/%EC%88%98%EB%8F%84%EA%B6%8C%20%EC%A0%84%EC%B2%A0%20%ED%99%98%EC%8A%B9%20%EC%A0%95%EB%B3%B4/%EC%88%98%EB%8F%84%EA%B6%8C%20%EC%A0%84%EC%B2%A0%20%EA%B2%BD%EC%9D%98%C2%B7%EC%A4%91%EC%95%99%EC%84%A0,https://namu.wiki/w/%EC%88%98%EB%8F%84%EA%B6%8C%20%EC%A0%84%EC%B2%A0%20%ED%99%98%EC%8A%B9%20%EC%A0%95%EB%B3%B4/%EC%88%98%EB%8F%84%EA%B6%8C%20%EC%A0%84%EC%B2%A0%20%EA%B2%BD%EC%9D%98%C2%B7%EC%A4%91%EC%95%99%EC%84%A0,,180,180
current_app,청량리,경의중앙선,왕십리,경춘선,,1-1,,verified_legacy,legacy_app,https://namu.wiki/w/%EC%88%98%EB%8F%84%EA%B6%8C%20%EC%A0%84%EC%B2%A0%20%ED%99%98%EC%8A%B9%20%EC%A0%95%EB%B3%B4/%EC%88%98%EB%8F%84%EA%B6%8C%20%EC%A0%84%EC%B2%A0%20%EA%B2%BD%EC%9D%98%C2%B7%EC%A4%91%EC%95%99%EC%84%A0,https://namu.wiki/w/%EC%88%98%EB%8F%84%EA%B6%8C%20%EC%A0%84%EC%B2%A0%20%ED%99%98%EC%8A%B9%20%EC%A0%95%EB%B3%B4/%EC%88%98%EB%8F%84%EA%B6%8C%20%EC%A0%84%EC%B2%A0%20%EA%B2%BD%EC%9D%98%C2%B7%EC%A4%91%EC%95%99%EC%84%A0,,120,120
current_app,청량리,경의중앙선,왕십리,수인분당선,,1-1,,verified_legacy,legacy_app,https://namu.wiki/w/%EC%88%98%EB%8F%84%EA%B6%8C%20%EC%A0%84%EC%B2%A0%20%ED%99%98%EC%8A%B9%20%EC%A0%95%EB%B3%B4/%EC%88%98%EB%8F%84%EA%B6%8C%20%EC%A0%84%EC%B2%A0%20%EA%B2%BD%EC%9D%98%C2%B7%EC%A4%91%EC%95%99%EC%84%A0,https://namu.wiki/w/%EC%88%98%EB%8F%84%EA%B6%8C%20%EC%A0%84%EC%B2%A0%20%ED%99%98%EC%8A%B9%20%EC%A0%95%EB%B3%B4/%EC%88%98%EB%8F%84%EA%B6%8C%20%EC%A0%84%EC%B2%A0%20%EA%B2%BD%EC%9D%98%C2%B7%EC%A4%91%EC%95%99%EC%84%A0,,120,120
current_app,청량리,경의중앙선,회기,1호선,제기동,6-4,,verified_legacy,legacy_app,https://namu.wiki/w/%EC%88%98%EB%8F%84%EA%B6%8C%20%EC%A0%84%EC%B2%A0%20%ED%99%98%EC%8A%B9%20%EC%A0%95%EB%B3%B4/%EC%88%98%EB%8F%84%EA%B6%8C%20%EC%A0%84%EC%B2%A0%20%EA%B2%BD%EC%9D%98%C2%B7%EC%A4%91%EC%95%99%EC%84%A0,https://namu.wiki/w/%EC%88%98%EB%8F%84%EA%B6%8C%20%EC%A0%84%EC%B2%A0%20%ED%99%98%EC%8A%B9%20%EC%A0%95%EB%B3%B4/%EC%88%98%EB%8F%84%EA%B6%8C%20%EC%A0%84%EC%B2%A0%20%EA%B2%BD%EC%9D%98%C2%B7%EC%A4%91%EC%95%99%EC%84%A0,,180,180
current_app,청량리,경의중앙선,회기,1호선,회기,6-4,,verified_legacy,legacy_app,https://namu.wiki/w/%EC%88%98%EB%8F%84%EA%B6%8C%20%EC%A0%84%EC%B2%A0%20%ED%99%98%EC%8A%B9%20%EC%A0%95%EB%B3%B4/%EC%88%98%EB%8F%84%EA%B6%8C%20%EC%A0%84%EC%B2%A0%20%EA%B2%BD%EC%9D%98%C2%B7%EC%A4%91%EC%95%99%EC%84%A0,https://namu.wiki/w/%EC%88%98%EB%8F%84%EA%B6%8C%20%EC%A0%84%EC%B2%A0%20%ED%99%98%EC%8A%B9%20%EC%A0%95%EB%B3%B4/%EC%88%98%EB%8F%84%EA%B6%8C%20%EC%A0%84%EC%B2%A0%20%EA%B2%BD%EC%9D%98%C2%B7%EC%A4%91%EC%95%99%EC%84%A0,,180,180
current_app,청량리,경의중앙선,회기,경춘선,,8-4,,verified_legacy,legacy_app,https://namu.wiki/w/%EC%88%98%EB%8F%84%EA%B6%8C%20%EC%A0%84%EC%B2%A0%20%ED%99%98%EC%8A%B9%20%EC%A0%95%EB%B3%B4/%EC%88%98%EB%8F%84%EA%B6%8C%20%EC%A0%84%EC%B2%A0%20%EA%B2%BD%EC%9D%98%C2%B7%EC%A4%91%EC%95%99%EC%84%A0,https://namu.wiki/w/%EC%88%98%EB%8F%84%EA%B6%8C%20%EC%A0%84%EC%B2%A0%20%ED%99%98%EC%8A%B9%20%EC%A0%95%EB%B3%B4/%EC%88%98%EB%8F%84%EA%B6%8C%20%EC%A0%84%EC%B2%A0%20%EA%B2%BD%EC%9D%98%C2%B7%EC%A4%91%EC%95%99%EC%84%A0,,120,120
current_app,청량리,경의중앙선,회기,수인분당선,,8-4,,verified_legacy,legacy_app,https://namu.wiki/w/%EC%88%98%EB%8F%84%EA%B6%8C%20%EC%A0%84%EC%B2%A0%20%ED%99%98%EC%8A%B9%20%EC%A0%95%EB%B3%B4/%EC%88%98%EB%8F%84%EA%B6%8C%20%EC%A0%84%EC%B2%A0%20%EA%B2%BD%EC%9D%98%C2%B7%EC%A4%91%EC%95%99%EC%84%A0,https://namu.wiki/w/%EC%88%98%EB%8F%84%EA%B6%8C%20%EC%A0%84%EC%B2%A0%20%ED%99%98%EC%8A%B9%20%EC%A0%95%EB%B3%B4/%EC%88%98%EB%8F%84%EA%B6%8C%20%EC%A0%84%EC%B2%A0%20%EA%B2%BD%EC%9D%98%C2%B7%EC%A4%91%EC%95%99%EC%84%A0,,120,120
current_app,청량리,경춘선,,1호선,,8-4,,verified_legacy,legacy_app,https://namu.wiki/w/%EC%88%98%EB%8F%84%EA%B6%8C%20%EC%A0%84%EC%B2%A0%20%ED%99%98%EC%8A%B9%20%EC%A0%95%EB%B3%B4,https://namu.wiki/w/%EC%88%98%EB%8F%84%EA%B6%8C%20%EC%A0%84%EC%B2%A0%20%ED%99%98%EC%8A%B9%20%EC%A0%95%EB%B3%B4,,240,240
current_app,청량리,경춘선,,경의중앙선,,8-4,,verified_legacy,legacy_app,https://namu.wiki/w/%EC%88%98%EB%8F%84%EA%B6%8C%20%EC%A0%84%EC%B2%A0%20%ED%99%98%EC%8A%B9%20%EC%A0%95%EB%B3%B4,https://namu.wiki/w/%EC%88%98%EB%8F%84%EA%B6%8C%20%EC%A0%84%EC%B2%A0%20%ED%99%98%EC%8A%B9%20%EC%A0%95%EB%B3%B4,,120,120
current_app,청량리,경춘선,,수인분당선,,모든 문,,verified_legacy,legacy_app,https://namu.wiki/w/%EC%88%98%EB%8F%84%EA%B6%8C%20%EC%A0%84%EC%B2%A0%20%ED%99%98%EC%8A%B9%20%EC%A0%95%EB%B3%B4,https://namu.wiki/w/%EC%88%98%EB%8F%84%EA%B6%8C%20%EC%A0%84%EC%B2%A0%20%ED%99%98%EC%8A%B9%20%EC%A0%95%EB%B3%B4,,10,10
current_app,청량리,수인분당선,,경의중앙선,,8-4,,verified_legacy,legacy_app,https://namu.wiki/w/%EC%88%98%EB%8F%84%EA%B6%8C%20%EC%A0%84%EC%B2%A0%20%ED%99%98%EC%8A%B9%20%EC%A0%95%EB%B3%B4/%EC%88%98%EB%8F%84%EA%B6%8C%20%EC%A0%84%EC%B2%A0%20%EC%88%98%EC%9D%B8%C2%B7%EB%B6%84%EB%8B%B9%EC%84%A0,https://namu.wiki/w/%EC%88%98%EB%8F%84%EA%B6%8C%20%EC%A0%84%EC%B2%A0%20%ED%99%98%EC%8A%B9%20%EC%A0%95%EB%B3%B4/%EC%88%98%EB%8F%84%EA%B6%8C%20%EC%A0%84%EC%B2%A0%20%EC%88%98%EC%9D%B8%C2%B7%EB%B6%84%EB%8B%B9%EC%84%A0,,120,120
current_app,청량리,수인분당선,,경춘선,,모든 문,,verified_legacy,legacy_app,https://namu.wiki/w/%EC%88%98%EB%8F%84%EA%B6%8C%20%EC%A0%84%EC%B2%A0%20%ED%99%98%EC%8A%B9%20%EC%A0%95%EB%B3%B4/%EC%88%98%EB%8F%84%EA%B6%8C%20%EC%A0%84%EC%B2%A0%20%EC%88%98%EC%9D%B8%C2%B7%EB%B6%84%EB%8B%B9%EC%84%A0,https://namu.wiki/w/%EC%88%98%EB%8F%84%EA%B6%8C%20%EC%A0%84%EC%B2%A0%20%ED%99%98%EC%8A%B9%20%EC%A0%95%EB%B3%B4/%EC%88%98%EB%8F%84%EA%B6%8C%20%EC%A0%84%EC%B2%A0%20%EC%88%98%EC%9D%B8%C2%B7%EB%B6%84%EB%8B%B9%EC%84%A0,,10,10
current_app,청량리,수인분당선,제기동,1호선,제기동,6-4,,verified_legacy,legacy_app,https://namu.wiki/w/%EC%88%98%EB%8F%84%EA%B6%8C%20%EC%A0%84%EC%B2%A0%20%ED%99%98%EC%8A%B9%20%EC%A0%95%EB%B3%B4/%EC%88%98%EB%8F%84%EA%B6%8C%20%EC%A0%84%EC%B2%A0%20%EC%88%98%EC%9D%B8%C2%B7%EB%B6%84%EB%8B%B9%EC%84%A0,https://namu.wiki/w/%EC%88%98%EB%8F%84%EA%B6%8C%20%EC%A0%84%EC%B2%A0%20%ED%99%98%EC%8A%B9%20%EC%A0%95%EB%B3%B4/%EC%88%98%EB%8F%84%EA%B6%8C%20%EC%A0%84%EC%B2%A0%20%EC%88%98%EC%9D%B8%C2%B7%EB%B6%84%EB%8B%B9%EC%84%A0,,180,180
current_app,청량리,수인분당선,회기,1호선,회기,6-4,,verified_legacy,legacy_app,https://namu.wiki/w/%EC%88%98%EB%8F%84%EA%B6%8C%20%EC%A0%84%EC%B2%A0%20%ED%99%98%EC%8A%B9%20%EC%A0%95%EB%B3%B4/%EC%88%98%EB%8F%84%EA%B6%8C%20%EC%A0%84%EC%B2%A0%20%EC%88%98%EC%9D%B8%C2%B7%EB%B6%84%EB%8B%B9%EC%84%A0,https://namu.wiki/w/%EC%88%98%EB%8F%84%EA%B6%8C%20%EC%A0%84%EC%B2%A0%20%ED%99%98%EC%8A%B9%20%EC%A0%95%EB%B3%B4/%EC%88%98%EB%8F%84%EA%B6%8C%20%EC%A0%84%EC%B2%A0%20%EC%88%98%EC%9D%B8%C2%B7%EB%B6%84%EB%8B%B9%EC%84%A0,,180,180
current_app,초지,4호선,고잔,서해선,,1-1,,verified_legacy,legacy_app,https://namu.wiki/w/%EC%88%98%EB%8F%84%EA%B6%8C%20%EC%A0%84%EC%B2%A0%20%ED%99%98%EC%8A%B9%20%EC%A0%95%EB%B3%B4/%EC%88%98%EB%8F%84%EA%B6%8C%20%EC%A0%84%EC%B2%A0%204%ED%98%B8%EC%84%A0,https://namu.wiki/w/%EC%88%98%EB%8F%84%EA%B6%8C%20%EC%A0%84%EC%B2%A0%20%ED%99%98%EC%8A%B9%20%EC%A0%95%EB%B3%B4/%EC%88%98%EB%8F%84%EA%B6%8C%20%EC%A0%84%EC%B2%A0%204%ED%98%B8%EC%84%A0,,300,300
current_app,초지,4호선,고잔,수인분당선,고잔,5-2,,verified_legacy,legacy_app,https://namu.wiki/w/%EC%88%98%EB%8F%84%EA%B6%8C%20%EC%A0%84%EC%B2%A0%20%ED%99%98%EC%8A%B9%20%EC%A0%95%EB%B3%B4/%EC%88%98%EB%8F%84%EA%B6%8C%20%EC%A0%84%EC%B2%A0%204%ED%98%B8%EC%84%A0,https://namu.wiki/w/%EC%88%98%EB%8F%84%EA%B6%8C%20%EC%A0%84%EC%B2%A0%20%ED%99%98%EC%8A%B9%20%EC%A0%95%EB%B3%B4/%EC%88%98%EB%8F%84%EA%B6%8C%20%EC%A0%84%EC%B2%A0%204%ED%98%B8%EC%84%A0,,0,0
current_app,초지,4호선,고잔,수인분당선,안산,5-2,,verified_legacy,legacy_app,https://namu.wiki/w/%EC%88%98%EB%8F%84%EA%B6%8C%20%EC%A0%84%EC%B2%A0%20%ED%99%98%EC%8A%B9%20%EC%A0%95%EB%B3%B4/%EC%88%98%EB%8F%84%EA%B6%8C%20%EC%A0%84%EC%B2%A0%204%ED%98%B8%EC%84%A0,https://namu.wiki/w/%EC%88%98%EB%8F%84%EA%B6%8C%20%EC%A0%84%EC%B2%A0%20%ED%99%98%EC%8A%B9%20%EC%A0%95%EB%B3%B4/%EC%88%98%EB%8F%84%EA%B6%8C%20%EC%A0%84%EC%B2%A0%204%ED%98%B8%EC%84%A0,,0,0
current_app,초지,4호선,안산,서해선,,10-4,,verified_legacy,legacy_app,https://namu.wiki/w/%EC%88%98%EB%8F%84%EA%B6%8C%20%EC%A0%84%EC%B2%A0%20%ED%99%98%EC%8A%B9%20%EC%A0%95%EB%B3%B4/%EC%88%98%EB%8F%84%EA%B6%8C%20%EC%A0%84%EC%B2%A0%204%ED%98%B8%EC%84%A0,https://namu.wiki/w/%EC%88%98%EB%8F%84%EA%B6%8C%20%EC%A0%84%EC%B2%A0%20%ED%99%98%EC%8A%B9%20%EC%A0%95%EB%B3%B4/%EC%88%98%EB%8F%84%EA%B6%8C%20%EC%A0%84%EC%B2%A0%204%ED%98%B8%EC%84%A0,,300,300
current_app,초지,4호선,안산,수인분당선,고잔,5-2,,verified_legacy,legacy_app,https://namu.wiki/w/%EC%88%98%EB%8F%84%EA%B6%8C%20%EC%A0%84%EC%B2%A0%20%ED%99%98%EC%8A%B9%20%EC%A0%95%EB%B3%B4/%EC%88%98%EB%8F%84%EA%B6%8C%20%EC%A0%84%EC%B2%A0%204%ED%98%B8%EC%84%A0,https://namu.wiki/w/%EC%88%98%EB%8F%84%EA%B6%8C%20%EC%A0%84%EC%B2%A0%20%ED%99%98%EC%8A%B9%20%EC%A0%95%EB%B3%B4/%EC%88%98%EB%8F%84%EA%B6%8C%20%EC%A0%84%EC%B2%A0%204%ED%98%B8%EC%84%A0,,0,0
current_app,초지,4호선,안산,수인분당선,안산,5-2,,verified_legacy,legacy_app,https://namu.wiki/w/%EC%88%98%EB%8F%84%EA%B6%8C%20%EC%A0%84%EC%B2%A0%20%ED%99%98%EC%8A%B9%20%EC%A0%95%EB%B3%B4/%EC%88%98%EB%8F%84%EA%B6%8C%20%EC%A0%84%EC%B2%A0%204%ED%98%B8%EC%84%A0,https://namu.wiki/w/%EC%88%98%EB%8F%84%EA%B6%8C%20%EC%A0%84%EC%B2%A0%20%ED%99%98%EC%8A%B9%20%EC%A0%95%EB%B3%B4/%EC%88%98%EB%8F%84%EA%B6%8C%20%EC%A0%84%EC%B2%A0%204%ED%98%B8%EC%84%A0,,0,0
current_app,초지,서해선,선부,4호선,,4-4,,verified_legacy,legacy_app,https://namu.wiki/w/%EC%88%98%EB%8F%84%EA%B6%8C%20%EC%A0%84%EC%B2%A0%20%ED%99%98%EC%8A%B9%20%EC%A0%95%EB%B3%B4,https://namu.wiki/w/%EC%88%98%EB%8F%84%EA%B6%8C%20%EC%A0%84%EC%B2%A0%20%ED%99%98%EC%8A%B9%20%EC%A0%95%EB%B3%B4,,240,
current_app,초지,서해선,선부,수인분당선,고잔,5-2,,verified_legacy,legacy_app,https://namu.wiki/w/%EC%88%98%EB%8F%84%EA%B6%8C%20%EC%A0%84%EC%B2%A0%20%ED%99%98%EC%8A%B9%20%EC%A0%95%EB%B3%B4,https://namu.wiki/w/%EC%88%98%EB%8F%84%EA%B6%8C%20%EC%A0%84%EC%B2%A0%20%ED%99%98%EC%8A%B9%20%EC%A0%95%EB%B3%B4,,420,420
current_app,초지,서해선,선부,수인분당선,안산,5-2,,verified_legacy,legacy_app,https://namu.wiki/w/%EC%88%98%EB%8F%84%EA%B6%8C%20%EC%A0%84%EC%B2%A0%20%ED%99%98%EC%8A%B9%20%EC%A0%95%EB%B3%B4,https://namu.wiki/w/%EC%88%98%EB%8F%84%EA%B6%8C%20%EC%A0%84%EC%B2%A0%20%ED%99%98%EC%8A%B9%20%EC%A0%95%EB%B3%B4,,420,420
current_app,초지,서해선,시우,4호선,,1-4,,verified_legacy,legacy_app,https://namu.wiki/w/%EC%88%98%EB%8F%84%EA%B6%8C%20%EC%A0%84%EC%B2%A0%20%ED%99%98%EC%8A%B9%20%EC%A0%95%EB%B3%B4,https://namu.wiki/w/%EC%88%98%EB%8F%84%EA%B6%8C%20%EC%A0%84%EC%B2%A0%20%ED%99%98%EC%8A%B9%20%EC%A0%95%EB%B3%B4,,240,
current_app,초지,서해선,시우,수인분당선,고잔,5-2,,verified_legacy,legacy_app,https://namu.wiki/w/%EC%88%98%EB%8F%84%EA%B6%8C%20%EC%A0%84%EC%B2%A0%20%ED%99%98%EC%8A%B9%20%EC%A0%95%EB%B3%B4,https://namu.wiki/w/%EC%88%98%EB%8F%84%EA%B6%8C%20%EC%A0%84%EC%B2%A0%20%ED%99%98%EC%8A%B9%20%EC%A0%95%EB%B3%B4,,420,420
current_app,초지,서해선,시우,수인분당선,안산,5-2,,verified_legacy,legacy_app,https://namu.wiki/w/%EC%88%98%EB%8F%84%EA%B6%8C%20%EC%A0%84%EC%B2%A0%20%ED%99%98%EC%8A%B9%20%EC%A0%95%EB%B3%B4,https://namu.wiki/w/%EC%88%98%EB%8F%84%EA%B6%8C%20%EC%A0%84%EC%B2%A0%20%ED%99%98%EC%8A%B9%20%EC%A0%95%EB%B3%B4,,420,420
current_app,초지,수인분당선,,4호선,,모든 문,,verified_legacy,legacy_app,https://namu.wiki/w/%EC%88%98%EB%8F%84%EA%B6%8C%20%EC%A0%84%EC%B2%A0%20%ED%99%98%EC%8A%B9%20%EC%A0%95%EB%B3%B4/%EC%88%98%EB%8F%84%EA%B6%8C%20%EC%A0%84%EC%B2%A0%20%EC%88%98%EC%9D%B8%C2%B7%EB%B6%84%EB%8B%B9%EC%84%A0,https://namu.wiki/w/%EC%88%98%EB%8F%84%EA%B6%8C%20%EC%A0%84%EC%B2%A0%20%ED%99%98%EC%8A%B9%20%EC%A0%95%EB%B3%B4/%EC%88%98%EB%8F%84%EA%B6%8C%20%EC%A0%84%EC%B2%A0%20%EC%88%98%EC%9D%B8%C2%B7%EB%B6%84%EB%8B%B9%EC%84%A0,,0,0
current_app,초지,수인분당선,고잔,서해선,,1-1,,verified_legacy,legacy_app,https://namu.wiki/w/%EC%88%98%EB%8F%84%EA%B6%8C%20%EC%A0%84%EC%B2%A0%20%ED%99%98%EC%8A%B9%20%EC%A0%95%EB%B3%B4/%EC%88%98%EB%8F%84%EA%B6%8C%20%EC%A0%84%EC%B2%A0%20%EC%88%98%EC%9D%B8%C2%B7%EB%B6%84%EB%8B%B9%EC%84%A0,https://namu.wiki/w/%EC%88%98%EB%8F%84%EA%B6%8C%20%EC%A0%84%EC%B2%A0%20%ED%99%98%EC%8A%B9%20%EC%A0%95%EB%B3%B4/%EC%88%98%EB%8F%84%EA%B6%8C%20%EC%A0%84%EC%B2%A0%20%EC%88%98%EC%9D%B8%C2%B7%EB%B6%84%EB%8B%B9%EC%84%A0,,240,
current_app,초지,수인분당선,안산,서해선,,10-4,,verified_legacy,legacy_app,https://namu.wiki/w/%EC%88%98%EB%8F%84%EA%B6%8C%20%EC%A0%84%EC%B2%A0%20%ED%99%98%EC%8A%B9%20%EC%A0%95%EB%B3%B4/%EC%88%98%EB%8F%84%EA%B6%8C%20%EC%A0%84%EC%B2%A0%20%EC%88%98%EC%9D%B8%C2%B7%EB%B6%84%EB%8B%B9%EC%84%A0,https://namu.wiki/w/%EC%88%98%EB%8F%84%EA%B6%8C%20%EC%A0%84%EC%B2%A0%20%ED%99%98%EC%8A%B9%20%EC%A0%95%EB%B3%B4/%EC%88%98%EB%8F%84%EA%B6%8C%20%EC%A0%84%EC%B2%A0%20%EC%88%98%EC%9D%B8%C2%B7%EB%B6%84%EB%8B%B9%EC%84%A0,,240,
current_app,총신대입구,4호선,동작,7호선,남성,10-3,,verified_legacy,legacy_app,https://namu.wiki/w/%EC%88%98%EB%8F%84%EA%B6%8C%20%EC%A0%84%EC%B2%A0%20%ED%99%98%EC%8A%B9%20%EC%A0%95%EB%B3%B4/%EC%88%98%EB%8F%84%EA%B6%8C%20%EC%A0%84%EC%B2%A0%204%ED%98%B8%EC%84%A0,https://namu.wiki/w/%EC%88%98%EB%8F%84%EA%B6%8C%20%EC%A0%84%EC%B2%A0%20%ED%99%98%EC%8A%B9%20%EC%A0%95%EB%B3%B4/%EC%88%98%EB%8F%84%EA%B6%8C%20%EC%A0%84%EC%B2%A0%204%ED%98%B8%EC%84%A0,,171,171
current_app,총신대입구,4호선,동작,7호선,내방,10-3,,verified_legacy,legacy_app,https://namu.wiki/w/%EC%88%98%EB%8F%84%EA%B6%8C%20%EC%A0%84%EC%B2%A0%20%ED%99%98%EC%8A%B9%20%EC%A0%95%EB%B3%B4/%EC%88%98%EB%8F%84%EA%B6%8C%20%EC%A0%84%EC%B2%A0%204%ED%98%B8%EC%84%A0,https://namu.wiki/w/%EC%88%98%EB%8F%84%EA%B6%8C%20%EC%A0%84%EC%B2%A0%20%ED%99%98%EC%8A%B9%20%EC%A0%95%EB%B3%B4/%EC%88%98%EB%8F%84%EA%B6%8C%20%EC%A0%84%EC%B2%A0%204%ED%98%B8%EC%84%A0,,171,171
current_app,총신대입구,4호선,사당,7호선,남성,1-1,,verified_legacy,legacy_app,https://namu.wiki/w/%EC%88%98%EB%8F%84%EA%B6%8C%20%EC%A0%84%EC%B2%A0%20%ED%99%98%EC%8A%B9%20%EC%A0%95%EB%B3%B4/%EC%88%98%EB%8F%84%EA%B6%8C%20%EC%A0%84%EC%B2%A0%204%ED%98%B8%EC%84%A0,https://namu.wiki/w/%EC%88%98%EB%8F%84%EA%B6%8C%20%EC%A0%84%EC%B2%A0%20%ED%99%98%EC%8A%B9%20%EC%A0%95%EB%B3%B4/%EC%88%98%EB%8F%84%EA%B6%8C%20%EC%A0%84%EC%B2%A0%204%ED%98%B8%EC%84%A0,,171,171
current_app,총신대입구,4호선,사당,7호선,내방,1-1,,verified_legacy,legacy_app,https://namu.wiki/w/%EC%88%98%EB%8F%84%EA%B6%8C%20%EC%A0%84%EC%B2%A0%20%ED%99%98%EC%8A%B9%20%EC%A0%95%EB%B3%B4/%EC%88%98%EB%8F%84%EA%B6%8C%20%EC%A0%84%EC%B2%A0%204%ED%98%B8%EC%84%A0,https://namu.wiki/w/%EC%88%98%EB%8F%84%EA%B6%8C%20%EC%A0%84%EC%B2%A0%20%ED%99%98%EC%8A%B9%20%EC%A0%95%EB%B3%B4/%EC%88%98%EB%8F%84%EA%B6%8C%20%EC%A0%84%EC%B2%A0%204%ED%98%B8%EC%84%A0,,171,171
current_app,총신대입구,7호선,남성,4호선,,8-4,,verified_legacy,legacy_app,https://namu.wiki/w/%EC%88%98%EB%8F%84%EA%B6%8C%20%EC%A0%84%EC%B2%A0%20%ED%99%98%EC%8A%B9%20%EC%A0%95%EB%B3%B4/%EC%84%9C%EC%9A%B8%20%EC%A7%80%ED%95%98%EC%B2%A0%207%ED%98%B8%EC%84%A0,https://namu.wiki/w/%EC%88%98%EB%8F%84%EA%B6%8C%20%EC%A0%84%EC%B2%A0%20%ED%99%98%EC%8A%B9%20%EC%A0%95%EB%B3%B4/%EC%84%9C%EC%9A%B8%20%EC%A7%80%ED%95%98%EC%B2%A0%207%ED%98%B8%EC%84%A0,,240,
current_app,총신대입구,7호선,내방,4호선,,2-2,,verified_legacy,legacy_app,https://namu.wiki/w/%EC%88%98%EB%8F%84%EA%B6%8C%20%EC%A0%84%EC%B2%A0%20%ED%99%98%EC%8A%B9%20%EC%A0%95%EB%B3%B4/%EC%84%9C%EC%9A%B8%20%EC%A7%80%ED%95%98%EC%B2%A0%207%ED%98%B8%EC%84%A0,https://namu.wiki/w/%EC%88%98%EB%8F%84%EA%B6%8C%20%EC%A0%84%EC%B2%A0%20%ED%99%98%EC%8A%B9%20%EC%A0%95%EB%B3%B4/%EC%84%9C%EC%9A%B8%20%EC%A7%80%ED%95%98%EC%B2%A0%207%ED%98%B8%EC%84%A0,,240,
current_app,충무로,3호선,동대입구,4호선,동대문역사문화공원,8-4,,verified_legacy,legacy_app,https://namu.wiki/w/%EC%88%98%EB%8F%84%EA%B6%8C%20%EC%A0%84%EC%B2%A0%20%ED%99%98%EC%8A%B9%20%EC%A0%95%EB%B3%B4/%EC%88%98%EB%8F%84%EA%B6%8C%20%EC%A0%84%EC%B2%A0%203%ED%98%B8%EC%84%A0,https://namu.wiki/w/%EC%88%98%EB%8F%84%EA%B6%8C%20%EC%A0%84%EC%B2%A0%20%ED%99%98%EC%8A%B9%20%EC%A0%95%EB%B3%B4/%EC%88%98%EB%8F%84%EA%B6%8C%20%EC%A0%84%EC%B2%A0%203%ED%98%B8%EC%84%A0,,101,101
current_app,충무로,3호선,동대입구,4호선,명동,8-4,,verified_legacy,legacy_app,https://namu.wiki/w/%EC%88%98%EB%8F%84%EA%B6%8C%20%EC%A0%84%EC%B2%A0%20%ED%99%98%EC%8A%B9%20%EC%A0%95%EB%B3%B4/%EC%88%98%EB%8F%84%EA%B6%8C%20%EC%A0%84%EC%B2%A0%203%ED%98%B8%EC%84%A0,https://namu.wiki/w/%EC%88%98%EB%8F%84%EA%B6%8C%20%EC%A0%84%EC%B2%A0%20%ED%99%98%EC%8A%B9%20%EC%A0%95%EB%B3%B4/%EC%88%98%EB%8F%84%EA%B6%8C%20%EC%A0%84%EC%B2%A0%203%ED%98%B8%EC%84%A0,,101,101
current_app,충무로,3호선,을지로3가,4호선,동대문역사문화공원,4-4,,verified_legacy,legacy_app,https://namu.wiki/w/%EC%88%98%EB%8F%84%EA%B6%8C%20%EC%A0%84%EC%B2%A0%20%ED%99%98%EC%8A%B9%20%EC%A0%95%EB%B3%B4/%EC%88%98%EB%8F%84%EA%B6%8C%20%EC%A0%84%EC%B2%A0%203%ED%98%B8%EC%84%A0,https://namu.wiki/w/%EC%88%98%EB%8F%84%EA%B6%8C%20%EC%A0%84%EC%B2%A0%20%ED%99%98%EC%8A%B9%20%EC%A0%95%EB%B3%B4/%EC%88%98%EB%8F%84%EA%B6%8C%20%EC%A0%84%EC%B2%A0%203%ED%98%B8%EC%84%A0,,101,101
current_app,충무로,3호선,을지로3가,4호선,명동,3-4,,verified_legacy,legacy_app,https://namu.wiki/w/%EC%88%98%EB%8F%84%EA%B6%8C%20%EC%A0%84%EC%B2%A0%20%ED%99%98%EC%8A%B9%20%EC%A0%95%EB%B3%B4/%EC%88%98%EB%8F%84%EA%B6%8C%20%EC%A0%84%EC%B2%A0%203%ED%98%B8%EC%84%A0,https://namu.wiki/w/%EC%88%98%EB%8F%84%EA%B6%8C%20%EC%A0%84%EC%B2%A0%20%ED%99%98%EC%8A%B9%20%EC%A0%95%EB%B3%B4/%EC%88%98%EB%8F%84%EA%B6%8C%20%EC%A0%84%EC%B2%A0%203%ED%98%B8%EC%84%A0,,101,101
current_app,충무로,4호선,동대문역사문화공원,3호선,동대입구,5-1,,verified_legacy,legacy_app,https://namu.wiki/w/%EC%88%98%EB%8F%84%EA%B6%8C%20%EC%A0%84%EC%B2%A0%20%ED%99%98%EC%8A%B9%20%EC%A0%95%EB%B3%B4/%EC%88%98%EB%8F%84%EA%B6%8C%20%EC%A0%84%EC%B2%A0%204%ED%98%B8%EC%84%A0,https://namu.wiki/w/%EC%88%98%EB%8F%84%EA%B6%8C%20%EC%A0%84%EC%B2%A0%20%ED%99%98%EC%8A%B9%20%EC%A0%95%EB%B3%B4/%EC%88%98%EB%8F%84%EA%B6%8C%20%EC%A0%84%EC%B2%A0%204%ED%98%B8%EC%84%A0,,101,101
current_app,충무로,4호선,동대문역사문화공원,3호선,을지로3가,5-1,,verified_legacy,legacy_app,https://namu.wiki/w/%EC%88%98%EB%8F%84%EA%B6%8C%20%EC%A0%84%EC%B2%A0%20%ED%99%98%EC%8A%B9%20%EC%A0%95%EB%B3%B4/%EC%88%98%EB%8F%84%EA%B6%8C%20%EC%A0%84%EC%B2%A0%204%ED%98%B8%EC%84%A0,https://namu.wiki/w/%EC%88%98%EB%8F%84%EA%B6%8C%20%EC%A0%84%EC%B2%A0%20%ED%99%98%EC%8A%B9%20%EC%A0%95%EB%B3%B4/%EC%88%98%EB%8F%84%EA%B6%8C%20%EC%A0%84%EC%B2%A0%204%ED%98%B8%EC%84%A0,,101,101
current_app,충무로,4호선,명동,3호선,동대입구,7-1,,verified_legacy,legacy_app,https://namu.wiki/w/%EC%88%98%EB%8F%84%EA%B6%8C%20%EC%A0%84%EC%B2%A0%20%ED%99%98%EC%8A%B9%20%EC%A0%95%EB%B3%B4/%EC%88%98%EB%8F%84%EA%B6%8C%20%EC%A0%84%EC%B2%A0%204%ED%98%B8%EC%84%A0,https://namu.wiki/w/%EC%88%98%EB%8F%84%EA%B6%8C%20%EC%A0%84%EC%B2%A0%20%ED%99%98%EC%8A%B9%20%EC%A0%95%EB%B3%B4/%EC%88%98%EB%8F%84%EA%B6%8C%20%EC%A0%84%EC%B2%A0%204%ED%98%B8%EC%84%A0,,101,101
current_app,충무로,4호선,명동,3호선,을지로3가,7-1,,verified_legacy,legacy_app,https://namu.wiki/w/%EC%88%98%EB%8F%84%EA%B6%8C%20%EC%A0%84%EC%B2%A0%20%ED%99%98%EC%8A%B9%20%EC%A0%95%EB%B3%B4/%EC%88%98%EB%8F%84%EA%B6%8C%20%EC%A0%84%EC%B2%A0%204%ED%98%B8%EC%84%A0,https://namu.wiki/w/%EC%88%98%EB%8F%84%EA%B6%8C%20%EC%A0%84%EC%B2%A0%20%ED%99%98%EC%8A%B9%20%EC%A0%95%EB%B3%B4/%EC%88%98%EB%8F%84%EA%B6%8C%20%EC%A0%84%EC%B2%A0%204%ED%98%B8%EC%84%A0,,101,101
current_app,충정로,2호선,시청,5호선,서대문,7-2,,verified_legacy,legacy_app,https://namu.wiki/w/%EC%88%98%EB%8F%84%EA%B6%8C%20%EC%A0%84%EC%B2%A0%20%ED%99%98%EC%8A%B9%20%EC%A0%95%EB%B3%B4/%EC%84%9C%EC%9A%B8%20%EC%A7%80%ED%95%98%EC%B2%A0%202%ED%98%B8%EC%84%A0,https://namu.wiki/w/%EC%88%98%EB%8F%84%EA%B6%8C%20%EC%A0%84%EC%B2%A0%20%ED%99%98%EC%8A%B9%20%EC%A0%95%EB%B3%B4/%EC%84%9C%EC%9A%B8%20%EC%A7%80%ED%95%98%EC%B2%A0%202%ED%98%B8%EC%84%A0,,281,281
current_app,충정로,2호선,시청,5호선,애오개,7-2,,verified_legacy,legacy_app,https://namu.wiki/w/%EC%88%98%EB%8F%84%EA%B6%8C%20%EC%A0%84%EC%B2%A0%20%ED%99%98%EC%8A%B9%20%EC%A0%95%EB%B3%B4/%EC%84%9C%EC%9A%B8%20%EC%A7%80%ED%95%98%EC%B2%A0%202%ED%98%B8%EC%84%A0,https://namu.wiki/w/%EC%88%98%EB%8F%84%EA%B6%8C%20%EC%A0%84%EC%B2%A0%20%ED%99%98%EC%8A%B9%20%EC%A0%95%EB%B3%B4/%EC%84%9C%EC%9A%B8%20%EC%A7%80%ED%95%98%EC%B2%A0%202%ED%98%B8%EC%84%A0,,281,281
current_app,충정로,2호선,아현,5호선,서대문,4-3,,verified_legacy,legacy_app,https://namu.wiki/w/%EC%88%98%EB%8F%84%EA%B6%8C%20%EC%A0%84%EC%B2%A0%20%ED%99%98%EC%8A%B9%20%EC%A0%95%EB%B3%B4/%EC%84%9C%EC%9A%B8%20%EC%A7%80%ED%95%98%EC%B2%A0%202%ED%98%B8%EC%84%A0,https://namu.wiki/w/%EC%88%98%EB%8F%84%EA%B6%8C%20%EC%A0%84%EC%B2%A0%20%ED%99%98%EC%8A%B9%20%EC%A0%95%EB%B3%B4/%EC%84%9C%EC%9A%B8%20%EC%A7%80%ED%95%98%EC%B2%A0%202%ED%98%B8%EC%84%A0,,281,281
current_app,충정로,2호선,아현,5호선,애오개,4-3,,verified_legacy,legacy_app,https://namu.wiki/w/%EC%88%98%EB%8F%84%EA%B6%8C%20%EC%A0%84%EC%B2%A0%20%ED%99%98%EC%8A%B9%20%EC%A0%95%EB%B3%B4/%EC%84%9C%EC%9A%B8%20%EC%A7%80%ED%95%98%EC%B2%A0%202%ED%98%B8%EC%84%A0,https://namu.wiki/w/%EC%88%98%EB%8F%84%EA%B6%8C%20%EC%A0%84%EC%B2%A0%20%ED%99%98%EC%8A%B9%20%EC%A0%95%EB%B3%B4/%EC%84%9C%EC%9A%B8%20%EC%A7%80%ED%95%98%EC%B2%A0%202%ED%98%B8%EC%84%A0,,281,281
current_app,충정로,5호선,서대문,2호선,시청,3-3,,verified_legacy,legacy_app,https://namu.wiki/w/%EC%88%98%EB%8F%84%EA%B6%8C%20%EC%A0%84%EC%B2%A0%20%ED%99%98%EC%8A%B9%20%EC%A0%95%EB%B3%B4/%EC%88%98%EB%8F%84%EA%B6%8C%20%EC%A0%84%EC%B2%A0%205%ED%98%B8%EC%84%A0,https://namu.wiki/w/%EC%88%98%EB%8F%84%EA%B6%8C%20%EC%A0%84%EC%B2%A0%20%ED%99%98%EC%8A%B9%20%EC%A0%95%EB%B3%B4/%EC%88%98%EB%8F%84%EA%B6%8C%20%EC%A0%84%EC%B2%A0%205%ED%98%B8%EC%84%A0,,281,281
current_app,충정로,5호선,서대문,2호선,아현,3-3,,verified_legacy,legacy_app,https://namu.wiki/w/%EC%88%98%EB%8F%84%EA%B6%8C%20%EC%A0%84%EC%B2%A0%20%ED%99%98%EC%8A%B9%20%EC%A0%95%EB%B3%B4/%EC%88%98%EB%8F%84%EA%B6%8C%20%EC%A0%84%EC%B2%A0%205%ED%98%B8%EC%84%A0,https://namu.wiki/w/%EC%88%98%EB%8F%84%EA%B6%8C%20%EC%A0%84%EC%B2%A0%20%ED%99%98%EC%8A%B9%20%EC%A0%95%EB%B3%B4/%EC%88%98%EB%8F%84%EA%B6%8C%20%EC%A0%84%EC%B2%A0%205%ED%98%B8%EC%84%A0,,281,281
current_app,충정로,5호선,애오개,2호선,시청,4-1,,verified_legacy,legacy_app,https://namu.wiki/w/%EC%88%98%EB%8F%84%EA%B6%8C%20%EC%A0%84%EC%B2%A0%20%ED%99%98%EC%8A%B9%20%EC%A0%95%EB%B3%B4/%EC%88%98%EB%8F%84%EA%B6%8C%20%EC%A0%84%EC%B2%A0%205%ED%98%B8%EC%84%A0,https://namu.wiki/w/%EC%88%98%EB%8F%84%EA%B6%8C%20%EC%A0%84%EC%B2%A0%20%ED%99%98%EC%8A%B9%20%EC%A0%95%EB%B3%B4/%EC%88%98%EB%8F%84%EA%B6%8C%20%EC%A0%84%EC%B2%A0%205%ED%98%B8%EC%84%A0,,281,281
current_app,충정로,5호선,애오개,2호선,아현,4-1,,verified_legacy,legacy_app,https://namu.wiki/w/%EC%88%98%EB%8F%84%EA%B6%8C%20%EC%A0%84%EC%B2%A0%20%ED%99%98%EC%8A%B9%20%EC%A0%95%EB%B3%B4/%EC%88%98%EB%8F%84%EA%B6%8C%20%EC%A0%84%EC%B2%A0%205%ED%98%B8%EC%84%A0,https://namu.wiki/w/%EC%88%98%EB%8F%84%EA%B6%8C%20%EC%A0%84%EC%B2%A0%20%ED%99%98%EC%8A%B9%20%EC%A0%95%EB%B3%B4/%EC%88%98%EB%8F%84%EA%B6%8C%20%EC%A0%84%EC%B2%A0%205%ED%98%B8%EC%84%A0,,281,281
current_app,태릉입구,6호선,석계,7호선,공릉,8-4,,verified_legacy,legacy_app,https://namu.wiki/w/%EC%88%98%EB%8F%84%EA%B6%8C%20%EC%A0%84%EC%B2%A0%20%ED%99%98%EC%8A%B9%20%EC%A0%95%EB%B3%B4/%EC%84%9C%EC%9A%B8%20%EC%A7%80%ED%95%98%EC%B2%A0%206%ED%98%B8%EC%84%A0,https://namu.wiki/w/%EC%88%98%EB%8F%84%EA%B6%8C%20%EC%A0%84%EC%B2%A0%20%ED%99%98%EC%8A%B9%20%EC%A0%95%EB%B3%B4/%EC%84%9C%EC%9A%B8%20%EC%A7%80%ED%95%98%EC%B2%A0%206%ED%98%B8%EC%84%A0,,173,173
current_app,태릉입구,6호선,석계,7호선,먹골,8-4,,verified_legacy,legacy_app,https://namu.wiki/w/%EC%88%98%EB%8F%84%EA%B6%8C%20%EC%A0%84%EC%B2%A0%20%ED%99%98%EC%8A%B9%20%EC%A0%95%EB%B3%B4/%EC%84%9C%EC%9A%B8%20%EC%A7%80%ED%95%98%EC%B2%A0%206%ED%98%B8%EC%84%A0,https://namu.wiki/w/%EC%88%98%EB%8F%84%EA%B6%8C%20%EC%A0%84%EC%B2%A0%20%ED%99%98%EC%8A%B9%20%EC%A0%95%EB%B3%B4/%EC%84%9C%EC%9A%B8%20%EC%A7%80%ED%95%98%EC%B2%A0%206%ED%98%B8%EC%84%A0,,173,173
current_app,태릉입구,6호선,화랑대,7호선,공릉,1-1,,verified_legacy,legacy_app,https://namu.wiki/w/%EC%88%98%EB%8F%84%EA%B6%8C%20%EC%A0%84%EC%B2%A0%20%ED%99%98%EC%8A%B9%20%EC%A0%95%EB%B3%B4/%EC%84%9C%EC%9A%B8%20%EC%A7%80%ED%95%98%EC%B2%A0%206%ED%98%B8%EC%84%A0,https://namu.wiki/w/%EC%88%98%EB%8F%84%EA%B6%8C%20%EC%A0%84%EC%B2%A0%20%ED%99%98%EC%8A%B9%20%EC%A0%95%EB%B3%B4/%EC%84%9C%EC%9A%B8%20%EC%A7%80%ED%95%98%EC%B2%A0%206%ED%98%B8%EC%84%A0,,173,173
current_app,태릉입구,6호선,화랑대,7호선,먹골,1-1,,verified_legacy,legacy_app,https://namu.wiki/w/%EC%88%98%EB%8F%84%EA%B6%8C%20%EC%A0%84%EC%B2%A0%20%ED%99%98%EC%8A%B9%20%EC%A0%95%EB%B3%B4/%EC%84%9C%EC%9A%B8%20%EC%A7%80%ED%95%98%EC%B2%A0%206%ED%98%B8%EC%84%A0,https://namu.wiki/w/%EC%88%98%EB%8F%84%EA%B6%8C%20%EC%A0%84%EC%B2%A0%20%ED%99%98%EC%8A%B9%20%EC%A0%95%EB%B3%B4/%EC%84%9C%EC%9A%B8%20%EC%A7%80%ED%95%98%EC%B2%A0%206%ED%98%B8%EC%84%A0,,173,173
current_app,태릉입구,7호선,공릉,6호선,석계,8-4,,verified_legacy,legacy_app,https://namu.wiki/w/%EC%88%98%EB%8F%84%EA%B6%8C%20%EC%A0%84%EC%B2%A0%20%ED%99%98%EC%8A%B9%20%EC%A0%95%EB%B3%B4/%EC%84%9C%EC%9A%B8%20%EC%A7%80%ED%95%98%EC%B2%A0%207%ED%98%B8%EC%84%A0,https://namu.wiki/w/%EC%88%98%EB%8F%84%EA%B6%8C%20%EC%A0%84%EC%B2%A0%20%ED%99%98%EC%8A%B9%20%EC%A0%95%EB%B3%B4/%EC%84%9C%EC%9A%B8%20%EC%A7%80%ED%95%98%EC%B2%A0%207%ED%98%B8%EC%84%A0,,173,173
current_app,태릉입구,7호선,공릉,6호선,화랑대,8-4,,verified_legacy,legacy_app,https://namu.wiki/w/%EC%88%98%EB%8F%84%EA%B6%8C%20%EC%A0%84%EC%B2%A0%20%ED%99%98%EC%8A%B9%20%EC%A0%95%EB%B3%B4/%EC%84%9C%EC%9A%B8%20%EC%A7%80%ED%95%98%EC%B2%A0%207%ED%98%B8%EC%84%A0,https://namu.wiki/w/%EC%88%98%EB%8F%84%EA%B6%8C%20%EC%A0%84%EC%B2%A0%20%ED%99%98%EC%8A%B9%20%EC%A0%95%EB%B3%B4/%EC%84%9C%EC%9A%B8%20%EC%A7%80%ED%95%98%EC%B2%A0%207%ED%98%B8%EC%84%A0,,173,173
current_app,태릉입구,7호선,먹골,6호선,석계,1-1,,verified_legacy,legacy_app,https://namu.wiki/w/%EC%88%98%EB%8F%84%EA%B6%8C%20%EC%A0%84%EC%B2%A0%20%ED%99%98%EC%8A%B9%20%EC%A0%95%EB%B3%B4/%EC%84%9C%EC%9A%B8%20%EC%A7%80%ED%95%98%EC%B2%A0%207%ED%98%B8%EC%84%A0,https://namu.wiki/w/%EC%88%98%EB%8F%84%EA%B6%8C%20%EC%A0%84%EC%B2%A0%20%ED%99%98%EC%8A%B9%20%EC%A0%95%EB%B3%B4/%EC%84%9C%EC%9A%B8%20%EC%A7%80%ED%95%98%EC%B2%A0%207%ED%98%B8%EC%84%A0,,173,173
current_app,태릉입구,7호선,먹골,6호선,화랑대,1-1,,verified_legacy,legacy_app,https://namu.wiki/w/%EC%88%98%EB%8F%84%EA%B6%8C%20%EC%A0%84%EC%B2%A0%20%ED%99%98%EC%8A%B9%20%EC%A0%95%EB%B3%B4/%EC%84%9C%EC%9A%B8%20%EC%A7%80%ED%95%98%EC%B2%A0%207%ED%98%B8%EC%84%A0,https://namu.wiki/w/%EC%88%98%EB%8F%84%EA%B6%8C%20%EC%A0%84%EC%B2%A0%20%ED%99%98%EC%8A%B9%20%EC%A0%95%EB%B3%B4/%EC%84%9C%EC%9A%B8%20%EC%A7%80%ED%95%98%EC%B2%A0%207%ED%98%B8%EC%84%A0,,173,173
current_app,판교,경강선,,신분당선,정자,2-3,,verified,official_public_data,https://namu.wiki/w/%EC%88%98%EB%8F%84%EA%B6%8C%20%EC%A0%84%EC%B2%A0%20%ED%99%98%EC%8A%B9%20%EC%A0%95%EB%B3%B4,https://www.data.go.kr/data/15151816/fileData.do?recommendDataYn=Y,경강선 판교 종착→신분당선 광교 방면,240,
current_app,판교,경강선,,신분당선,청계산입구,3-2,,verified,official_public_data,https://namu.wiki/w/%EC%88%98%EB%8F%84%EA%B6%8C%20%EC%A0%84%EC%B2%A0%20%ED%99%98%EC%8A%B9%20%EC%A0%95%EB%B3%B4,https://www.data.go.kr/data/15151816/fileData.do?recommendDataYn=Y,경강선 판교 종착→신분당선 신사 방면,240,
current_app,판교,신분당선,정자,경강선,성남,3-1,,verified,official_public_data+secondary_matrix,https://namu.wiki/w/%EC%88%98%EB%8F%84%EA%B6%8C%20%EC%A0%84%EC%B2%A0%20%ED%99%98%EC%8A%B9%20%EC%A0%95%EB%B3%B4,https://www.data.go.kr/data/15041072/fileData.do?recommendDataYn=Y,신분당선 광교 방면→경강선 여주 방면,240,
current_app,판교,신분당선,청계산입구,경강선,성남,4-3,,verified,official_public_data+secondary_matrix,https://namu.wiki/w/%EC%88%98%EB%8F%84%EA%B6%8C%20%EC%A0%84%EC%B2%A0%20%ED%99%98%EC%8A%B9%20%EC%A0%95%EB%B3%B4,https://www.data.go.kr/data/15041072/fileData.do?recommendDataYn=Y,신분당선 신사 방면→경강선 여주 방면,240,
current_app,풍산,경의중앙선,,서해선,,모든 문,,verified_legacy,legacy_app,https://namu.wiki/w/%EC%88%98%EB%8F%84%EA%B6%8C%20%EC%A0%84%EC%B2%A0%20%ED%99%98%EC%8A%B9%20%EC%A0%95%EB%B3%B4/%EC%88%98%EB%8F%84%EA%B6%8C%20%EC%A0%84%EC%B2%A0%20%EA%B2%BD%EC%9D%98%C2%B7%EC%A4%91%EC%95%99%EC%84%A0,https://namu.wiki/w/%EC%88%98%EB%8F%84%EA%B6%8C%20%EC%A0%84%EC%B2%A0%20%ED%99%98%EC%8A%B9%20%EC%A0%95%EB%B3%B4/%EC%88%98%EB%8F%84%EA%B6%8C%20%EC%A0%84%EC%B2%A0%20%EA%B2%BD%EC%9D%98%C2%B7%EC%A4%91%EC%95%99%EC%84%A0,,0,0
current_app,풍산,서해선,,경의중앙선,,모든 문,,verified_legacy,legacy_app,https://namu.wiki/w/%EC%88%98%EB%8F%84%EA%B6%8C%20%EC%A0%84%EC%B2%A0%20%ED%99%98%EC%8A%B9%20%EC%A0%95%EB%B3%B4,https://namu.wiki/w/%EC%88%98%EB%8F%84%EA%B6%8C%20%EC%A0%84%EC%B2%A0%20%ED%99%98%EC%8A%B9%20%EC%A0%95%EB%B3%B4,,0,0
current_app,한대앞,4호선,상록수,수인분당선,사리,5-2,,verified_legacy,legacy_app,https://namu.wiki/w/%EC%88%98%EB%8F%84%EA%B6%8C%20%EC%A0%84%EC%B2%A0%20%ED%99%98%EC%8A%B9%20%EC%A0%95%EB%B3%B4/%EC%88%98%EB%8F%84%EA%B6%8C%20%EC%A0%84%EC%B2%A0%204%ED%98%B8%EC%84%A0,https://namu.wiki/w/%EC%88%98%EB%8F%84%EA%B6%8C%20%EC%A0%84%EC%B2%A0%20%ED%99%98%EC%8A%B9%20%EC%A0%95%EB%B3%B4/%EC%88%98%EB%8F%84%EA%B6%8C%20%EC%A0%84%EC%B2%A0%204%ED%98%B8%EC%84%A0,,420,420
current_app,한대앞,4호선,상록수,수인분당선,중앙,5-2,,verified_legacy,legacy_app,https://namu.wiki/w/%EC%88%98%EB%8F%84%EA%B6%8C%20%EC%A0%84%EC%B2%A0%20%ED%99%98%EC%8A%B9%20%EC%A0%95%EB%B3%B4/%EC%88%98%EB%8F%84%EA%B6%8C%20%EC%A0%84%EC%B2%A0%204%ED%98%B8%EC%84%A0,https://namu.wiki/w/%EC%88%98%EB%8F%84%EA%B6%8C%20%EC%A0%84%EC%B2%A0%20%ED%99%98%EC%8A%B9%20%EC%A0%95%EB%B3%B4/%EC%88%98%EB%8F%84%EA%B6%8C%20%EC%A0%84%EC%B2%A0%204%ED%98%B8%EC%84%A0,,420,420
current_app,한대앞,4호선,중앙,수인분당선,사리,5-2,,verified_legacy,legacy_app,https://namu.wiki/w/%EC%88%98%EB%8F%84%EA%B6%8C%20%EC%A0%84%EC%B2%A0%20%ED%99%98%EC%8A%B9%20%EC%A0%95%EB%B3%B4/%EC%88%98%EB%8F%84%EA%B6%8C%20%EC%A0%84%EC%B2%A0%204%ED%98%B8%EC%84%A0,https://namu.wiki/w/%EC%88%98%EB%8F%84%EA%B6%8C%20%EC%A0%84%EC%B2%A0%20%ED%99%98%EC%8A%B9%20%EC%A0%95%EB%B3%B4/%EC%88%98%EB%8F%84%EA%B6%8C%20%EC%A0%84%EC%B2%A0%204%ED%98%B8%EC%84%A0,,420,420
current_app,한대앞,4호선,중앙,수인분당선,중앙,5-2,,verified_legacy,legacy_app,https://namu.wiki/w/%EC%88%98%EB%8F%84%EA%B6%8C%20%EC%A0%84%EC%B2%A0%20%ED%99%98%EC%8A%B9%20%EC%A0%95%EB%B3%B4/%EC%88%98%EB%8F%84%EA%B6%8C%20%EC%A0%84%EC%B2%A0%204%ED%98%B8%EC%84%A0,https://namu.wiki/w/%EC%88%98%EB%8F%84%EA%B6%8C%20%EC%A0%84%EC%B2%A0%20%ED%99%98%EC%8A%B9%20%EC%A0%95%EB%B3%B4/%EC%88%98%EB%8F%84%EA%B6%8C%20%EC%A0%84%EC%B2%A0%204%ED%98%B8%EC%84%A0,,420,420
current_app,한대앞,수인분당선,사리,4호선,상록수,5-2,,verified_legacy,legacy_app,https://namu.wiki/w/%EC%88%98%EB%8F%84%EA%B6%8C%20%EC%A0%84%EC%B2%A0%20%ED%99%98%EC%8A%B9%20%EC%A0%95%EB%B3%B4/%EC%88%98%EB%8F%84%EA%B6%8C%20%EC%A0%84%EC%B2%A0%20%EC%88%98%EC%9D%B8%C2%B7%EB%B6%84%EB%8B%B9%EC%84%A0,https://namu.wiki/w/%EC%88%98%EB%8F%84%EA%B6%8C%20%EC%A0%84%EC%B2%A0%20%ED%99%98%EC%8A%B9%20%EC%A0%95%EB%B3%B4/%EC%88%98%EB%8F%84%EA%B6%8C%20%EC%A0%84%EC%B2%A0%20%EC%88%98%EC%9D%B8%C2%B7%EB%B6%84%EB%8B%B9%EC%84%A0,,420,420
current_app,한대앞,수인분당선,사리,4호선,중앙,5-2,,verified_legacy,legacy_app,https://namu.wiki/w/%EC%88%98%EB%8F%84%EA%B6%8C%20%EC%A0%84%EC%B2%A0%20%ED%99%98%EC%8A%B9%20%EC%A0%95%EB%B3%B4/%EC%88%98%EB%8F%84%EA%B6%8C%20%EC%A0%84%EC%B2%A0%20%EC%88%98%EC%9D%B8%C2%B7%EB%B6%84%EB%8B%B9%EC%84%A0,https://namu.wiki/w/%EC%88%98%EB%8F%84%EA%B6%8C%20%EC%A0%84%EC%B2%A0%20%ED%99%98%EC%8A%B9%20%EC%A0%95%EB%B3%B4/%EC%88%98%EB%8F%84%EA%B6%8C%20%EC%A0%84%EC%B2%A0%20%EC%88%98%EC%9D%B8%C2%B7%EB%B6%84%EB%8B%B9%EC%84%A0,,420,420
current_app,한대앞,수인분당선,중앙,4호선,상록수,5-2,,verified_legacy,legacy_app,https://namu.wiki/w/%EC%88%98%EB%8F%84%EA%B6%8C%20%EC%A0%84%EC%B2%A0%20%ED%99%98%EC%8A%B9%20%EC%A0%95%EB%B3%B4/%EC%88%98%EB%8F%84%EA%B6%8C%20%EC%A0%84%EC%B2%A0%20%EC%88%98%EC%9D%B8%C2%B7%EB%B6%84%EB%8B%B9%EC%84%A0,https://namu.wiki/w/%EC%88%98%EB%8F%84%EA%B6%8C%20%EC%A0%84%EC%B2%A0%20%ED%99%98%EC%8A%B9%20%EC%A0%95%EB%B3%B4/%EC%88%98%EB%8F%84%EA%B6%8C%20%EC%A0%84%EC%B2%A0%20%EC%88%98%EC%9D%B8%C2%B7%EB%B6%84%EB%8B%B9%EC%84%A0,,420,420
current_app,한대앞,수인분당선,중앙,4호선,중앙,5-2,,verified_legacy,legacy_app,https://namu.wiki/w/%EC%88%98%EB%8F%84%EA%B6%8C%20%EC%A0%84%EC%B2%A0%20%ED%99%98%EC%8A%B9%20%EC%A0%95%EB%B3%B4/%EC%88%98%EB%8F%84%EA%B6%8C%20%EC%A0%84%EC%B2%A0%20%EC%88%98%EC%9D%B8%C2%B7%EB%B6%84%EB%8B%B9%EC%84%A0,https://namu.wiki/w/%EC%88%98%EB%8F%84%EA%B6%8C%20%EC%A0%84%EC%B2%A0%20%ED%99%98%EC%8A%B9%20%EC%A0%95%EB%B3%B4/%EC%88%98%EB%8F%84%EA%B6%8C%20%EC%A0%84%EC%B2%A0%20%EC%88%98%EC%9D%B8%C2%B7%EB%B6%84%EB%8B%B9%EC%84%A0,,420,420
current_app,합정,2호선,당산,6호선,망원,2-2,,verified_legacy,legacy_app,https://namu.wiki/w/%EC%88%98%EB%8F%84%EA%B6%8C%20%EC%A0%84%EC%B2%A0%20%ED%99%98%EC%8A%B9%20%EC%A0%95%EB%B3%B4/%EC%84%9C%EC%9A%B8%20%EC%A7%80%ED%95%98%EC%B2%A0%202%ED%98%B8%EC%84%A0,https://namu.wiki/w/%EC%88%98%EB%8F%84%EA%B6%8C%20%EC%A0%84%EC%B2%A0%20%ED%99%98%EC%8A%B9%20%EC%A0%95%EB%B3%B4/%EC%84%9C%EC%9A%B8%20%EC%A7%80%ED%95%98%EC%B2%A0%202%ED%98%B8%EC%84%A0,,161,161
current_app,합정,2호선,당산,6호선,상수,2-2,,verified_legacy,legacy_app,https://namu.wiki/w/%EC%88%98%EB%8F%84%EA%B6%8C%20%EC%A0%84%EC%B2%A0%20%ED%99%98%EC%8A%B9%20%EC%A0%95%EB%B3%B4/%EC%84%9C%EC%9A%B8%20%EC%A7%80%ED%95%98%EC%B2%A0%202%ED%98%B8%EC%84%A0,https://namu.wiki/w/%EC%88%98%EB%8F%84%EA%B6%8C%20%EC%A0%84%EC%B2%A0%20%ED%99%98%EC%8A%B9%20%EC%A0%95%EB%B3%B4/%EC%84%9C%EC%9A%B8%20%EC%A7%80%ED%95%98%EC%B2%A0%202%ED%98%B8%EC%84%A0,,161,161
current_app,합정,2호선,홍대입구,6호선,망원,9-3,,verified_legacy,legacy_app,https://namu.wiki/w/%EC%88%98%EB%8F%84%EA%B6%8C%20%EC%A0%84%EC%B2%A0%20%ED%99%98%EC%8A%B9%20%EC%A0%95%EB%B3%B4/%EC%84%9C%EC%9A%B8%20%EC%A7%80%ED%95%98%EC%B2%A0%202%ED%98%B8%EC%84%A0,https://namu.wiki/w/%EC%88%98%EB%8F%84%EA%B6%8C%20%EC%A0%84%EC%B2%A0%20%ED%99%98%EC%8A%B9%20%EC%A0%95%EB%B3%B4/%EC%84%9C%EC%9A%B8%20%EC%A7%80%ED%95%98%EC%B2%A0%202%ED%98%B8%EC%84%A0,,161,161
current_app,합정,2호선,홍대입구,6호선,상수,9-3,,verified_legacy,legacy_app,https://namu.wiki/w/%EC%88%98%EB%8F%84%EA%B6%8C%20%EC%A0%84%EC%B2%A0%20%ED%99%98%EC%8A%B9%20%EC%A0%95%EB%B3%B4/%EC%84%9C%EC%9A%B8%20%EC%A7%80%ED%95%98%EC%B2%A0%202%ED%98%B8%EC%84%A0,https://namu.wiki/w/%EC%88%98%EB%8F%84%EA%B6%8C%20%EC%A0%84%EC%B2%A0%20%ED%99%98%EC%8A%B9%20%EC%A0%95%EB%B3%B4/%EC%84%9C%EC%9A%B8%20%EC%A7%80%ED%95%98%EC%B2%A0%202%ED%98%B8%EC%84%A0,,161,161
current_app,합정,6호선,망원,2호선,당산,3-2,,verified_legacy,legacy_app,https://namu.wiki/w/%EC%88%98%EB%8F%84%EA%B6%8C%20%EC%A0%84%EC%B2%A0%20%ED%99%98%EC%8A%B9%20%EC%A0%95%EB%B3%B4/%EC%84%9C%EC%9A%B8%20%EC%A7%80%ED%95%98%EC%B2%A0%206%ED%98%B8%EC%84%A0,https://namu.wiki/w/%EC%88%98%EB%8F%84%EA%B6%8C%20%EC%A0%84%EC%B2%A0%20%ED%99%98%EC%8A%B9%20%EC%A0%95%EB%B3%B4/%EC%84%9C%EC%9A%B8%20%EC%A7%80%ED%95%98%EC%B2%A0%206%ED%98%B8%EC%84%A0,,161,161
current_app,합정,6호선,망원,2호선,홍대입구,3-2,,verified_legacy,legacy_app,https://namu.wiki/w/%EC%88%98%EB%8F%84%EA%B6%8C%20%EC%A0%84%EC%B2%A0%20%ED%99%98%EC%8A%B9%20%EC%A0%95%EB%B3%B4/%EC%84%9C%EC%9A%B8%20%EC%A7%80%ED%95%98%EC%B2%A0%206%ED%98%B8%EC%84%A0,https://namu.wiki/w/%EC%88%98%EB%8F%84%EA%B6%8C%20%EC%A0%84%EC%B2%A0%20%ED%99%98%EC%8A%B9%20%EC%A0%95%EB%B3%B4/%EC%84%9C%EC%9A%B8%20%EC%A7%80%ED%95%98%EC%B2%A0%206%ED%98%B8%EC%84%A0,,161,161
current_app,합정,6호선,상수,2호선,당산,6-3,,verified_legacy,legacy_app,https://namu.wiki/w/%EC%88%98%EB%8F%84%EA%B6%8C%20%EC%A0%84%EC%B2%A0%20%ED%99%98%EC%8A%B9%20%EC%A0%95%EB%B3%B4/%EC%84%9C%EC%9A%B8%20%EC%A7%80%ED%95%98%EC%B2%A0%206%ED%98%B8%EC%84%A0,https://namu.wiki/w/%EC%88%98%EB%8F%84%EA%B6%8C%20%EC%A0%84%EC%B2%A0%20%ED%99%98%EC%8A%B9%20%EC%A0%95%EB%B3%B4/%EC%84%9C%EC%9A%B8%20%EC%A7%80%ED%95%98%EC%B2%A0%206%ED%98%B8%EC%84%A0,,161,161
current_app,합정,6호선,상수,2호선,홍대입구,6-3,,verified_legacy,legacy_app,https://namu.wiki/w/%EC%88%98%EB%8F%84%EA%B6%8C%20%EC%A0%84%EC%B2%A0%20%ED%99%98%EC%8A%B9%20%EC%A0%95%EB%B3%B4/%EC%84%9C%EC%9A%B8%20%EC%A7%80%ED%95%98%EC%B2%A0%206%ED%98%B8%EC%84%A0,https://namu.wiki/w/%EC%88%98%EB%8F%84%EA%B6%8C%20%EC%A0%84%EC%B2%A0%20%ED%99%98%EC%8A%B9%20%EC%A0%95%EB%B3%B4/%EC%84%9C%EC%9A%B8%20%EC%A7%80%ED%95%98%EC%B2%A0%206%ED%98%B8%EC%84%A0,,161,161
current_app,홍대입구,2호선,신촌,경의중앙선,가좌,3-3,,verified_legacy,legacy_app,https://namu.wiki/w/%EC%88%98%EB%8F%84%EA%B6%8C%20%EC%A0%84%EC%B2%A0%20%ED%99%98%EC%8A%B9%20%EC%A0%95%EB%B3%B4/%EC%84%9C%EC%9A%B8%20%EC%A7%80%ED%95%98%EC%B2%A0%202%ED%98%B8%EC%84%A0,https://namu.wiki/w/%EC%88%98%EB%8F%84%EA%B6%8C%20%EC%A0%84%EC%B2%A0%20%ED%99%98%EC%8A%B9%20%EC%A0%95%EB%B3%B4/%EC%84%9C%EC%9A%B8%20%EC%A7%80%ED%95%98%EC%B2%A0%202%ED%98%B8%EC%84%A0,,600,600
current_app,홍대입구,2호선,신촌,경의중앙선,서강대,3-3,,verified_legacy,legacy_app,https://namu.wiki/w/%EC%88%98%EB%8F%84%EA%B6%8C%20%EC%A0%84%EC%B2%A0%20%ED%99%98%EC%8A%B9%20%EC%A0%95%EB%B3%B4/%EC%84%9C%EC%9A%B8%20%EC%A7%80%ED%95%98%EC%B2%A0%202%ED%98%B8%EC%84%A0,https://namu.wiki/w/%EC%88%98%EB%8F%84%EA%B6%8C%20%EC%A0%84%EC%B2%A0%20%ED%99%98%EC%8A%B9%20%EC%A0%95%EB%B3%B4/%EC%84%9C%EC%9A%B8%20%EC%A7%80%ED%95%98%EC%B2%A0%202%ED%98%B8%EC%84%A0,,600,600
current_app,홍대입구,2호선,신촌,공항철도,공덕,3-2,,verified_legacy,legacy_app,https://namu.wiki/w/%EC%88%98%EB%8F%84%EA%B6%8C%20%EC%A0%84%EC%B2%A0%20%ED%99%98%EC%8A%B9%20%EC%A0%95%EB%B3%B4/%EC%84%9C%EC%9A%B8%20%EC%A7%80%ED%95%98%EC%B2%A0%202%ED%98%B8%EC%84%A0,https://namu.wiki/w/%EC%88%98%EB%8F%84%EA%B6%8C%20%EC%A0%84%EC%B2%A0%20%ED%99%98%EC%8A%B9%20%EC%A0%95%EB%B3%B4/%EC%84%9C%EC%9A%B8%20%EC%A7%80%ED%95%98%EC%B2%A0%202%ED%98%B8%EC%84%A0,,600,600
current_app,홍대입구,2호선,신촌,공항철도,디지털미디어시티,3-2,,verified_legacy,legacy_app,https://namu.wiki/w/%EC%88%98%EB%8F%84%EA%B6%8C%20%EC%A0%84%EC%B2%A0%20%ED%99%98%EC%8A%B9%20%EC%A0%95%EB%B3%B4/%EC%84%9C%EC%9A%B8%20%EC%A7%80%ED%95%98%EC%B2%A0%202%ED%98%B8%EC%84%A0,https://namu.wiki/w/%EC%88%98%EB%8F%84%EA%B6%8C%20%EC%A0%84%EC%B2%A0%20%ED%99%98%EC%8A%B9%20%EC%A0%95%EB%B3%B4/%EC%84%9C%EC%9A%B8%20%EC%A7%80%ED%95%98%EC%B2%A0%202%ED%98%B8%EC%84%A0,,600,600
current_app,홍대입구,2호선,합정,경의중앙선,가좌,8-2,,verified_legacy,legacy_app,https://namu.wiki/w/%EC%88%98%EB%8F%84%EA%B6%8C%20%EC%A0%84%EC%B2%A0%20%ED%99%98%EC%8A%B9%20%EC%A0%95%EB%B3%B4/%EC%84%9C%EC%9A%B8%20%EC%A7%80%ED%95%98%EC%B2%A0%202%ED%98%B8%EC%84%A0,https://namu.wiki/w/%EC%88%98%EB%8F%84%EA%B6%8C%20%EC%A0%84%EC%B2%A0%20%ED%99%98%EC%8A%B9%20%EC%A0%95%EB%B3%B4/%EC%84%9C%EC%9A%B8%20%EC%A7%80%ED%95%98%EC%B2%A0%202%ED%98%B8%EC%84%A0,,600,600
current_app,홍대입구,2호선,합정,경의중앙선,서강대,8-2,,verified_legacy,legacy_app,https://namu.wiki/w/%EC%88%98%EB%8F%84%EA%B6%8C%20%EC%A0%84%EC%B2%A0%20%ED%99%98%EC%8A%B9%20%EC%A0%95%EB%B3%B4/%EC%84%9C%EC%9A%B8%20%EC%A7%80%ED%95%98%EC%B2%A0%202%ED%98%B8%EC%84%A0,https://namu.wiki/w/%EC%88%98%EB%8F%84%EA%B6%8C%20%EC%A0%84%EC%B2%A0%20%ED%99%98%EC%8A%B9%20%EC%A0%95%EB%B3%B4/%EC%84%9C%EC%9A%B8%20%EC%A7%80%ED%95%98%EC%B2%A0%202%ED%98%B8%EC%84%A0,,600,600
current_app,홍대입구,2호선,합정,공항철도,공덕,8-2,,verified_legacy,legacy_app,https://namu.wiki/w/%EC%88%98%EB%8F%84%EA%B6%8C%20%EC%A0%84%EC%B2%A0%20%ED%99%98%EC%8A%B9%20%EC%A0%95%EB%B3%B4/%EC%84%9C%EC%9A%B8%20%EC%A7%80%ED%95%98%EC%B2%A0%202%ED%98%B8%EC%84%A0,https://namu.wiki/w/%EC%88%98%EB%8F%84%EA%B6%8C%20%EC%A0%84%EC%B2%A0%20%ED%99%98%EC%8A%B9%20%EC%A0%95%EB%B3%B4/%EC%84%9C%EC%9A%B8%20%EC%A7%80%ED%95%98%EC%B2%A0%202%ED%98%B8%EC%84%A0,,600,600
current_app,홍대입구,2호선,합정,공항철도,디지털미디어시티,8-2,,verified_legacy,legacy_app,https://namu.wiki/w/%EC%88%98%EB%8F%84%EA%B6%8C%20%EC%A0%84%EC%B2%A0%20%ED%99%98%EC%8A%B9%20%EC%A0%95%EB%B3%B4/%EC%84%9C%EC%9A%B8%20%EC%A7%80%ED%95%98%EC%B2%A0%202%ED%98%B8%EC%84%A0,https://namu.wiki/w/%EC%88%98%EB%8F%84%EA%B6%8C%20%EC%A0%84%EC%B2%A0%20%ED%99%98%EC%8A%B9%20%EC%A0%95%EB%B3%B4/%EC%84%9C%EC%9A%B8%20%EC%A7%80%ED%95%98%EC%B2%A0%202%ED%98%B8%EC%84%A0,,600,600
current_app,홍대입구,경의중앙선,가좌,2호선,양천구청,1-1,,verified_legacy,legacy_app,https://namu.wiki/w/%EC%88%98%EB%8F%84%EA%B6%8C%20%EC%A0%84%EC%B2%A0%20%ED%99%98%EC%8A%B9%20%EC%A0%95%EB%B3%B4/%EC%88%98%EB%8F%84%EA%B6%8C%20%EC%A0%84%EC%B2%A0%20%EA%B2%BD%EC%9D%98%C2%B7%EC%A4%91%EC%95%99%EC%84%A0,https://namu.wiki/w/%EC%88%98%EB%8F%84%EA%B6%8C%20%EC%A0%84%EC%B2%A0%20%ED%99%98%EC%8A%B9%20%EC%A0%95%EB%B3%B4/%EC%88%98%EB%8F%84%EA%B6%8C%20%EC%A0%84%EC%B2%A0%20%EA%B2%BD%EC%9D%98%C2%B7%EC%A4%91%EC%95%99%EC%84%A0,,600,600
current_app,홍대입구,경의중앙선,가좌,2호선,합정,1-1,,verified_legacy,legacy_app,https://namu.wiki/w/%EC%88%98%EB%8F%84%EA%B6%8C%20%EC%A0%84%EC%B2%A0%20%ED%99%98%EC%8A%B9%20%EC%A0%95%EB%B3%B4/%EC%88%98%EB%8F%84%EA%B6%8C%20%EC%A0%84%EC%B2%A0%20%EA%B2%BD%EC%9D%98%C2%B7%EC%A4%91%EC%95%99%EC%84%A0,https://namu.wiki/w/%EC%88%98%EB%8F%84%EA%B6%8C%20%EC%A0%84%EC%B2%A0%20%ED%99%98%EC%8A%B9%20%EC%A0%95%EB%B3%B4/%EC%88%98%EB%8F%84%EA%B6%8C%20%EC%A0%84%EC%B2%A0%20%EA%B2%BD%EC%9D%98%C2%B7%EC%A4%91%EC%95%99%EC%84%A0,,600,600
current_app,홍대입구,경의중앙선,가좌,공항철도,공덕,1-1,,verified_legacy,legacy_app,https://namu.wiki/w/%EC%88%98%EB%8F%84%EA%B6%8C%20%EC%A0%84%EC%B2%A0%20%ED%99%98%EC%8A%B9%20%EC%A0%95%EB%B3%B4/%EC%88%98%EB%8F%84%EA%B6%8C%20%EC%A0%84%EC%B2%A0%20%EA%B2%BD%EC%9D%98%C2%B7%EC%A4%91%EC%95%99%EC%84%A0,https://namu.wiki/w/%EC%88%98%EB%8F%84%EA%B6%8C%20%EC%A0%84%EC%B2%A0%20%ED%99%98%EC%8A%B9%20%EC%A0%95%EB%B3%B4/%EC%88%98%EB%8F%84%EA%B6%8C%20%EC%A0%84%EC%B2%A0%20%EA%B2%BD%EC%9D%98%C2%B7%EC%A4%91%EC%95%99%EC%84%A0,,600,600
current_app,홍대입구,경의중앙선,가좌,공항철도,디지털미디어시티,1-1,,verified_legacy,legacy_app,https://namu.wiki/w/%EC%88%98%EB%8F%84%EA%B6%8C%20%EC%A0%84%EC%B2%A0%20%ED%99%98%EC%8A%B9%20%EC%A0%95%EB%B3%B4/%EC%88%98%EB%8F%84%EA%B6%8C%20%EC%A0%84%EC%B2%A0%20%EA%B2%BD%EC%9D%98%C2%B7%EC%A4%91%EC%95%99%EC%84%A0,https://namu.wiki/w/%EC%88%98%EB%8F%84%EA%B6%8C%20%EC%A0%84%EC%B2%A0%20%ED%99%98%EC%8A%B9%20%EC%A0%95%EB%B3%B4/%EC%88%98%EB%8F%84%EA%B6%8C%20%EC%A0%84%EC%B2%A0%20%EA%B2%BD%EC%9D%98%C2%B7%EC%A4%91%EC%95%99%EC%84%A0,,600,600
current_app,홍대입구,경의중앙선,서강대,2호선,양천구청,8-4,,verified_legacy,legacy_app,https://namu.wiki/w/%EC%88%98%EB%8F%84%EA%B6%8C%20%EC%A0%84%EC%B2%A0%20%ED%99%98%EC%8A%B9%20%EC%A0%95%EB%B3%B4/%EC%88%98%EB%8F%84%EA%B6%8C%20%EC%A0%84%EC%B2%A0%20%EA%B2%BD%EC%9D%98%C2%B7%EC%A4%91%EC%95%99%EC%84%A0,https://namu.wiki/w/%EC%88%98%EB%8F%84%EA%B6%8C%20%EC%A0%84%EC%B2%A0%20%ED%99%98%EC%8A%B9%20%EC%A0%95%EB%B3%B4/%EC%88%98%EB%8F%84%EA%B6%8C%20%EC%A0%84%EC%B2%A0%20%EA%B2%BD%EC%9D%98%C2%B7%EC%A4%91%EC%95%99%EC%84%A0,,600,600
current_app,홍대입구,경의중앙선,서강대,2호선,합정,8-4,,verified_legacy,legacy_app,https://namu.wiki/w/%EC%88%98%EB%8F%84%EA%B6%8C%20%EC%A0%84%EC%B2%A0%20%ED%99%98%EC%8A%B9%20%EC%A0%95%EB%B3%B4/%EC%88%98%EB%8F%84%EA%B6%8C%20%EC%A0%84%EC%B2%A0%20%EA%B2%BD%EC%9D%98%C2%B7%EC%A4%91%EC%95%99%EC%84%A0,https://namu.wiki/w/%EC%88%98%EB%8F%84%EA%B6%8C%20%EC%A0%84%EC%B2%A0%20%ED%99%98%EC%8A%B9%20%EC%A0%95%EB%B3%B4/%EC%88%98%EB%8F%84%EA%B6%8C%20%EC%A0%84%EC%B2%A0%20%EA%B2%BD%EC%9D%98%C2%B7%EC%A4%91%EC%95%99%EC%84%A0,,600,600
current_app,홍대입구,경의중앙선,서강대,공항철도,공덕,8-4,,verified_legacy,legacy_app,https://namu.wiki/w/%EC%88%98%EB%8F%84%EA%B6%8C%20%EC%A0%84%EC%B2%A0%20%ED%99%98%EC%8A%B9%20%EC%A0%95%EB%B3%B4/%EC%88%98%EB%8F%84%EA%B6%8C%20%EC%A0%84%EC%B2%A0%20%EA%B2%BD%EC%9D%98%C2%B7%EC%A4%91%EC%95%99%EC%84%A0,https://namu.wiki/w/%EC%88%98%EB%8F%84%EA%B6%8C%20%EC%A0%84%EC%B2%A0%20%ED%99%98%EC%8A%B9%20%EC%A0%95%EB%B3%B4/%EC%88%98%EB%8F%84%EA%B6%8C%20%EC%A0%84%EC%B2%A0%20%EA%B2%BD%EC%9D%98%C2%B7%EC%A4%91%EC%95%99%EC%84%A0,,600,600
current_app,홍대입구,경의중앙선,서강대,공항철도,디지털미디어시티,8-4,,verified_legacy,legacy_app,https://namu.wiki/w/%EC%88%98%EB%8F%84%EA%B6%8C%20%EC%A0%84%EC%B2%A0%20%ED%99%98%EC%8A%B9%20%EC%A0%95%EB%B3%B4/%EC%88%98%EB%8F%84%EA%B6%8C%20%EC%A0%84%EC%B2%A0%20%EA%B2%BD%EC%9D%98%C2%B7%EC%A4%91%EC%95%99%EC%84%A0,https://namu.wiki/w/%EC%88%98%EB%8F%84%EA%B6%8C%20%EC%A0%84%EC%B2%A0%20%ED%99%98%EC%8A%B9%20%EC%A0%95%EB%B3%B4/%EC%88%98%EB%8F%84%EA%B6%8C%20%EC%A0%84%EC%B2%A0%20%EA%B2%BD%EC%9D%98%C2%B7%EC%A4%91%EC%95%99%EC%84%A0,,600,600
current_app,홍대입구,공항철도,디지털미디어시티,2호선,신촌,2-2,,verified_legacy,legacy_app,https://namu.wiki/w/%EC%88%98%EB%8F%84%EA%B6%8C%20%EC%A0%84%EC%B2%A0%20%ED%99%98%EC%8A%B9%20%EC%A0%95%EB%B3%B4,https://namu.wiki/w/%EC%88%98%EB%8F%84%EA%B6%8C%20%EC%A0%84%EC%B2%A0%20%ED%99%98%EC%8A%B9%20%EC%A0%95%EB%B3%B4,,600,600
current_app,홍대입구,공항철도,디지털미디어시티,2호선,합정,2-2,,verified_legacy,legacy_app,https://namu.wiki/w/%EC%88%98%EB%8F%84%EA%B6%8C%20%EC%A0%84%EC%B2%A0%20%ED%99%98%EC%8A%B9%20%EC%A0%95%EB%B3%B4,https://namu.wiki/w/%EC%88%98%EB%8F%84%EA%B6%8C%20%EC%A0%84%EC%B2%A0%20%ED%99%98%EC%8A%B9%20%EC%A0%95%EB%B3%B4,,600,600
current_app,홍대입구,공항철도,디지털미디어시티,경의중앙선,가좌,2-2,,verified_legacy,legacy_app,https://namu.wiki/w/%EC%88%98%EB%8F%84%EA%B6%8C%20%EC%A0%84%EC%B2%A0%20%ED%99%98%EC%8A%B9%20%EC%A0%95%EB%B3%B4,https://namu.wiki/w/%EC%88%98%EB%8F%84%EA%B6%8C%20%EC%A0%84%EC%B2%A0%20%ED%99%98%EC%8A%B9%20%EC%A0%95%EB%B3%B4,,600,600
current_app,홍대입구,공항철도,디지털미디어시티,경의중앙선,서강대,2-2,,verified_legacy,legacy_app,https://namu.wiki/w/%EC%88%98%EB%8F%84%EA%B6%8C%20%EC%A0%84%EC%B2%A0%20%ED%99%98%EC%8A%B9%20%EC%A0%95%EB%B3%B4,https://namu.wiki/w/%EC%88%98%EB%8F%84%EA%B6%8C%20%EC%A0%84%EC%B2%A0%20%ED%99%98%EC%8A%B9%20%EC%A0%95%EB%B3%B4,,600,600
current_app,홍대입구,공항철도,서울역,2호선,신촌,5-3,,verified_legacy,legacy_app,https://namu.wiki/w/%EC%88%98%EB%8F%84%EA%B6%8C%20%EC%A0%84%EC%B2%A0%20%ED%99%98%EC%8A%B9%20%EC%A0%95%EB%B3%B4,https://namu.wiki/w/%EC%88%98%EB%8F%84%EA%B6%8C%20%EC%A0%84%EC%B2%A0%20%ED%99%98%EC%8A%B9%20%EC%A0%95%EB%B3%B4,,600,600
current_app,홍대입구,공항철도,서울역,2호선,합정,5-3,,verified_legacy,legacy_app,https://namu.wiki/w/%EC%88%98%EB%8F%84%EA%B6%8C%20%EC%A0%84%EC%B2%A0%20%ED%99%98%EC%8A%B9%20%EC%A0%95%EB%B3%B4,https://namu.wiki/w/%EC%88%98%EB%8F%84%EA%B6%8C%20%EC%A0%84%EC%B2%A0%20%ED%99%98%EC%8A%B9%20%EC%A0%95%EB%B3%B4,,600,600
current_app,홍대입구,공항철도,서울역,경의중앙선,가좌,5-3,,verified_legacy,legacy_app,https://namu.wiki/w/%EC%88%98%EB%8F%84%EA%B6%8C%20%EC%A0%84%EC%B2%A0%20%ED%99%98%EC%8A%B9%20%EC%A0%95%EB%B3%B4,https://namu.wiki/w/%EC%88%98%EB%8F%84%EA%B6%8C%20%EC%A0%84%EC%B2%A0%20%ED%99%98%EC%8A%B9%20%EC%A0%95%EB%B3%B4,,600,600
current_app,홍대입구,공항철도,서울역,경의중앙선,서강대,5-3,,verified_legacy,legacy_app,https://namu.wiki/w/%EC%88%98%EB%8F%84%EA%B6%8C%20%EC%A0%84%EC%B2%A0%20%ED%99%98%EC%8A%B9%20%EC%A0%95%EB%B3%B4,https://namu.wiki/w/%EC%88%98%EB%8F%84%EA%B6%8C%20%EC%A0%84%EC%B2%A0%20%ED%99%98%EC%8A%B9%20%EC%A0%95%EB%B3%B4,,600,600
current_app,회기,1호선,외대앞,경의중앙선,,4-3,,verified_legacy,legacy_app,https://namu.wiki/w/%EC%88%98%EB%8F%84%EA%B6%8C%20%EC%A0%84%EC%B2%A0%20%ED%99%98%EC%8A%B9%20%EC%A0%95%EB%B3%B4/%EC%88%98%EB%8F%84%EA%B6%8C%20%EC%A0%84%EC%B2%A0%201%ED%98%B8%EC%84%A0,https://namu.wiki/w/%EC%88%98%EB%8F%84%EA%B6%8C%20%EC%A0%84%EC%B2%A0%20%ED%99%98%EC%8A%B9%20%EC%A0%95%EB%B3%B4/%EC%88%98%EB%8F%84%EA%B6%8C%20%EC%A0%84%EC%B2%A0%201%ED%98%B8%EC%84%A0,,120,120
current_app,회기,1호선,외대앞,경춘선,,4-3,,verified_legacy,legacy_app,https://namu.wiki/w/%EC%88%98%EB%8F%84%EA%B6%8C%20%EC%A0%84%EC%B2%A0%20%ED%99%98%EC%8A%B9%20%EC%A0%95%EB%B3%B4/%EC%88%98%EB%8F%84%EA%B6%8C%20%EC%A0%84%EC%B2%A0%201%ED%98%B8%EC%84%A0,https://namu.wiki/w/%EC%88%98%EB%8F%84%EA%B6%8C%20%EC%A0%84%EC%B2%A0%20%ED%99%98%EC%8A%B9%20%EC%A0%95%EB%B3%B4/%EC%88%98%EB%8F%84%EA%B6%8C%20%EC%A0%84%EC%B2%A0%201%ED%98%B8%EC%84%A0,,240,
current_app,회기,1호선,청량리,경의중앙선,,7-2,,verified_legacy,legacy_app,https://namu.wiki/w/%EC%88%98%EB%8F%84%EA%B6%8C%20%EC%A0%84%EC%B2%A0%20%ED%99%98%EC%8A%B9%20%EC%A0%95%EB%B3%B4/%EC%88%98%EB%8F%84%EA%B6%8C%20%EC%A0%84%EC%B2%A0%201%ED%98%B8%EC%84%A0,https://namu.wiki/w/%EC%88%98%EB%8F%84%EA%B6%8C%20%EC%A0%84%EC%B2%A0%20%ED%99%98%EC%8A%B9%20%EC%A0%95%EB%B3%B4/%EC%88%98%EB%8F%84%EA%B6%8C%20%EC%A0%84%EC%B2%A0%201%ED%98%B8%EC%84%A0,,120,120
current_app,회기,1호선,청량리,경춘선,,7-2,,verified_legacy,legacy_app,https://namu.wiki/w/%EC%88%98%EB%8F%84%EA%B6%8C%20%EC%A0%84%EC%B2%A0%20%ED%99%98%EC%8A%B9%20%EC%A0%95%EB%B3%B4/%EC%88%98%EB%8F%84%EA%B6%8C%20%EC%A0%84%EC%B2%A0%201%ED%98%B8%EC%84%A0,https://namu.wiki/w/%EC%88%98%EB%8F%84%EA%B6%8C%20%EC%A0%84%EC%B2%A0%20%ED%99%98%EC%8A%B9%20%EC%A0%95%EB%B3%B4/%EC%88%98%EB%8F%84%EA%B6%8C%20%EC%A0%84%EC%B2%A0%201%ED%98%B8%EC%84%A0,,240,
current_app,회기,경의중앙선,,경춘선,,모든 문,,verified_legacy,legacy_app,https://namu.wiki/w/%EC%88%98%EB%8F%84%EA%B6%8C%20%EC%A0%84%EC%B2%A0%20%ED%99%98%EC%8A%B9%20%EC%A0%95%EB%B3%B4/%EC%88%98%EB%8F%84%EA%B6%8C%20%EC%A0%84%EC%B2%A0%20%EA%B2%BD%EC%9D%98%C2%B7%EC%A4%91%EC%95%99%EC%84%A0,https://namu.wiki/w/%EC%88%98%EB%8F%84%EA%B6%8C%20%EC%A0%84%EC%B2%A0%20%ED%99%98%EC%8A%B9%20%EC%A0%95%EB%B3%B4/%EC%88%98%EB%8F%84%EA%B6%8C%20%EC%A0%84%EC%B2%A0%20%EA%B2%BD%EC%9D%98%C2%B7%EC%A4%91%EC%95%99%EC%84%A0,,0,0
current_app,회기,경의중앙선,중랑,1호선,,6-2,,verified_legacy,legacy_app,https://namu.wiki/w/%EC%88%98%EB%8F%84%EA%B6%8C%20%EC%A0%84%EC%B2%A0%20%ED%99%98%EC%8A%B9%20%EC%A0%95%EB%B3%B4/%EC%88%98%EB%8F%84%EA%B6%8C%20%EC%A0%84%EC%B2%A0%20%EA%B2%BD%EC%9D%98%C2%B7%EC%A4%91%EC%95%99%EC%84%A0,https://namu.wiki/w/%EC%88%98%EB%8F%84%EA%B6%8C%20%EC%A0%84%EC%B2%A0%20%ED%99%98%EC%8A%B9%20%EC%A0%95%EB%B3%B4/%EC%88%98%EB%8F%84%EA%B6%8C%20%EC%A0%84%EC%B2%A0%20%EA%B2%BD%EC%9D%98%C2%B7%EC%A4%91%EC%95%99%EC%84%A0,,120,120
current_app,회기,경의중앙선,청량리,1호선,,3-3,,verified_legacy,legacy_app,https://namu.wiki/w/%EC%88%98%EB%8F%84%EA%B6%8C%20%EC%A0%84%EC%B2%A0%20%ED%99%98%EC%8A%B9%20%EC%A0%95%EB%B3%B4/%EC%88%98%EB%8F%84%EA%B6%8C%20%EC%A0%84%EC%B2%A0%20%EA%B2%BD%EC%9D%98%C2%B7%EC%A4%91%EC%95%99%EC%84%A0,https://namu.wiki/w/%EC%88%98%EB%8F%84%EA%B6%8C%20%EC%A0%84%EC%B2%A0%20%ED%99%98%EC%8A%B9%20%EC%A0%95%EB%B3%B4/%EC%88%98%EB%8F%84%EA%B6%8C%20%EC%A0%84%EC%B2%A0%20%EA%B2%BD%EC%9D%98%C2%B7%EC%A4%91%EC%95%99%EC%84%A0,,120,120
current_app,회기,경춘선,,경의중앙선,,모든 문,,verified_legacy,legacy_app,https://namu.wiki/w/%EC%88%98%EB%8F%84%EA%B6%8C%20%EC%A0%84%EC%B2%A0%20%ED%99%98%EC%8A%B9%20%EC%A0%95%EB%B3%B4,https://namu.wiki/w/%EC%88%98%EB%8F%84%EA%B6%8C%20%EC%A0%84%EC%B2%A0%20%ED%99%98%EC%8A%B9%20%EC%A0%95%EB%B3%B4,,0,0
current_app,회기,경춘선,중랑,1호선,,6-2,,verified_legacy,legacy_app,https://namu.wiki/w/%EC%88%98%EB%8F%84%EA%B6%8C%20%EC%A0%84%EC%B2%A0%20%ED%99%98%EC%8A%B9%20%EC%A0%95%EB%B3%B4,https://namu.wiki/w/%EC%88%98%EB%8F%84%EA%B6%8C%20%EC%A0%84%EC%B2%A0%20%ED%99%98%EC%8A%B9%20%EC%A0%95%EB%B3%B4,,240,
current_app,회기,경춘선,청량리,1호선,,3-3,,verified_legacy,legacy_app,https://namu.wiki/w/%EC%88%98%EB%8F%84%EA%B6%8C%20%EC%A0%84%EC%B2%A0%20%ED%99%98%EC%8A%B9%20%EC%A0%95%EB%B3%B4,https://namu.wiki/w/%EC%88%98%EB%8F%84%EA%B6%8C%20%EC%A0%84%EC%B2%A0%20%ED%99%98%EC%8A%B9%20%EC%A0%95%EB%B3%B4,,240,
current_app,효창공원앞,6호선,공덕,경의중앙선,,6-4,,verified_legacy,legacy_app,https://namu.wiki/w/%EC%88%98%EB%8F%84%EA%B6%8C%20%EC%A0%84%EC%B2%A0%20%ED%99%98%EC%8A%B9%20%EC%A0%95%EB%B3%B4/%EC%84%9C%EC%9A%B8%20%EC%A7%80%ED%95%98%EC%B2%A0%206%ED%98%B8%EC%84%A0,https://namu.wiki/w/%EC%88%98%EB%8F%84%EA%B6%8C%20%EC%A0%84%EC%B2%A0%20%ED%99%98%EC%8A%B9%20%EC%A0%95%EB%B3%B4/%EC%84%9C%EC%9A%B8%20%EC%A7%80%ED%95%98%EC%B2%A0%206%ED%98%B8%EC%84%A0,,92,
current_app,효창공원앞,6호선,삼각지,경의중앙선,,3-1,,verified_legacy,legacy_app,https://namu.wiki/w/%EC%88%98%EB%8F%84%EA%B6%8C%20%EC%A0%84%EC%B2%A0%20%ED%99%98%EC%8A%B9%20%EC%A0%95%EB%B3%B4/%EC%84%9C%EC%9A%B8%20%EC%A7%80%ED%95%98%EC%B2%A0%206%ED%98%B8%EC%84%A0,https://namu.wiki/w/%EC%88%98%EB%8F%84%EA%B6%8C%20%EC%A0%84%EC%B2%A0%20%ED%99%98%EC%8A%B9%20%EC%A0%95%EB%B3%B4/%EC%84%9C%EC%9A%B8%20%EC%A7%80%ED%95%98%EC%B2%A0%206%ED%98%B8%EC%84%A0,,92,
current_app,효창공원앞,경의중앙선,공덕,6호선,,2-3,,verified_legacy,legacy_app,https://namu.wiki/w/%EC%88%98%EB%8F%84%EA%B6%8C%20%EC%A0%84%EC%B2%A0%20%ED%99%98%EC%8A%B9%20%EC%A0%95%EB%B3%B4/%EC%88%98%EB%8F%84%EA%B6%8C%20%EC%A0%84%EC%B2%A0%20%EA%B2%BD%EC%9D%98%C2%B7%EC%A4%91%EC%95%99%EC%84%A0,https://namu.wiki/w/%EC%88%98%EB%8F%84%EA%B6%8C%20%EC%A0%84%EC%B2%A0%20%ED%99%98%EC%8A%B9%20%EC%A0%95%EB%B3%B4/%EC%88%98%EB%8F%84%EA%B6%8C%20%EC%A0%84%EC%B2%A0%20%EA%B2%BD%EC%9D%98%C2%B7%EC%A4%91%EC%95%99%EC%84%A0,,240,240
current_app,효창공원앞,경의중앙선,용산,6호선,,8-3,,verified_legacy,legacy_app,https://namu.wiki/w/%EC%88%98%EB%8F%84%EA%B6%8C%20%EC%A0%84%EC%B2%A0%20%ED%99%98%EC%8A%B9%20%EC%A0%95%EB%B3%B4/%EC%88%98%EB%8F%84%EA%B6%8C%20%EC%A0%84%EC%B2%A0%20%EA%B2%BD%EC%9D%98%C2%B7%EC%A4%91%EC%95%99%EC%84%A0,https://namu.wiki/w/%EC%88%98%EB%8F%84%EA%B6%8C%20%EC%A0%84%EC%B2%A0%20%ED%99%98%EC%8A%B9%20%EC%A0%95%EB%B3%B4/%EC%88%98%EB%8F%84%EA%B6%8C%20%EC%A0%84%EC%B2%A0%20%EA%B2%BD%EC%9D%98%C2%B7%EC%A4%91%EC%95%99%EC%84%A0,,240,240
future_network,검암,공항철도,계양,인천2호선,검바위,2-2,,verified,namu_station_or_line,https://namu.wiki/w/%EC%88%98%EB%8F%84%EA%B6%8C%20%EC%A0%84%EC%B2%A0%20%ED%99%98%EC%8A%B9%20%EC%A0%95%EB%B3%B4,https://www.data.go.kr/data/15151816/fileData.do,공공데이터포털 2025-09-23 미리보기: 서울역 방면,,
future_network,검암,공항철도,계양,인천2호선,독정,2-2,,verified,namu_station_or_line,https://namu.wiki/w/%EC%88%98%EB%8F%84%EA%B6%8C%20%EC%A0%84%EC%B2%A0%20%ED%99%98%EC%8A%B9%20%EC%A0%95%EB%B3%B4,https://www.data.go.kr/data/15151816/fileData.do,공공데이터포털 2025-09-23 미리보기: 서울역 방면,,
future_network,검암,공항철도,청라국제도시,인천2호선,검바위,6-4,,verified,namu_station_or_line,https://namu.wiki/w/%EC%88%98%EB%8F%84%EA%B6%8C%20%EC%A0%84%EC%B2%A0%20%ED%99%98%EC%8A%B9%20%EC%A0%95%EB%B3%B4,https://www.data.go.kr/data/15151816/fileData.do,공공데이터포털 2025-09-23 미리보기: 인천공항 방면,,
future_network,검암,공항철도,청라국제도시,인천2호선,독정,6-4,,verified,namu_station_or_line,https://namu.wiki/w/%EC%88%98%EB%8F%84%EA%B6%8C%20%EC%A0%84%EC%B2%A0%20%ED%99%98%EC%8A%B9%20%EC%A0%95%EB%B3%B4,https://www.data.go.kr/data/15151816/fileData.do,공공데이터포털 2025-09-23 미리보기: 인천공항 방면,,
future_network,검암,인천2호선,검바위,공항철도,계양,,,needs_verification,topology_scaffold,https://namu.wiki/w/%EC%88%98%EB%8F%84%EA%B6%8C%20%EC%A0%84%EC%B2%A0%20%ED%99%98%EC%8A%B9%20%EC%A0%95%EB%B3%B4,,,,
future_network,검암,인천2호선,검바위,공항철도,청라국제도시,,,needs_verification,topology_scaffold,https://namu.wiki/w/%EC%88%98%EB%8F%84%EA%B6%8C%20%EC%A0%84%EC%B2%A0%20%ED%99%98%EC%8A%B9%20%EC%A0%95%EB%B3%B4,,,,
future_network,검암,인천2호선,독정,공항철도,계양,,,needs_verification,topology_scaffold,https://namu.wiki/w/%EC%88%98%EB%8F%84%EA%B6%8C%20%EC%A0%84%EC%B2%A0%20%ED%99%98%EC%8A%B9%20%EC%A0%95%EB%B3%B4,,,,
future_network,검암,인천2호선,독정,공항철도,청라국제도시,,,needs_verification,topology_scaffold,https://namu.wiki/w/%EC%88%98%EB%8F%84%EA%B6%8C%20%EC%A0%84%EC%B2%A0%20%ED%99%98%EC%8A%B9%20%EC%A0%95%EB%B3%B4,,,,
future_network,계양,공항철도,검암,인천1호선,귤현,1-4,,verified,namu_station,https://namu.wiki/w/%EC%88%98%EB%8F%84%EA%B6%8C%20%EC%A0%84%EC%B2%A0%20%ED%99%98%EC%8A%B9%20%EC%A0%95%EB%B3%B4,https://namu.moe/w/%EA%B3%84%EC%96%91%EC%97%AD,공항철도 인천공항 방면,,
future_network,계양,공항철도,검암,인천1호선,아라,1-4,,verified,namu_station,https://namu.wiki/w/%EC%88%98%EB%8F%84%EA%B6%8C%20%EC%A0%84%EC%B2%A0%20%ED%99%98%EC%8A%B9%20%EC%A0%95%EB%B3%B4,https://namu.moe/w/%EA%B3%84%EC%96%91%EC%97%AD,공항철도 인천공항 방면,,
future_network,계양,공항철도,김포공항,인천1호선,귤현,5-4,,verified,namu_station,https://namu.wiki/w/%EC%88%98%EB%8F%84%EA%B6%8C%20%EC%A0%84%EC%B2%A0%20%ED%99%98%EC%8A%B9%20%EC%A0%95%EB%B3%B4,https://namu.moe/w/%EA%B3%84%EC%96%91%EC%97%AD,공항철도 서울역 방면,,
future_network,계양,공항철도,김포공항,인천1호선,아라,5-4,,verified,namu_station,https://namu.wiki/w/%EC%88%98%EB%8F%84%EA%B6%8C%20%EC%A0%84%EC%B2%A0%20%ED%99%98%EC%8A%B9%20%EC%A0%95%EB%B3%B4,https://namu.moe/w/%EA%B3%84%EC%96%91%EC%97%AD,공항철도 서울역 방면,,
future_network,계양,인천1호선,귤현,공항철도,검암,2-4,,verified,namu_station,https://namu.wiki/w/%EC%88%98%EB%8F%84%EA%B6%8C%20%EC%A0%84%EC%B2%A0%20%ED%99%98%EC%8A%B9%20%EC%A0%95%EB%B3%B4,https://namu.moe/w/%EA%B3%84%EC%96%91%EC%97%AD,인천1호선 송도달빛축제공원 방면,,
future_network,계양,인천1호선,귤현,공항철도,김포공항,2-4,,verified,namu_station,https://namu.wiki/w/%EC%88%98%EB%8F%84%EA%B6%8C%20%EC%A0%84%EC%B2%A0%20%ED%99%98%EC%8A%B9%20%EC%A0%95%EB%B3%B4,https://namu.moe/w/%EA%B3%84%EC%96%91%EC%97%AD,인천1호선 송도달빛축제공원 방면,,
future_network,계양,인천1호선,아라,공항철도,검암,7-1,,verified,namu_station,https://namu.wiki/w/%EC%88%98%EB%8F%84%EA%B6%8C%20%EC%A0%84%EC%B2%A0%20%ED%99%98%EC%8A%B9%20%EC%A0%95%EB%B3%B4,https://namu.moe/w/%EA%B3%84%EC%96%91%EC%97%AD,인천1호선 검단호수공원 방면,,
future_network,계양,인천1호선,아라,공항철도,김포공항,7-1,,verified,namu_station,https://namu.wiki/w/%EC%88%98%EB%8F%84%EA%B6%8C%20%EC%A0%84%EC%B2%A0%20%ED%99%98%EC%8A%B9%20%EC%A0%95%EB%B3%B4,https://namu.moe/w/%EA%B3%84%EC%96%91%EC%97%AD,인천1호선 검단호수공원 방면,,
future_network,구성,GTX-A,동탄,수인분당선,보정,,,needs_verification,topology_scaffold,https://namu.wiki/w/%EC%88%98%EB%8F%84%EA%B6%8C%20%EC%A0%84%EC%B2%A0%20%ED%99%98%EC%8A%B9%20%EC%A0%95%EB%B3%B4,,,,
future_network,구성,GTX-A,동탄,수인분당선,신갈,,,needs_verification,topology_scaffold,https://namu.wiki/w/%EC%88%98%EB%8F%84%EA%B6%8C%20%EC%A0%84%EC%B2%A0%20%ED%99%98%EC%8A%B9%20%EC%A0%95%EB%B3%B4,,,,
future_network,구성,GTX-A,성남,수인분당선,보정,,,needs_verification,topology_scaffold,https://namu.wiki/w/%EC%88%98%EB%8F%84%EA%B6%8C%20%EC%A0%84%EC%B2%A0%20%ED%99%98%EC%8A%B9%20%EC%A0%95%EB%B3%B4,,,,
future_network,구성,GTX-A,성남,수인분당선,신갈,,,needs_verification,topology_scaffold,https://namu.wiki/w/%EC%88%98%EB%8F%84%EA%B6%8C%20%EC%A0%84%EC%B2%A0%20%ED%99%98%EC%8A%B9%20%EC%A0%95%EB%B3%B4,,,,
future_network,구성,수인분당선,보정,GTX-A,동탄,,,needs_verification,topology_scaffold,https://namu.wiki/w/%EC%88%98%EB%8F%84%EA%B6%8C%20%EC%A0%84%EC%B2%A0%20%ED%99%98%EC%8A%B9%20%EC%A0%95%EB%B3%B4/%EC%88%98%EB%8F%84%EA%B6%8C%20%EC%A0%84%EC%B2%A0%20%EC%88%98%EC%9D%B8%C2%B7%EB%B6%84%EB%8B%B9%EC%84%A0,,,,
future_network,구성,수인분당선,보정,GTX-A,성남,,,needs_verification,topology_scaffold,https://namu.wiki/w/%EC%88%98%EB%8F%84%EA%B6%8C%20%EC%A0%84%EC%B2%A0%20%ED%99%98%EC%8A%B9%20%EC%A0%95%EB%B3%B4/%EC%88%98%EB%8F%84%EA%B6%8C%20%EC%A0%84%EC%B2%A0%20%EC%88%98%EC%9D%B8%C2%B7%EB%B6%84%EB%8B%B9%EC%84%A0,,,,
future_network,구성,수인분당선,신갈,GTX-A,동탄,,,needs_verification,topology_scaffold,https://namu.wiki/w/%EC%88%98%EB%8F%84%EA%B6%8C%20%EC%A0%84%EC%B2%A0%20%ED%99%98%EC%8A%B9%20%EC%A0%95%EB%B3%B4/%EC%88%98%EB%8F%84%EA%B6%8C%20%EC%A0%84%EC%B2%A0%20%EC%88%98%EC%9D%B8%C2%B7%EB%B6%84%EB%8B%B9%EC%84%A0,,,,
future_network,구성,수인분당선,신갈,GTX-A,성남,,,needs_verification,topology_scaffold,https://namu.wiki/w/%EC%88%98%EB%8F%84%EA%B6%8C%20%EC%A0%84%EC%B2%A0%20%ED%99%98%EC%8A%B9%20%EC%A0%95%EB%B3%B4/%EC%88%98%EB%8F%84%EA%B6%8C%20%EC%A0%84%EC%B2%A0%20%EC%88%98%EC%9D%B8%C2%B7%EB%B6%84%EB%8B%B9%EC%84%A0,,,,
future_network,기흥,수인분당선,상갈,용인경전철,강남대,,,needs_verification,topology_scaffold,https://namu.wiki/w/%EC%88%98%EB%8F%84%EA%B6%8C%20%EC%A0%84%EC%B2%A0%20%ED%99%98%EC%8A%B9%20%EC%A0%95%EB%B3%B4/%EC%88%98%EB%8F%84%EA%B6%8C%20%EC%A0%84%EC%B2%A0%20%EC%88%98%EC%9D%B8%C2%B7%EB%B6%84%EB%8B%B9%EC%84%A0,,,,
future_network,기흥,수인분당선,신갈,용인경전철,강남대,,,needs_verification,topology_scaffold,https://namu.wiki/w/%EC%88%98%EB%8F%84%EA%B6%8C%20%EC%A0%84%EC%B2%A0%20%ED%99%98%EC%8A%B9%20%EC%A0%95%EB%B3%B4/%EC%88%98%EB%8F%84%EA%B6%8C%20%EC%A0%84%EC%B2%A0%20%EC%88%98%EC%9D%B8%C2%B7%EB%B6%84%EB%8B%B9%EC%84%A0,,,,
future_network,기흥,용인경전철,강남대,수인분당선,상갈,,,needs_verification,topology_scaffold,https://namu.wiki/w/%EC%88%98%EB%8F%84%EA%B6%8C%20%EC%A0%84%EC%B2%A0%20%ED%99%98%EC%8A%B9%20%EC%A0%95%EB%B3%B4,,,,
future_network,기흥,용인경전철,강남대,수인분당선,신갈,,,needs_verification,topology_scaffold,https://namu.wiki/w/%EC%88%98%EB%8F%84%EA%B6%8C%20%EC%A0%84%EC%B2%A0%20%ED%99%98%EC%8A%B9%20%EC%A0%95%EB%B3%B4,,,,
future_network,김포공항,5호선,개화산,김포골드라인,고촌,,,needs_verification,topology_scaffold,https://namu.wiki/w/%EC%88%98%EB%8F%84%EA%B6%8C%20%EC%A0%84%EC%B2%A0%20%ED%99%98%EC%8A%B9%20%EC%A0%95%EB%B3%B4/%EC%88%98%EB%8F%84%EA%B6%8C%20%EC%A0%84%EC%B2%A0%205%ED%98%B8%EC%84%A0,,,,
future_network,김포공항,5호선,송정,김포골드라인,고촌,,,needs_verification,topology_scaffold,https://namu.wiki/w/%EC%88%98%EB%8F%84%EA%B6%8C%20%EC%A0%84%EC%B2%A0%20%ED%99%98%EC%8A%B9%20%EC%A0%95%EB%B3%B4/%EC%88%98%EB%8F%84%EA%B6%8C%20%EC%A0%84%EC%B2%A0%205%ED%98%B8%EC%84%A0,,,,
future_network,김포공항,9호선,개화,김포골드라인,고촌,6-1,,verified,namu_station,https://namu.wiki/w/%EC%88%98%EB%8F%84%EA%B6%8C%20%EC%A0%84%EC%B2%A0%20%ED%99%98%EC%8A%B9%20%EC%A0%95%EB%B3%B4/%EC%84%9C%EC%9A%B8%20%EC%A7%80%ED%95%98%EC%B2%A0%209%ED%98%B8%EC%84%A0,https://namu.moe/w/%EC%88%98%EB%8F%84%EA%B6%8C%20%EC%A0%84%EC%B2%A0%20%ED%99%98%EC%8A%B9%20%EC%A0%95%EB%B3%B4/%EC%84%9C%EC%9A%B8%20%EC%A7%80%ED%95%98%EC%B2%A0%209%ED%98%B8%EC%84%A0,,,
future_network,김포공항,9호선,공항시장,김포골드라인,고촌,4-4,,verified,namu_station,https://namu.wiki/w/%EC%88%98%EB%8F%84%EA%B6%8C%20%EC%A0%84%EC%B2%A0%20%ED%99%98%EC%8A%B9%20%EC%A0%95%EB%B3%B4/%EC%84%9C%EC%9A%B8%20%EC%A7%80%ED%95%98%EC%B2%A0%209%ED%98%B8%EC%84%A0,https://namu.moe/w/%EC%88%98%EB%8F%84%EA%B6%8C%20%EC%A0%84%EC%B2%A0%20%ED%99%98%EC%8A%B9%20%EC%A0%95%EB%B3%B4/%EC%84%9C%EC%9A%B8%20%EC%A7%80%ED%95%98%EC%B2%A0%209%ED%98%B8%EC%84%A0,,,
future_network,김포공항,공항철도,계양,김포골드라인,고촌,,,needs_verification,topology_scaffold,https://namu.wiki/w/%EC%88%98%EB%8F%84%EA%B6%8C%20%EC%A0%84%EC%B2%A0%20%ED%99%98%EC%8A%B9%20%EC%A0%95%EB%B3%B4,,,,
future_network,김포공항,공항철도,마곡나루,김포골드라인,고촌,,,needs_verification,topology_scaffold,https://namu.wiki/w/%EC%88%98%EB%8F%84%EA%B6%8C%20%EC%A0%84%EC%B2%A0%20%ED%99%98%EC%8A%B9%20%EC%A0%95%EB%B3%B4,,,,
future_network,김포공항,김포골드라인,고촌,5호선,개화산,,,needs_verification,topology_scaffold,https://namu.wiki/w/%EC%88%98%EB%8F%84%EA%B6%8C%20%EC%A0%84%EC%B2%A0%20%ED%99%98%EC%8A%B9%20%EC%A0%95%EB%B3%B4,,,,
future_network,김포공항,김포골드라인,고촌,5호선,송정,,,needs_verification,topology_scaffold,https://namu.wiki/w/%EC%88%98%EB%8F%84%EA%B6%8C%20%EC%A0%84%EC%B2%A0%20%ED%99%98%EC%8A%B9%20%EC%A0%95%EB%B3%B4,,,,
future_network,김포공항,김포골드라인,고촌,9호선,개화,,,needs_verification,topology_scaffold,https://namu.wiki/w/%EC%88%98%EB%8F%84%EA%B6%8C%20%EC%A0%84%EC%B2%A0%20%ED%99%98%EC%8A%B9%20%EC%A0%95%EB%B3%B4,,,,
future_network,김포공항,김포골드라인,고촌,9호선,공항시장,,,needs_verification,topology_scaffold,https://namu.wiki/w/%EC%88%98%EB%8F%84%EA%B6%8C%20%EC%A0%84%EC%B2%A0%20%ED%99%98%EC%8A%B9%20%EC%A0%95%EB%B3%B4,,,,
future_network,김포공항,김포골드라인,고촌,공항철도,계양,,,needs_verification,topology_scaffold,https://namu.wiki/w/%EC%88%98%EB%8F%84%EA%B6%8C%20%EC%A0%84%EC%B2%A0%20%ED%99%98%EC%8A%B9%20%EC%A0%95%EB%B3%B4,,,,
future_network,김포공항,김포골드라인,고촌,공항철도,마곡나루,,,needs_verification,topology_scaffold,https://namu.wiki/w/%EC%88%98%EB%8F%84%EA%B6%8C%20%EC%A0%84%EC%B2%A0%20%ED%99%98%EC%8A%B9%20%EC%A0%95%EB%B3%B4,,,,
future_network,김포공항,김포골드라인,고촌,서해선,능곡,,,needs_verification,topology_scaffold,https://namu.wiki/w/%EC%88%98%EB%8F%84%EA%B6%8C%20%EC%A0%84%EC%B2%A0%20%ED%99%98%EC%8A%B9%20%EC%A0%95%EB%B3%B4,,,,
future_network,김포공항,김포골드라인,고촌,서해선,원종,,,needs_verification,topology_scaffold,https://namu.wiki/w/%EC%88%98%EB%8F%84%EA%B6%8C%20%EC%A0%84%EC%B2%A0%20%ED%99%98%EC%8A%B9%20%EC%A0%95%EB%B3%B4,,,,
future_network,김포공항,서해선,능곡,김포골드라인,고촌,,,needs_verification,topology_scaffold,https://namu.wiki/w/%EC%88%98%EB%8F%84%EA%B6%8C%20%EC%A0%84%EC%B2%A0%20%ED%99%98%EC%8A%B9%20%EC%A0%95%EB%B3%B4,,,,
future_network,김포공항,서해선,원종,김포골드라인,고촌,,,needs_verification,topology_scaffold,https://namu.wiki/w/%EC%88%98%EB%8F%84%EA%B6%8C%20%EC%A0%84%EC%B2%A0%20%ED%99%98%EC%8A%B9%20%EC%A0%95%EB%B3%B4,,,,
future_network,대곡,3호선,백석,GTX-A,연신내,4-1,9-1,verified,namu_station_or_line,https://namu.wiki/w/%EC%88%98%EB%8F%84%EA%B6%8C%20%EC%A0%84%EC%B2%A0%20%ED%99%98%EC%8A%B9%20%EC%A0%95%EB%B3%B4/%EC%88%98%EB%8F%84%EA%B6%8C%20%EC%A0%84%EC%B2%A0%203%ED%98%B8%EC%84%A0,https://www.namu.moe/w/%EC%88%98%EB%8F%84%EA%B6%8C%20%EC%A0%84%EC%B2%A0%20%ED%99%98%EC%8A%B9%20%EC%A0%95%EB%B3%B4/%EC%88%98%EB%8F%84%EA%B6%8C%20%EC%A0%84%EC%B2%A0%203%ED%98%B8%EC%84%A0,3호선 대화 방면 → GTX-A,,
future_network,대곡,3호선,백석,GTX-A,킨텍스,4-1,9-1,verified,namu_station_or_line,https://namu.wiki/w/%EC%88%98%EB%8F%84%EA%B6%8C%20%EC%A0%84%EC%B2%A0%20%ED%99%98%EC%8A%B9%20%EC%A0%95%EB%B3%B4/%EC%88%98%EB%8F%84%EA%B6%8C%20%EC%A0%84%EC%B2%A0%203%ED%98%B8%EC%84%A0,https://www.namu.moe/w/%EC%88%98%EB%8F%84%EA%B6%8C%20%EC%A0%84%EC%B2%A0%20%ED%99%98%EC%8A%B9%20%EC%A0%95%EB%B3%B4/%EC%88%98%EB%8F%84%EA%B6%8C%20%EC%A0%84%EC%B2%A0%203%ED%98%B8%EC%84%A0,3호선 대화 방면 → GTX-A,,
future_network,대곡,3호선,화정,GTX-A,연신내,2-4,7-4,verified,namu_station_or_line,https://namu.wiki/w/%EC%88%98%EB%8F%84%EA%B6%8C%20%EC%A0%84%EC%B2%A0%20%ED%99%98%EC%8A%B9%20%EC%A0%95%EB%B3%B4/%EC%88%98%EB%8F%84%EA%B6%8C%20%EC%A0%84%EC%B2%A0%203%ED%98%B8%EC%84%A0,https://www.namu.moe/w/%EC%88%98%EB%8F%84%EA%B6%8C%20%EC%A0%84%EC%B2%A0%20%ED%99%98%EC%8A%B9%20%EC%A0%95%EB%B3%B4/%EC%88%98%EB%8F%84%EA%B6%8C%20%EC%A0%84%EC%B2%A0%203%ED%98%B8%EC%84%A0,3호선 오금 방면 → GTX-A,,
future_network,대곡,3호선,화정,GTX-A,킨텍스,2-4,7-4,verified,namu_station_or_line,https://namu.wiki/w/%EC%88%98%EB%8F%84%EA%B6%8C%20%EC%A0%84%EC%B2%A0%20%ED%99%98%EC%8A%B9%20%EC%A0%95%EB%B3%B4/%EC%88%98%EB%8F%84%EA%B6%8C%20%EC%A0%84%EC%B2%A0%203%ED%98%B8%EC%84%A0,https://www.namu.moe/w/%EC%88%98%EB%8F%84%EA%B6%8C%20%EC%A0%84%EC%B2%A0%20%ED%99%98%EC%8A%B9%20%EC%A0%95%EB%B3%B4/%EC%88%98%EB%8F%84%EA%B6%8C%20%EC%A0%84%EC%B2%A0%203%ED%98%B8%EC%84%A0,3호선 오금 방면 → GTX-A,,
future_network,대곡,GTX-A,연신내,3호선,백석,,,needs_verification,topology_scaffold,https://namu.wiki/w/%EC%88%98%EB%8F%84%EA%B6%8C%20%EC%A0%84%EC%B2%A0%20%ED%99%98%EC%8A%B9%20%EC%A0%95%EB%B3%B4,,,,
future_network,대곡,GTX-A,연신내,3호선,화정,,,needs_verification,topology_scaffold,https://namu.wiki/w/%EC%88%98%EB%8F%84%EA%B6%8C%20%EC%A0%84%EC%B2%A0%20%ED%99%98%EC%8A%B9%20%EC%A0%95%EB%B3%B4,,,,
future_network,대곡,GTX-A,연신내,경의중앙선,곡산,,,needs_verification,topology_scaffold,https://namu.wiki/w/%EC%88%98%EB%8F%84%EA%B6%8C%20%EC%A0%84%EC%B2%A0%20%ED%99%98%EC%8A%B9%20%EC%A0%95%EB%B3%B4,,,,
future_network,대곡,GTX-A,연신내,경의중앙선,능곡,,,needs_verification,topology_scaffold,https://namu.wiki/w/%EC%88%98%EB%8F%84%EA%B6%8C%20%EC%A0%84%EC%B2%A0%20%ED%99%98%EC%8A%B9%20%EC%A0%95%EB%B3%B4,,,,
future_network,대곡,GTX-A,연신내,서해선,곡산,,,needs_verification,topology_scaffold,https://namu.wiki/w/%EC%88%98%EB%8F%84%EA%B6%8C%20%EC%A0%84%EC%B2%A0%20%ED%99%98%EC%8A%B9%20%EC%A0%95%EB%B3%B4,,,,
future_network,대곡,GTX-A,연신내,서해선,능곡,,,needs_verification,topology_scaffold,https://namu.wiki/w/%EC%88%98%EB%8F%84%EA%B6%8C%20%EC%A0%84%EC%B2%A0%20%ED%99%98%EC%8A%B9%20%EC%A0%95%EB%B3%B4,,,,
future_network,대곡,GTX-A,킨텍스,3호선,백석,,,needs_verification,topology_scaffold,https://namu.wiki/w/%EC%88%98%EB%8F%84%EA%B6%8C%20%EC%A0%84%EC%B2%A0%20%ED%99%98%EC%8A%B9%20%EC%A0%95%EB%B3%B4,,,,
future_network,대곡,GTX-A,킨텍스,3호선,화정,,,needs_verification,topology_scaffold,https://namu.wiki/w/%EC%88%98%EB%8F%84%EA%B6%8C%20%EC%A0%84%EC%B2%A0%20%ED%99%98%EC%8A%B9%20%EC%A0%95%EB%B3%B4,,,,
future_network,대곡,GTX-A,킨텍스,경의중앙선,곡산,,,needs_verification,topology_scaffold,https://namu.wiki/w/%EC%88%98%EB%8F%84%EA%B6%8C%20%EC%A0%84%EC%B2%A0%20%ED%99%98%EC%8A%B9%20%EC%A0%95%EB%B3%B4,,,,
future_network,대곡,GTX-A,킨텍스,경의중앙선,능곡,,,needs_verification,topology_scaffold,https://namu.wiki/w/%EC%88%98%EB%8F%84%EA%B6%8C%20%EC%A0%84%EC%B2%A0%20%ED%99%98%EC%8A%B9%20%EC%A0%95%EB%B3%B4,,,,
future_network,대곡,GTX-A,킨텍스,서해선,곡산,,,needs_verification,topology_scaffold,https://namu.wiki/w/%EC%88%98%EB%8F%84%EA%B6%8C%20%EC%A0%84%EC%B2%A0%20%ED%99%98%EC%8A%B9%20%EC%A0%95%EB%B3%B4,,,,
future_network,대곡,GTX-A,킨텍스,서해선,능곡,,,needs_verification,topology_scaffold,https://namu.wiki/w/%EC%88%98%EB%8F%84%EA%B6%8C%20%EC%A0%84%EC%B2%A0%20%ED%99%98%EC%8A%B9%20%EC%A0%95%EB%B3%B4,,,,
future_network,대곡,경의중앙선,곡산,GTX-A,연신내,,,needs_verification,topology_scaffold,https://namu.wiki/w/%EC%88%98%EB%8F%84%EA%B6%8C%20%EC%A0%84%EC%B2%A0%20%ED%99%98%EC%8A%B9%20%EC%A0%95%EB%B3%B4/%EC%88%98%EB%8F%84%EA%B6%8C%20%EC%A0%84%EC%B2%A0%20%EA%B2%BD%EC%9D%98%C2%B7%EC%A4%91%EC%95%99%EC%84%A0,,,,
future_network,대곡,경의중앙선,곡산,GTX-A,킨텍스,,,needs_verification,topology_scaffold,https://namu.wiki/w/%EC%88%98%EB%8F%84%EA%B6%8C%20%EC%A0%84%EC%B2%A0%20%ED%99%98%EC%8A%B9%20%EC%A0%95%EB%B3%B4/%EC%88%98%EB%8F%84%EA%B6%8C%20%EC%A0%84%EC%B2%A0%20%EA%B2%BD%EC%9D%98%C2%B7%EC%A4%91%EC%95%99%EC%84%A0,,,,
future_network,대곡,경의중앙선,능곡,GTX-A,연신내,,,needs_verification,topology_scaffold,https://namu.wiki/w/%EC%88%98%EB%8F%84%EA%B6%8C%20%EC%A0%84%EC%B2%A0%20%ED%99%98%EC%8A%B9%20%EC%A0%95%EB%B3%B4/%EC%88%98%EB%8F%84%EA%B6%8C%20%EC%A0%84%EC%B2%A0%20%EA%B2%BD%EC%9D%98%C2%B7%EC%A4%91%EC%95%99%EC%84%A0,,,,
future_network,대곡,경의중앙선,능곡,GTX-A,킨텍스,,,needs_verification,topology_scaffold,https://namu.wiki/w/%EC%88%98%EB%8F%84%EA%B6%8C%20%EC%A0%84%EC%B2%A0%20%ED%99%98%EC%8A%B9%20%EC%A0%95%EB%B3%B4/%EC%88%98%EB%8F%84%EA%B6%8C%20%EC%A0%84%EC%B2%A0%20%EA%B2%BD%EC%9D%98%C2%B7%EC%A4%91%EC%95%99%EC%84%A0,,,,
future_network,대곡,서해선,곡산,GTX-A,연신내,,,needs_verification,topology_scaffold,https://namu.wiki/w/%EC%88%98%EB%8F%84%EA%B6%8C%20%EC%A0%84%EC%B2%A0%20%ED%99%98%EC%8A%B9%20%EC%A0%95%EB%B3%B4,,,,
future_network,대곡,서해선,곡산,GTX-A,킨텍스,,,needs_verification,topology_scaffold,https://namu.wiki/w/%EC%88%98%EB%8F%84%EA%B6%8C%20%EC%A0%84%EC%B2%A0%20%ED%99%98%EC%8A%B9%20%EC%A0%95%EB%B3%B4,,,,
future_network,대곡,서해선,능곡,GTX-A,연신내,,,needs_verification,topology_scaffold,https://namu.wiki/w/%EC%88%98%EB%8F%84%EA%B6%8C%20%EC%A0%84%EC%B2%A0%20%ED%99%98%EC%8A%B9%20%EC%A0%95%EB%B3%B4,,,,
future_network,대곡,서해선,능곡,GTX-A,킨텍스,,,needs_verification,topology_scaffold,https://namu.wiki/w/%EC%88%98%EB%8F%84%EA%B6%8C%20%EC%A0%84%EC%B2%A0%20%ED%99%98%EC%8A%B9%20%EC%A0%95%EB%B3%B4,,,,
future_network,대방,1호선,노량진,신림선,샛강,,,needs_verification,topology_scaffold,https://namu.wiki/w/%EC%88%98%EB%8F%84%EA%B6%8C%20%EC%A0%84%EC%B2%A0%20%ED%99%98%EC%8A%B9%20%EC%A0%95%EB%B3%B4/%EC%88%98%EB%8F%84%EA%B6%8C%20%EC%A0%84%EC%B2%A0%201%ED%98%B8%EC%84%A0,,,,
future_network,대방,1호선,노량진,신림선,서울지방병무청,,,needs_verification,topology_scaffold,https://namu.wiki/w/%EC%88%98%EB%8F%84%EA%B6%8C%20%EC%A0%84%EC%B2%A0%20%ED%99%98%EC%8A%B9%20%EC%A0%95%EB%B3%B4/%EC%88%98%EB%8F%84%EA%B6%8C%20%EC%A0%84%EC%B2%A0%201%ED%98%B8%EC%84%A0,,,,
future_network,대방,1호선,신길,신림선,샛강,,,needs_verification,topology_scaffold,https://namu.wiki/w/%EC%88%98%EB%8F%84%EA%B6%8C%20%EC%A0%84%EC%B2%A0%20%ED%99%98%EC%8A%B9%20%EC%A0%95%EB%B3%B4/%EC%88%98%EB%8F%84%EA%B6%8C%20%EC%A0%84%EC%B2%A0%201%ED%98%B8%EC%84%A0,,,,
future_network,대방,1호선,신길,신림선,서울지방병무청,,,needs_verification,topology_scaffold,https://namu.wiki/w/%EC%88%98%EB%8F%84%EA%B6%8C%20%EC%A0%84%EC%B2%A0%20%ED%99%98%EC%8A%B9%20%EC%A0%95%EB%B3%B4/%EC%88%98%EB%8F%84%EA%B6%8C%20%EC%A0%84%EC%B2%A0%201%ED%98%B8%EC%84%A0,,,,
future_network,대방,신림선,샛강,1호선,노량진,,,needs_verification,topology_scaffold,https://namu.wiki/w/%EC%88%98%EB%8F%84%EA%B6%8C%20%EC%A0%84%EC%B2%A0%20%ED%99%98%EC%8A%B9%20%EC%A0%95%EB%B3%B4,,,,
future_network,대방,신림선,샛강,1호선,신길,,,needs_verification,topology_scaffold,https://namu.wiki/w/%EC%88%98%EB%8F%84%EA%B6%8C%20%EC%A0%84%EC%B2%A0%20%ED%99%98%EC%8A%B9%20%EC%A0%95%EB%B3%B4,,,,
future_network,대방,신림선,서울지방병무청,1호선,노량진,,,needs_verification,topology_scaffold,https://namu.wiki/w/%EC%88%98%EB%8F%84%EA%B6%8C%20%EC%A0%84%EC%B2%A0%20%ED%99%98%EC%8A%B9%20%EC%A0%95%EB%B3%B4,,,,
future_network,대방,신림선,서울지방병무청,1호선,신길,,,needs_verification,topology_scaffold,https://namu.wiki/w/%EC%88%98%EB%8F%84%EA%B6%8C%20%EC%A0%84%EC%B2%A0%20%ED%99%98%EC%8A%B9%20%EC%A0%95%EB%B3%B4,,,,
future_network,보라매,7호선,신대방삼거리,신림선,보라매공원,8-4,,verified,namu_station,https://namu.wiki/w/%EC%88%98%EB%8F%84%EA%B6%8C%20%EC%A0%84%EC%B2%A0%20%ED%99%98%EC%8A%B9%20%EC%A0%95%EB%B3%B4/%EC%84%9C%EC%9A%B8%20%EC%A7%80%ED%95%98%EC%B2%A0%207%ED%98%B8%EC%84%A0,https://d.namu.moe/w/%EC%88%98%EB%8F%84%EA%B6%8C%20%EC%A0%84%EC%B2%A0%20%ED%99%98%EC%8A%B9%20%EC%A0%95%EB%B3%B4/%EC%84%9C%EC%9A%B8%20%EC%A7%80%ED%95%98%EC%B2%A0%207%ED%98%B8%EC%84%A0,,,
future_network,보라매,7호선,신대방삼거리,신림선,서울지방병무청,8-4,,verified,namu_station,https://namu.wiki/w/%EC%88%98%EB%8F%84%EA%B6%8C%20%EC%A0%84%EC%B2%A0%20%ED%99%98%EC%8A%B9%20%EC%A0%95%EB%B3%B4/%EC%84%9C%EC%9A%B8%20%EC%A7%80%ED%95%98%EC%B2%A0%207%ED%98%B8%EC%84%A0,https://d.namu.moe/w/%EC%88%98%EB%8F%84%EA%B6%8C%20%EC%A0%84%EC%B2%A0%20%ED%99%98%EC%8A%B9%20%EC%A0%95%EB%B3%B4/%EC%84%9C%EC%9A%B8%20%EC%A7%80%ED%95%98%EC%B2%A0%207%ED%98%B8%EC%84%A0,,,
future_network,보라매,7호선,신풍,신림선,보라매공원,1-1,,verified,namu_station,https://namu.wiki/w/%EC%88%98%EB%8F%84%EA%B6%8C%20%EC%A0%84%EC%B2%A0%20%ED%99%98%EC%8A%B9%20%EC%A0%95%EB%B3%B4/%EC%84%9C%EC%9A%B8%20%EC%A7%80%ED%95%98%EC%B2%A0%207%ED%98%B8%EC%84%A0,https://d.namu.moe/w/%EC%88%98%EB%8F%84%EA%B6%8C%20%EC%A0%84%EC%B2%A0%20%ED%99%98%EC%8A%B9%20%EC%A0%95%EB%B3%B4/%EC%84%9C%EC%9A%B8%20%EC%A7%80%ED%95%98%EC%B2%A0%207%ED%98%B8%EC%84%A0,,,
future_network,보라매,7호선,신풍,신림선,서울지방병무청,1-1,,verified,namu_station,https://namu.wiki/w/%EC%88%98%EB%8F%84%EA%B6%8C%20%EC%A0%84%EC%B2%A0%20%ED%99%98%EC%8A%B9%20%EC%A0%95%EB%B3%B4/%EC%84%9C%EC%9A%B8%20%EC%A7%80%ED%95%98%EC%B2%A0%207%ED%98%B8%EC%84%A0,https://d.namu.moe/w/%EC%88%98%EB%8F%84%EA%B6%8C%20%EC%A0%84%EC%B2%A0%20%ED%99%98%EC%8A%B9%20%EC%A0%95%EB%B3%B4/%EC%84%9C%EC%9A%B8%20%EC%A7%80%ED%95%98%EC%B2%A0%207%ED%98%B8%EC%84%A0,,,
future_network,보라매,신림선,보라매공원,7호선,신대방삼거리,,,needs_verification,topology_scaffold,https://namu.wiki/w/%EC%88%98%EB%8F%84%EA%B6%8C%20%EC%A0%84%EC%B2%A0%20%ED%99%98%EC%8A%B9%20%EC%A0%95%EB%B3%B4,,,,
future_network,보라매,신림선,보라매공원,7호선,신풍,,,needs_verification,topology_scaffold,https://namu.wiki/w/%EC%88%98%EB%8F%84%EA%B6%8C%20%EC%A0%84%EC%B2%A0%20%ED%99%98%EC%8A%B9%20%EC%A0%95%EB%B3%B4,,,,
future_network,보라매,신림선,서울지방병무청,7호선,신대방삼거리,,,needs_verification,topology_scaffold,https://namu.wiki/w/%EC%88%98%EB%8F%84%EA%B6%8C%20%EC%A0%84%EC%B2%A0%20%ED%99%98%EC%8A%B9%20%EC%A0%95%EB%B3%B4,,,,
future_network,보라매,신림선,서울지방병무청,7호선,신풍,,,needs_verification,topology_scaffold,https://namu.wiki/w/%EC%88%98%EB%8F%84%EA%B6%8C%20%EC%A0%84%EC%B2%A0%20%ED%99%98%EC%8A%B9%20%EC%A0%95%EB%B3%B4,,,,
future_network,보문,6호선,안암,우이신설선,성신여대입구,3-4,,verified,namu_station_or_line,https://namu.wiki/w/%EC%88%98%EB%8F%84%EA%B6%8C%20%EC%A0%84%EC%B2%A0%20%ED%99%98%EC%8A%B9%20%EC%A0%95%EB%B3%B4/%EC%84%9C%EC%9A%B8%20%EC%A7%80%ED%95%98%EC%B2%A0%206%ED%98%B8%EC%84%A0,https://dark.namu.moe/w/%EC%88%98%EB%8F%84%EA%B6%8C%20%EC%A0%84%EC%B2%A0%20%ED%99%98%EC%8A%B9%20%EC%A0%95%EB%B3%B4/%EC%84%9C%EC%9A%B8%20%EC%A7%80%ED%95%98%EC%B2%A0%206%ED%98%B8%EC%84%A0,6호선 신내/응암순환 어느 방면이든 우이신설선 환승 3-4,,
future_network,보문,6호선,안암,우이신설선,신설동,3-4,,verified,namu_station_or_line,https://namu.wiki/w/%EC%88%98%EB%8F%84%EA%B6%8C%20%EC%A0%84%EC%B2%A0%20%ED%99%98%EC%8A%B9%20%EC%A0%95%EB%B3%B4/%EC%84%9C%EC%9A%B8%20%EC%A7%80%ED%95%98%EC%B2%A0%206%ED%98%B8%EC%84%A0,https://dark.namu.moe/w/%EC%88%98%EB%8F%84%EA%B6%8C%20%EC%A0%84%EC%B2%A0%20%ED%99%98%EC%8A%B9%20%EC%A0%95%EB%B3%B4/%EC%84%9C%EC%9A%B8%20%EC%A7%80%ED%95%98%EC%B2%A0%206%ED%98%B8%EC%84%A0,6호선 신내/응암순환 어느 방면이든 우이신설선 환승 3-4,,
future_network,보문,6호선,창신,우이신설선,성신여대입구,3-4,,verified,namu_station_or_line,https://namu.wiki/w/%EC%88%98%EB%8F%84%EA%B6%8C%20%EC%A0%84%EC%B2%A0%20%ED%99%98%EC%8A%B9%20%EC%A0%95%EB%B3%B4/%EC%84%9C%EC%9A%B8%20%EC%A7%80%ED%95%98%EC%B2%A0%206%ED%98%B8%EC%84%A0,https://dark.namu.moe/w/%EC%88%98%EB%8F%84%EA%B6%8C%20%EC%A0%84%EC%B2%A0%20%ED%99%98%EC%8A%B9%20%EC%A0%95%EB%B3%B4/%EC%84%9C%EC%9A%B8%20%EC%A7%80%ED%95%98%EC%B2%A0%206%ED%98%B8%EC%84%A0,6호선 신내/응암순환 어느 방면이든 우이신설선 환승 3-4,,
future_network,보문,6호선,창신,우이신설선,신설동,3-4,,verified,namu_station_or_line,https://namu.wiki/w/%EC%88%98%EB%8F%84%EA%B6%8C%20%EC%A0%84%EC%B2%A0%20%ED%99%98%EC%8A%B9%20%EC%A0%95%EB%B3%B4/%EC%84%9C%EC%9A%B8%20%EC%A7%80%ED%95%98%EC%B2%A0%206%ED%98%B8%EC%84%A0,https://dark.namu.moe/w/%EC%88%98%EB%8F%84%EA%B6%8C%20%EC%A0%84%EC%B2%A0%20%ED%99%98%EC%8A%B9%20%EC%A0%95%EB%B3%B4/%EC%84%9C%EC%9A%B8%20%EC%A7%80%ED%95%98%EC%B2%A0%206%ED%98%B8%EC%84%A0,6호선 신내/응암순환 어느 방면이든 우이신설선 환승 3-4,,
future_network,보문,우이신설선,성신여대입구,6호선,안암,,,needs_verification,topology_scaffold,https://namu.wiki/w/%EC%88%98%EB%8F%84%EA%B6%8C%20%EC%A0%84%EC%B2%A0%20%ED%99%98%EC%8A%B9%20%EC%A0%95%EB%B3%B4,,,,
future_network,보문,우이신설선,성신여대입구,6호선,창신,,,needs_verification,topology_scaffold,https://namu.wiki/w/%EC%88%98%EB%8F%84%EA%B6%8C%20%EC%A0%84%EC%B2%A0%20%ED%99%98%EC%8A%B9%20%EC%A0%95%EB%B3%B4,,,,
future_network,보문,우이신설선,신설동,6호선,안암,,,needs_verification,topology_scaffold,https://namu.wiki/w/%EC%88%98%EB%8F%84%EA%B6%8C%20%EC%A0%84%EC%B2%A0%20%ED%99%98%EC%8A%B9%20%EC%A0%95%EB%B3%B4,,,,
future_network,보문,우이신설선,신설동,6호선,창신,,,needs_verification,topology_scaffold,https://namu.wiki/w/%EC%88%98%EB%8F%84%EA%B6%8C%20%EC%A0%84%EC%B2%A0%20%ED%99%98%EC%8A%B9%20%EC%A0%95%EB%B3%B4,,,,
future_network,부평,1호선,동암,인천1호선,동수,2-3,,verified,namu_station,https://namu.wiki/w/%EC%88%98%EB%8F%84%EA%B6%8C%20%EC%A0%84%EC%B2%A0%20%ED%99%98%EC%8A%B9%20%EC%A0%95%EB%B3%B4/%EC%88%98%EB%8F%84%EA%B6%8C%20%EC%A0%84%EC%B2%A0%201%ED%98%B8%EC%84%A0,https://www.namu.moe/w/%EB%B6%80%ED%8F%89%EC%97%AD,,,
future_network,부평,1호선,동암,인천1호선,부평시장,2-3,,verified,namu_station,https://namu.wiki/w/%EC%88%98%EB%8F%84%EA%B6%8C%20%EC%A0%84%EC%B2%A0%20%ED%99%98%EC%8A%B9%20%EC%A0%95%EB%B3%B4/%EC%88%98%EB%8F%84%EA%B6%8C%20%EC%A0%84%EC%B2%A0%201%ED%98%B8%EC%84%A0,https://www.namu.moe/w/%EB%B6%80%ED%8F%89%EC%97%AD,,,
future_network,부평,1호선,백운,인천1호선,동수,9-2,,verified,namu_station,https://namu.wiki/w/%EC%88%98%EB%8F%84%EA%B6%8C%20%EC%A0%84%EC%B2%A0%20%ED%99%98%EC%8A%B9%20%EC%A0%95%EB%B3%B4/%EC%88%98%EB%8F%84%EA%B6%8C%20%EC%A0%84%EC%B2%A0%201%ED%98%B8%EC%84%A0,https://www.namu.moe/w/%EB%B6%80%ED%8F%89%EC%97%AD,,,
future_network,부평,1호선,백운,인천1호선,부평시장,9-2,,verified,namu_station,https://namu.wiki/w/%EC%88%98%EB%8F%84%EA%B6%8C%20%EC%A0%84%EC%B2%A0%20%ED%99%98%EC%8A%B9%20%EC%A0%95%EB%B3%B4/%EC%88%98%EB%8F%84%EA%B6%8C%20%EC%A0%84%EC%B2%A0%201%ED%98%B8%EC%84%A0,https://www.namu.moe/w/%EB%B6%80%ED%8F%89%EC%97%AD,,,
future_network,부평,인천1호선,동수,1호선,동암,,,needs_verification,topology_scaffold,https://namu.wiki/w/%EC%88%98%EB%8F%84%EA%B6%8C%20%EC%A0%84%EC%B2%A0%20%ED%99%98%EC%8A%B9%20%EC%A0%95%EB%B3%B4,,,,
future_network,부평,인천1호선,동수,1호선,백운,,,needs_verification,topology_scaffold,https://namu.wiki/w/%EC%88%98%EB%8F%84%EA%B6%8C%20%EC%A0%84%EC%B2%A0%20%ED%99%98%EC%8A%B9%20%EC%A0%95%EB%B3%B4,,,,
future_network,부평,인천1호선,부평시장,1호선,동암,,,needs_verification,topology_scaffold,https://namu.wiki/w/%EC%88%98%EB%8F%84%EA%B6%8C%20%EC%A0%84%EC%B2%A0%20%ED%99%98%EC%8A%B9%20%EC%A0%95%EB%B3%B4,,,,
future_network,부평,인천1호선,부평시장,1호선,백운,,,needs_verification,topology_scaffold,https://namu.wiki/w/%EC%88%98%EB%8F%84%EA%B6%8C%20%EC%A0%84%EC%B2%A0%20%ED%99%98%EC%8A%B9%20%EC%A0%95%EB%B3%B4,,,,
future_network,부평구청,7호선,굴포천,인천1호선,갈산,,,needs_verification,topology_scaffold,https://namu.wiki/w/%EC%88%98%EB%8F%84%EA%B6%8C%20%EC%A0%84%EC%B2%A0%20%ED%99%98%EC%8A%B9%20%EC%A0%95%EB%B3%B4/%EC%84%9C%EC%9A%B8%20%EC%A7%80%ED%95%98%EC%B2%A0%207%ED%98%B8%EC%84%A0,,,,
future_network,부평구청,7호선,굴포천,인천1호선,부평시장,,,needs_verification,topology_scaffold,https://namu.wiki/w/%EC%88%98%EB%8F%84%EA%B6%8C%20%EC%A0%84%EC%B2%A0%20%ED%99%98%EC%8A%B9%20%EC%A0%95%EB%B3%B4/%EC%84%9C%EC%9A%B8%20%EC%A7%80%ED%95%98%EC%B2%A0%207%ED%98%B8%EC%84%A0,,,,
future_network,부평구청,7호선,산곡,인천1호선,갈산,,,needs_verification,topology_scaffold,https://namu.wiki/w/%EC%88%98%EB%8F%84%EA%B6%8C%20%EC%A0%84%EC%B2%A0%20%ED%99%98%EC%8A%B9%20%EC%A0%95%EB%B3%B4/%EC%84%9C%EC%9A%B8%20%EC%A7%80%ED%95%98%EC%B2%A0%207%ED%98%B8%EC%84%A0,,,,
future_network,부평구청,7호선,산곡,인천1호선,부평시장,,,needs_verification,topology_scaffold,https://namu.wiki/w/%EC%88%98%EB%8F%84%EA%B6%8C%20%EC%A0%84%EC%B2%A0%20%ED%99%98%EC%8A%B9%20%EC%A0%95%EB%B3%B4/%EC%84%9C%EC%9A%B8%20%EC%A7%80%ED%95%98%EC%B2%A0%207%ED%98%B8%EC%84%A0,,,,
future_network,부평구청,인천1호선,갈산,7호선,굴포천,8-4,,verified,namu_station,https://namu.wiki/w/%EC%88%98%EB%8F%84%EA%B6%8C%20%EC%A0%84%EC%B2%A0%20%ED%99%98%EC%8A%B9%20%EC%A0%95%EB%B3%B4,https://namu.moe/w/%EB%B6%80%ED%8F%89%EA%B5%AC%EC%B2%AD%EC%97%AD,,,
future_network,부평구청,인천1호선,갈산,7호선,산곡,8-4,,verified,namu_station,https://namu.wiki/w/%EC%88%98%EB%8F%84%EA%B6%8C%20%EC%A0%84%EC%B2%A0%20%ED%99%98%EC%8A%B9%20%EC%A0%95%EB%B3%B4,https://namu.moe/w/%EB%B6%80%ED%8F%89%EA%B5%AC%EC%B2%AD%EC%97%AD,,,
future_network,부평구청,인천1호선,부평시장,7호선,굴포천,1-1,,verified,namu_station,https://namu.wiki/w/%EC%88%98%EB%8F%84%EA%B6%8C%20%EC%A0%84%EC%B2%A0%20%ED%99%98%EC%8A%B9%20%EC%A0%95%EB%B3%B4,https://namu.moe/w/%EB%B6%80%ED%8F%89%EA%B5%AC%EC%B2%AD%EC%97%AD,,,
future_network,부평구청,인천1호선,부평시장,7호선,산곡,1-1,,verified,namu_station,https://namu.wiki/w/%EC%88%98%EB%8F%84%EA%B6%8C%20%EC%A0%84%EC%B2%A0%20%ED%99%98%EC%8A%B9%20%EC%A0%95%EB%B3%B4,https://namu.moe/w/%EB%B6%80%ED%8F%89%EA%B5%AC%EC%B2%AD%EC%97%AD,,,
future_network,샛강,9호선,노량진,신림선,대방,1-3,,verified,namu_station,https://namu.wiki/w/%EC%88%98%EB%8F%84%EA%B6%8C%20%EC%A0%84%EC%B2%A0%20%ED%99%98%EC%8A%B9%20%EC%A0%95%EB%B3%B4/%EC%84%9C%EC%9A%B8%20%EC%A7%80%ED%95%98%EC%B2%A0%209%ED%98%B8%EC%84%A0,https://namu.moe/w/%EC%88%98%EB%8F%84%EA%B6%8C%20%EC%A0%84%EC%B2%A0%20%ED%99%98%EC%8A%B9%20%EC%A0%95%EB%B3%B4/%EC%84%9C%EC%9A%B8%20%EC%A7%80%ED%95%98%EC%B2%A0%209%ED%98%B8%EC%84%A0,,,
future_network,샛강,9호선,노량진,신림선,샛강,1-3,,verified,namu_station,https://namu.wiki/w/%EC%88%98%EB%8F%84%EA%B6%8C%20%EC%A0%84%EC%B2%A0%20%ED%99%98%EC%8A%B9%20%EC%A0%95%EB%B3%B4/%EC%84%9C%EC%9A%B8%20%EC%A7%80%ED%95%98%EC%B2%A0%209%ED%98%B8%EC%84%A0,https://namu.moe/w/%EC%88%98%EB%8F%84%EA%B6%8C%20%EC%A0%84%EC%B2%A0%20%ED%99%98%EC%8A%B9%20%EC%A0%95%EB%B3%B4/%EC%84%9C%EC%9A%B8%20%EC%A7%80%ED%95%98%EC%B2%A0%209%ED%98%B8%EC%84%A0,,,
future_network,샛강,9호선,여의도,신림선,대방,6-2,,verified,namu_station,https://namu.wiki/w/%EC%88%98%EB%8F%84%EA%B6%8C%20%EC%A0%84%EC%B2%A0%20%ED%99%98%EC%8A%B9%20%EC%A0%95%EB%B3%B4/%EC%84%9C%EC%9A%B8%20%EC%A7%80%ED%95%98%EC%B2%A0%209%ED%98%B8%EC%84%A0,https://namu.moe/w/%EC%88%98%EB%8F%84%EA%B6%8C%20%EC%A0%84%EC%B2%A0%20%ED%99%98%EC%8A%B9%20%EC%A0%95%EB%B3%B4/%EC%84%9C%EC%9A%B8%20%EC%A7%80%ED%95%98%EC%B2%A0%209%ED%98%B8%EC%84%A0,,,
future_network,샛강,9호선,여의도,신림선,샛강,6-2,,verified,namu_station,https://namu.wiki/w/%EC%88%98%EB%8F%84%EA%B6%8C%20%EC%A0%84%EC%B2%A0%20%ED%99%98%EC%8A%B9%20%EC%A0%95%EB%B3%B4/%EC%84%9C%EC%9A%B8%20%EC%A7%80%ED%95%98%EC%B2%A0%209%ED%98%B8%EC%84%A0,https://namu.moe/w/%EC%88%98%EB%8F%84%EA%B6%8C%20%EC%A0%84%EC%B2%A0%20%ED%99%98%EC%8A%B9%20%EC%A0%95%EB%B3%B4/%EC%84%9C%EC%9A%B8%20%EC%A7%80%ED%95%98%EC%B2%A0%209%ED%98%B8%EC%84%A0,,,
future_network,샛강,신림선,대방,9호선,노량진,,,needs_verification,topology_scaffold,https://namu.wiki/w/%EC%88%98%EB%8F%84%EA%B6%8C%20%EC%A0%84%EC%B2%A0%20%ED%99%98%EC%8A%B9%20%EC%A0%95%EB%B3%B4,,,,
future_network,샛강,신림선,대방,9호선,여의도,,,needs_verification,topology_scaffold,https://namu.wiki/w/%EC%88%98%EB%8F%84%EA%B6%8C%20%EC%A0%84%EC%B2%A0%20%ED%99%98%EC%8A%B9%20%EC%A0%95%EB%B3%B4,,,,
future_network,서울역,1호선,남영,GTX-A,연신내,,,needs_verification,topology_scaffold,https://namu.wiki/w/%EC%88%98%EB%8F%84%EA%B6%8C%20%EC%A0%84%EC%B2%A0%20%ED%99%98%EC%8A%B9%20%EC%A0%95%EB%B3%B4/%EC%88%98%EB%8F%84%EA%B6%8C%20%EC%A0%84%EC%B2%A0%201%ED%98%B8%EC%84%A0,,,,
future_network,서울역,1호선,시청,GTX-A,연신내,,,needs_verification,topology_scaffold,https://namu.wiki/w/%EC%88%98%EB%8F%84%EA%B6%8C%20%EC%A0%84%EC%B2%A0%20%ED%99%98%EC%8A%B9%20%EC%A0%95%EB%B3%B4/%EC%88%98%EB%8F%84%EA%B6%8C%20%EC%A0%84%EC%B2%A0%201%ED%98%B8%EC%84%A0,,,,
future_network,서울역,4호선,숙대입구,GTX-A,연신내,,,needs_verification,topology_scaffold,https://namu.wiki/w/%EC%88%98%EB%8F%84%EA%B6%8C%20%EC%A0%84%EC%B2%A0%20%ED%99%98%EC%8A%B9%20%EC%A0%95%EB%B3%B4/%EC%88%98%EB%8F%84%EA%B6%8C%20%EC%A0%84%EC%B2%A0%204%ED%98%B8%EC%84%A0,,,,
future_network,서울역,4호선,회현,GTX-A,연신내,,,needs_verification,topology_scaffold,https://namu.wiki/w/%EC%88%98%EB%8F%84%EA%B6%8C%20%EC%A0%84%EC%B2%A0%20%ED%99%98%EC%8A%B9%20%EC%A0%95%EB%B3%B4/%EC%88%98%EB%8F%84%EA%B6%8C%20%EC%A0%84%EC%B2%A0%204%ED%98%B8%EC%84%A0,,,,
future_network,서울역,GTX-A,연신내,1호선,남영,,,needs_verification,topology_scaffold,https://namu.wiki/w/%EC%88%98%EB%8F%84%EA%B6%8C%20%EC%A0%84%EC%B2%A0%20%ED%99%98%EC%8A%B9%20%EC%A0%95%EB%B3%B4,,,,
future_network,서울역,GTX-A,연신내,1호선,시청,,,needs_verification,topology_scaffold,https://namu.wiki/w/%EC%88%98%EB%8F%84%EA%B6%8C%20%EC%A0%84%EC%B2%A0%20%ED%99%98%EC%8A%B9%20%EC%A0%95%EB%B3%B4,,,,
future_network,서울역,GTX-A,연신내,4호선,숙대입구,,,needs_verification,topology_scaffold,https://namu.wiki/w/%EC%88%98%EB%8F%84%EA%B6%8C%20%EC%A0%84%EC%B2%A0%20%ED%99%98%EC%8A%B9%20%EC%A0%95%EB%B3%B4,,,,
future_network,서울역,GTX-A,연신내,4호선,회현,,,needs_verification,topology_scaffold,https://namu.wiki/w/%EC%88%98%EB%8F%84%EA%B6%8C%20%EC%A0%84%EC%B2%A0%20%ED%99%98%EC%8A%B9%20%EC%A0%95%EB%B3%B4,,,,
future_network,서울역,GTX-A,연신내,공항철도,공덕,,,needs_verification,topology_scaffold,https://namu.wiki/w/%EC%88%98%EB%8F%84%EA%B6%8C%20%EC%A0%84%EC%B2%A0%20%ED%99%98%EC%8A%B9%20%EC%A0%95%EB%B3%B4,,,,
future_network,서울역,공항철도,공덕,GTX-A,연신내,,,needs_verification,topology_scaffold,https://namu.wiki/w/%EC%88%98%EB%8F%84%EA%B6%8C%20%EC%A0%84%EC%B2%A0%20%ED%99%98%EC%8A%B9%20%EC%A0%95%EB%B3%B4,,,,
future_network,석남,7호선,산곡,인천2호선,가정중앙시장,7-1,,verified,namu_station_or_line,https://namu.wiki/w/%EC%88%98%EB%8F%84%EA%B6%8C%20%EC%A0%84%EC%B2%A0%20%ED%99%98%EC%8A%B9%20%EC%A0%95%EB%B3%B4/%EC%84%9C%EC%9A%B8%20%EC%A7%80%ED%95%98%EC%B2%A0%207%ED%98%B8%EC%84%A0,https://d.namu.moe/w/%EC%88%98%EB%8F%84%EA%B6%8C%20%EC%A0%84%EC%B2%A0%20%ED%99%98%EC%8A%B9%20%EC%A0%95%EB%B3%B4/%EC%84%9C%EC%9A%B8%20%EC%A7%80%ED%95%98%EC%B2%A0%207%ED%98%B8%EC%84%A0,7호선 석남 종착 → 인천2호선; Namu line page generic 7-1,,
future_network,석남,7호선,산곡,인천2호선,서부여성회관,7-1,,verified,namu_station_or_line,https://namu.wiki/w/%EC%88%98%EB%8F%84%EA%B6%8C%20%EC%A0%84%EC%B2%A0%20%ED%99%98%EC%8A%B9%20%EC%A0%95%EB%B3%B4/%EC%84%9C%EC%9A%B8%20%EC%A7%80%ED%95%98%EC%B2%A0%207%ED%98%B8%EC%84%A0,https://d.namu.moe/w/%EC%88%98%EB%8F%84%EA%B6%8C%20%EC%A0%84%EC%B2%A0%20%ED%99%98%EC%8A%B9%20%EC%A0%95%EB%B3%B4/%EC%84%9C%EC%9A%B8%20%EC%A7%80%ED%95%98%EC%B2%A0%207%ED%98%B8%EC%84%A0,7호선 석남 종착 → 인천2호선; Namu line page generic 7-1,,
future_network,석남,인천2호선,가정중앙시장,7호선,산곡,,,needs_verification,topology_scaffold,https://namu.wiki/w/%EC%88%98%EB%8F%84%EA%B6%8C%20%EC%A0%84%EC%B2%A0%20%ED%99%98%EC%8A%B9%20%EC%A0%95%EB%B3%B4,,,,
future_network,석남,인천2호선,서부여성회관,7호선,산곡,,,needs_verification,topology_scaffold,https://namu.wiki/w/%EC%88%98%EB%8F%84%EA%B6%8C%20%EC%A0%84%EC%B2%A0%20%ED%99%98%EC%8A%B9%20%EC%A0%95%EB%B3%B4,,,,
future_network,성남,GTX-A,구성,경강선,이매,,,needs_verification,topology_scaffold,https://namu.wiki/w/%EC%88%98%EB%8F%84%EA%B6%8C%20%EC%A0%84%EC%B2%A0%20%ED%99%98%EC%8A%B9%20%EC%A0%95%EB%B3%B4,,,,
future_network,성남,GTX-A,구성,경강선,판교,,,needs_verification,topology_scaffold,https://namu.wiki/w/%EC%88%98%EB%8F%84%EA%B6%8C%20%EC%A0%84%EC%B2%A0%20%ED%99%98%EC%8A%B9%20%EC%A0%95%EB%B3%B4,,,,
future_network,성남,GTX-A,수서,경강선,이매,,,needs_verification,topology_scaffold,https://namu.wiki/w/%EC%88%98%EB%8F%84%EA%B6%8C%20%EC%A0%84%EC%B2%A0%20%ED%99%98%EC%8A%B9%20%EC%A0%95%EB%B3%B4,,,,
future_network,성남,GTX-A,수서,경강선,판교,,,needs_verification,topology_scaffold,https://namu.wiki/w/%EC%88%98%EB%8F%84%EA%B6%8C%20%EC%A0%84%EC%B2%A0%20%ED%99%98%EC%8A%B9%20%EC%A0%95%EB%B3%B4,,,,
future_network,성남,경강선,이매,GTX-A,구성,,,needs_verification,topology_scaffold,https://namu.wiki/w/%EC%88%98%EB%8F%84%EA%B6%8C%20%EC%A0%84%EC%B2%A0%20%ED%99%98%EC%8A%B9%20%EC%A0%95%EB%B3%B4,,,,
future_network,성남,경강선,이매,GTX-A,수서,,,needs_verification,topology_scaffold,https://namu.wiki/w/%EC%88%98%EB%8F%84%EA%B6%8C%20%EC%A0%84%EC%B2%A0%20%ED%99%98%EC%8A%B9%20%EC%A0%95%EB%B3%B4,,,,
future_network,성남,경강선,판교,GTX-A,구성,,,needs_verification,topology_scaffold,https://namu.wiki/w/%EC%88%98%EB%8F%84%EA%B6%8C%20%EC%A0%84%EC%B2%A0%20%ED%99%98%EC%8A%B9%20%EC%A0%95%EB%B3%B4,,,,
future_network,성남,경강선,판교,GTX-A,수서,,,needs_verification,topology_scaffold,https://namu.wiki/w/%EC%88%98%EB%8F%84%EA%B6%8C%20%EC%A0%84%EC%B2%A0%20%ED%99%98%EC%8A%B9%20%EC%A0%95%EB%B3%B4,,,,
future_network,성신여대입구,4호선,길음,우이신설선,보문,5-2,,verified,namu_station,https://namu.wiki/w/%EC%88%98%EB%8F%84%EA%B6%8C%20%EC%A0%84%EC%B2%A0%20%ED%99%98%EC%8A%B9%20%EC%A0%95%EB%B3%B4/%EC%88%98%EB%8F%84%EA%B6%8C%20%EC%A0%84%EC%B2%A0%204%ED%98%B8%EC%84%A0,https://namu.moe/w/%EC%88%98%EB%8F%84%EA%B6%8C%20%EC%A0%84%EC%B2%A0%20%ED%99%98%EC%8A%B9%20%EC%A0%95%EB%B3%B4/%EC%88%98%EB%8F%84%EA%B6%8C%20%EC%A0%84%EC%B2%A0%204%ED%98%B8%EC%84%A0,,,
future_network,성신여대입구,4호선,길음,우이신설선,정릉,5-2,,verified,namu_station,https://namu.wiki/w/%EC%88%98%EB%8F%84%EA%B6%8C%20%EC%A0%84%EC%B2%A0%20%ED%99%98%EC%8A%B9%20%EC%A0%95%EB%B3%B4/%EC%88%98%EB%8F%84%EA%B6%8C%20%EC%A0%84%EC%B2%A0%204%ED%98%B8%EC%84%A0,https://namu.moe/w/%EC%88%98%EB%8F%84%EA%B6%8C%20%EC%A0%84%EC%B2%A0%20%ED%99%98%EC%8A%B9%20%EC%A0%95%EB%B3%B4/%EC%88%98%EB%8F%84%EA%B6%8C%20%EC%A0%84%EC%B2%A0%204%ED%98%B8%EC%84%A0,,,
future_network,성신여대입구,4호선,한성대입구,우이신설선,보문,5-4,,verified,namu_station,https://namu.wiki/w/%EC%88%98%EB%8F%84%EA%B6%8C%20%EC%A0%84%EC%B2%A0%20%ED%99%98%EC%8A%B9%20%EC%A0%95%EB%B3%B4/%EC%88%98%EB%8F%84%EA%B6%8C%20%EC%A0%84%EC%B2%A0%204%ED%98%B8%EC%84%A0,https://namu.moe/w/%EC%88%98%EB%8F%84%EA%B6%8C%20%EC%A0%84%EC%B2%A0%20%ED%99%98%EC%8A%B9%20%EC%A0%95%EB%B3%B4/%EC%88%98%EB%8F%84%EA%B6%8C%20%EC%A0%84%EC%B2%A0%204%ED%98%B8%EC%84%A0,,,
future_network,성신여대입구,4호선,한성대입구,우이신설선,정릉,5-4,,verified,namu_station,https://namu.wiki/w/%EC%88%98%EB%8F%84%EA%B6%8C%20%EC%A0%84%EC%B2%A0%20%ED%99%98%EC%8A%B9%20%EC%A0%95%EB%B3%B4/%EC%88%98%EB%8F%84%EA%B6%8C%20%EC%A0%84%EC%B2%A0%204%ED%98%B8%EC%84%A0,https://namu.moe/w/%EC%88%98%EB%8F%84%EA%B6%8C%20%EC%A0%84%EC%B2%A0%20%ED%99%98%EC%8A%B9%20%EC%A0%95%EB%B3%B4/%EC%88%98%EB%8F%84%EA%B6%8C%20%EC%A0%84%EC%B2%A0%204%ED%98%B8%EC%84%A0,,,
future_network,성신여대입구,우이신설선,보문,4호선,길음,,,needs_verification,topology_scaffold,https://namu.wiki/w/%EC%88%98%EB%8F%84%EA%B6%8C%20%EC%A0%84%EC%B2%A0%20%ED%99%98%EC%8A%B9%20%EC%A0%95%EB%B3%B4,,,,
future_network,성신여대입구,우이신설선,보문,4호선,한성대입구,,,needs_verification,topology_scaffold,https://namu.wiki/w/%EC%88%98%EB%8F%84%EA%B6%8C%20%EC%A0%84%EC%B2%A0%20%ED%99%98%EC%8A%B9%20%EC%A0%95%EB%B3%B4,,,,
future_network,성신여대입구,우이신설선,정릉,4호선,길음,,,needs_verification,topology_scaffold,https://namu.wiki/w/%EC%88%98%EB%8F%84%EA%B6%8C%20%EC%A0%84%EC%B2%A0%20%ED%99%98%EC%8A%B9%20%EC%A0%95%EB%B3%B4,,,,
future_network,성신여대입구,우이신설선,정릉,4호선,한성대입구,,,needs_verification,topology_scaffold,https://namu.wiki/w/%EC%88%98%EB%8F%84%EA%B6%8C%20%EC%A0%84%EC%B2%A0%20%ED%99%98%EC%8A%B9%20%EC%A0%95%EB%B3%B4,,,,
future_network,수서,3호선,가락시장,GTX-A,성남,6-3,,verified,namu_station,https://namu.wiki/w/%EC%88%98%EB%8F%84%EA%B6%8C%20%EC%A0%84%EC%B2%A0%20%ED%99%98%EC%8A%B9%20%EC%A0%95%EB%B3%B4/%EC%88%98%EB%8F%84%EA%B6%8C%20%EC%A0%84%EC%B2%A0%203%ED%98%B8%EC%84%A0,https://namu.wiki/w/%EC%88%98%EB%8F%84%EA%B6%8C%20%EC%A0%84%EC%B2%A0%20%ED%99%98%EC%8A%B9%20%EC%A0%95%EB%B3%B4/%EC%88%98%EB%8F%84%EA%B6%8C%20%EC%A0%84%EC%B2%A0%203%ED%98%B8%EC%84%A0,,,
future_network,수서,3호선,일원,GTX-A,성남,5-3,,verified,namu_station,https://namu.wiki/w/%EC%88%98%EB%8F%84%EA%B6%8C%20%EC%A0%84%EC%B2%A0%20%ED%99%98%EC%8A%B9%20%EC%A0%95%EB%B3%B4/%EC%88%98%EB%8F%84%EA%B6%8C%20%EC%A0%84%EC%B2%A0%203%ED%98%B8%EC%84%A0,https://namu.wiki/w/%EC%88%98%EB%8F%84%EA%B6%8C%20%EC%A0%84%EC%B2%A0%20%ED%99%98%EC%8A%B9%20%EC%A0%95%EB%B3%B4/%EC%88%98%EB%8F%84%EA%B6%8C%20%EC%A0%84%EC%B2%A0%203%ED%98%B8%EC%84%A0,,,
future_network,수서,GTX-A,성남,수인분당선,대모산입구,,,needs_verification,topology_scaffold,https://namu.wiki/w/%EC%88%98%EB%8F%84%EA%B6%8C%20%EC%A0%84%EC%B2%A0%20%ED%99%98%EC%8A%B9%20%EC%A0%95%EB%B3%B4,,,,
future_network,수서,GTX-A,성남,수인분당선,복정,,,needs_verification,topology_scaffold,https://namu.wiki/w/%EC%88%98%EB%8F%84%EA%B6%8C%20%EC%A0%84%EC%B2%A0%20%ED%99%98%EC%8A%B9%20%EC%A0%95%EB%B3%B4,,,,
future_network,수서,수인분당선,대모산입구,GTX-A,성남,,,needs_verification,topology_scaffold,https://namu.wiki/w/%EC%88%98%EB%8F%84%EA%B6%8C%20%EC%A0%84%EC%B2%A0%20%ED%99%98%EC%8A%B9%20%EC%A0%95%EB%B3%B4/%EC%88%98%EB%8F%84%EA%B6%8C%20%EC%A0%84%EC%B2%A0%20%EC%88%98%EC%9D%B8%C2%B7%EB%B6%84%EB%8B%B9%EC%84%A0,,,,
future_network,수서,수인분당선,복정,GTX-A,성남,,,needs_verification,topology_scaffold,https://namu.wiki/w/%EC%88%98%EB%8F%84%EA%B6%8C%20%EC%A0%84%EC%B2%A0%20%ED%99%98%EC%8A%B9%20%EC%A0%95%EB%B3%B4/%EC%88%98%EB%8F%84%EA%B6%8C%20%EC%A0%84%EC%B2%A0%20%EC%88%98%EC%9D%B8%C2%B7%EB%B6%84%EB%8B%B9%EC%84%A0,,,,
future_network,신림,2호선,봉천,신림선,당곡,5-2,,verified,namu_station_or_line,https://namu.wiki/w/%EC%88%98%EB%8F%84%EA%B6%8C%20%EC%A0%84%EC%B2%A0%20%ED%99%98%EC%8A%B9%20%EC%A0%95%EB%B3%B4/%EC%84%9C%EC%9A%B8%20%EC%A7%80%ED%95%98%EC%B2%A0%202%ED%98%B8%EC%84%A0,https://namu.moe/w/%EC%88%98%EB%8F%84%EA%B6%8C%20%EC%A0%84%EC%B2%A0%20%ED%99%98%EC%8A%B9%20%EC%A0%95%EB%B3%B4/%EC%84%9C%EC%9A%B8%20%EC%A7%80%ED%95%98%EC%B2%A0%202%ED%98%B8%EC%84%A0,2호선 외선순환 → 신림선,,
future_network,신림,2호선,봉천,신림선,서원,5-2,,verified,namu_station_or_line,https://namu.wiki/w/%EC%88%98%EB%8F%84%EA%B6%8C%20%EC%A0%84%EC%B2%A0%20%ED%99%98%EC%8A%B9%20%EC%A0%95%EB%B3%B4/%EC%84%9C%EC%9A%B8%20%EC%A7%80%ED%95%98%EC%B2%A0%202%ED%98%B8%EC%84%A0,https://namu.moe/w/%EC%88%98%EB%8F%84%EA%B6%8C%20%EC%A0%84%EC%B2%A0%20%ED%99%98%EC%8A%B9%20%EC%A0%95%EB%B3%B4/%EC%84%9C%EC%9A%B8%20%EC%A7%80%ED%95%98%EC%B2%A0%202%ED%98%B8%EC%84%A0,2호선 외선순환 → 신림선,,
future_network,신림,2호선,신대방,신림선,당곡,6-2,,verified,namu_station_or_line,https://namu.wiki/w/%EC%88%98%EB%8F%84%EA%B6%8C%20%EC%A0%84%EC%B2%A0%20%ED%99%98%EC%8A%B9%20%EC%A0%95%EB%B3%B4/%EC%84%9C%EC%9A%B8%20%EC%A7%80%ED%95%98%EC%B2%A0%202%ED%98%B8%EC%84%A0,https://namu.moe/w/%EC%88%98%EB%8F%84%EA%B6%8C%20%EC%A0%84%EC%B2%A0%20%ED%99%98%EC%8A%B9%20%EC%A0%95%EB%B3%B4/%EC%84%9C%EC%9A%B8%20%EC%A7%80%ED%95%98%EC%B2%A0%202%ED%98%B8%EC%84%A0,2호선 내선순환 → 신림선,,
future_network,신림,2호선,신대방,신림선,서원,6-2,,verified,namu_station_or_line,https://namu.wiki/w/%EC%88%98%EB%8F%84%EA%B6%8C%20%EC%A0%84%EC%B2%A0%20%ED%99%98%EC%8A%B9%20%EC%A0%95%EB%B3%B4/%EC%84%9C%EC%9A%B8%20%EC%A7%80%ED%95%98%EC%B2%A0%202%ED%98%B8%EC%84%A0,https://namu.moe/w/%EC%88%98%EB%8F%84%EA%B6%8C%20%EC%A0%84%EC%B2%A0%20%ED%99%98%EC%8A%B9%20%EC%A0%95%EB%B3%B4/%EC%84%9C%EC%9A%B8%20%EC%A7%80%ED%95%98%EC%B2%A0%202%ED%98%B8%EC%84%A0,2호선 내선순환 → 신림선,,
future_network,신림,신림선,당곡,2호선,봉천,,,needs_verification,topology_scaffold,https://namu.wiki/w/%EC%88%98%EB%8F%84%EA%B6%8C%20%EC%A0%84%EC%B2%A0%20%ED%99%98%EC%8A%B9%20%EC%A0%95%EB%B3%B4,,,,
future_network,신림,신림선,당곡,2호선,신대방,,,needs_verification,topology_scaffold,https://namu.wiki/w/%EC%88%98%EB%8F%84%EA%B6%8C%20%EC%A0%84%EC%B2%A0%20%ED%99%98%EC%8A%B9%20%EC%A0%95%EB%B3%B4,,,,
future_network,신림,신림선,서원,2호선,봉천,,,needs_verification,topology_scaffold,https://namu.wiki/w/%EC%88%98%EB%8F%84%EA%B6%8C%20%EC%A0%84%EC%B2%A0%20%ED%99%98%EC%8A%B9%20%EC%A0%95%EB%B3%B4,,,,
future_network,신림,신림선,서원,2호선,신대방,,,needs_verification,topology_scaffold,https://namu.wiki/w/%EC%88%98%EB%8F%84%EA%B6%8C%20%EC%A0%84%EC%B2%A0%20%ED%99%98%EC%8A%B9%20%EC%A0%95%EB%B3%B4,,,,
future_network,신설동,1호선,동묘앞,우이신설선,보문,2-1,,verified,namu_station,https://namu.wiki/w/%EC%88%98%EB%8F%84%EA%B6%8C%20%EC%A0%84%EC%B2%A0%20%ED%99%98%EC%8A%B9%20%EC%A0%95%EB%B3%B4/%EC%88%98%EB%8F%84%EA%B6%8C%20%EC%A0%84%EC%B2%A0%201%ED%98%B8%EC%84%A0,https://namu.moe/w/%EC%8B%A0%EC%84%A4%EB%8F%99%EC%97%AD,1호선 서울역/인천·신창 방면,,
future_network,신설동,1호선,제기동,우이신설선,보문,9-4,,verified,namu_station,https://namu.wiki/w/%EC%88%98%EB%8F%84%EA%B6%8C%20%EC%A0%84%EC%B2%A0%20%ED%99%98%EC%8A%B9%20%EC%A0%95%EB%B3%B4/%EC%88%98%EB%8F%84%EA%B6%8C%20%EC%A0%84%EC%B2%A0%201%ED%98%B8%EC%84%A0,https://namu.moe/w/%EC%8B%A0%EC%84%A4%EB%8F%99%EC%97%AD,1호선 연천/청량리 방면,,
future_network,신설동,2호선 성수지선,용두,우이신설선,보문,1-1,,verified,namu_station,https://namu.wiki/w/%EC%88%98%EB%8F%84%EA%B6%8C%20%EC%A0%84%EC%B2%A0%20%ED%99%98%EC%8A%B9%20%EC%A0%95%EB%B3%B4,https://namu.moe/w/%EC%88%98%EB%8F%84%EA%B6%8C%20%EC%A0%84%EC%B2%A0%20%ED%99%98%EC%8A%B9%20%EC%A0%95%EB%B3%B4/%EC%84%9C%EC%9A%B8%20%EC%A7%80%ED%95%98%EC%B2%A0%202%ED%98%B8%EC%84%A0,2호선 성수지선→우이신설선,,
future_network,신설동,우이신설선,,1호선,동묘앞,1-2,,verified,namu_station,https://namu.wiki/w/%EC%88%98%EB%8F%84%EA%B6%8C%20%EC%A0%84%EC%B2%A0%20%ED%99%98%EC%8A%B9%20%EC%A0%95%EB%B3%B4,https://namu.moe/w/%EC%8B%A0%EC%84%A4%EB%8F%99%EC%97%AD,우이신설선 신설동 종착→기존선,,
future_network,신설동,우이신설선,,1호선,제기동,1-2,,verified,namu_station,https://namu.wiki/w/%EC%88%98%EB%8F%84%EA%B6%8C%20%EC%A0%84%EC%B2%A0%20%ED%99%98%EC%8A%B9%20%EC%A0%95%EB%B3%B4,https://namu.moe/w/%EC%8B%A0%EC%84%A4%EB%8F%99%EC%97%AD,우이신설선 신설동 종착→기존선,,
future_network,신설동,우이신설선,,2호선 성수지선,용두,1-2,,verified,namu_station,https://namu.wiki/w/%EC%88%98%EB%8F%84%EA%B6%8C%20%EC%A0%84%EC%B2%A0%20%ED%99%98%EC%8A%B9%20%EC%A0%95%EB%B3%B4,https://namu.moe/w/%EC%8B%A0%EC%84%A4%EB%8F%99%EC%97%AD,우이신설선 신설동 종착→기존선,,
future_network,연신내,3호선,구파발,GTX-A,서울역,5-1,,verified,namu_station,https://namu.wiki/w/%EC%88%98%EB%8F%84%EA%B6%8C%20%EC%A0%84%EC%B2%A0%20%ED%99%98%EC%8A%B9%20%EC%A0%95%EB%B3%B4/%EC%88%98%EB%8F%84%EA%B6%8C%20%EC%A0%84%EC%B2%A0%203%ED%98%B8%EC%84%A0,https://namu.wiki/w/%EC%88%98%EB%8F%84%EA%B6%8C%20%EC%A0%84%EC%B2%A0%20%ED%99%98%EC%8A%B9%20%EC%A0%95%EB%B3%B4/%EC%88%98%EB%8F%84%EA%B6%8C%20%EC%A0%84%EC%B2%A0%203%ED%98%B8%EC%84%A0,,,
future_network,연신내,3호선,불광,GTX-A,서울역,6-3,,verified,namu_station,https://namu.wiki/w/%EC%88%98%EB%8F%84%EA%B6%8C%20%EC%A0%84%EC%B2%A0%20%ED%99%98%EC%8A%B9%20%EC%A0%95%EB%B3%B4/%EC%88%98%EB%8F%84%EA%B6%8C%20%EC%A0%84%EC%B2%A0%203%ED%98%B8%EC%84%A0,https://namu.wiki/w/%EC%88%98%EB%8F%84%EA%B6%8C%20%EC%A0%84%EC%B2%A0%20%ED%99%98%EC%8A%B9%20%EC%A0%95%EB%B3%B4/%EC%88%98%EB%8F%84%EA%B6%8C%20%EC%A0%84%EC%B2%A0%203%ED%98%B8%EC%84%A0,,,
future_network,연신내,6호선,구산,GTX-A,서울역,6-2,,verified,namu_station,https://namu.wiki/w/%EC%88%98%EB%8F%84%EA%B6%8C%20%EC%A0%84%EC%B2%A0%20%ED%99%98%EC%8A%B9%20%EC%A0%95%EB%B3%B4/%EC%84%9C%EC%9A%B8%20%EC%A7%80%ED%95%98%EC%B2%A0%206%ED%98%B8%EC%84%A0,https://namu.wiki/w/%EC%88%98%EB%8F%84%EA%B6%8C%20%EC%A0%84%EC%B2%A0%20%ED%99%98%EC%8A%B9%20%EC%A0%95%EB%B3%B4/%EC%84%9C%EC%9A%B8%20%EC%A7%80%ED%95%98%EC%B2%A0%206%ED%98%B8%EC%84%A0,,,
future_network,연신내,6호선,독바위,GTX-A,서울역,6-2,,verified,namu_station,https://namu.wiki/w/%EC%88%98%EB%8F%84%EA%B6%8C%20%EC%A0%84%EC%B2%A0%20%ED%99%98%EC%8A%B9%20%EC%A0%95%EB%B3%B4/%EC%84%9C%EC%9A%B8%20%EC%A7%80%ED%95%98%EC%B2%A0%206%ED%98%B8%EC%84%A0,https://namu.wiki/w/%EC%88%98%EB%8F%84%EA%B6%8C%20%EC%A0%84%EC%B2%A0%20%ED%99%98%EC%8A%B9%20%EC%A0%95%EB%B3%B4/%EC%84%9C%EC%9A%B8%20%EC%A7%80%ED%95%98%EC%B2%A0%206%ED%98%B8%EC%84%A0,,,
future_network,원인재,수인분당선,남동인더스파크,인천1호선,동춘,2-2,,verified,namu_station_or_line,https://namu.wiki/w/%EC%88%98%EB%8F%84%EA%B6%8C%20%EC%A0%84%EC%B2%A0%20%ED%99%98%EC%8A%B9%20%EC%A0%95%EB%B3%B4/%EC%88%98%EB%8F%84%EA%B6%8C%20%EC%A0%84%EC%B2%A0%20%EC%88%98%EC%9D%B8%C2%B7%EB%B6%84%EB%8B%B9%EC%84%A0,https://www.data.go.kr/data/15041062/fileData.do,국가철도공단 수인선 환승정보 미리보기,,
future_network,원인재,수인분당선,남동인더스파크,인천1호선,신연수,2-2,,verified,namu_station_or_line,https://namu.wiki/w/%EC%88%98%EB%8F%84%EA%B6%8C%20%EC%A0%84%EC%B2%A0%20%ED%99%98%EC%8A%B9%20%EC%A0%95%EB%B3%B4/%EC%88%98%EB%8F%84%EA%B6%8C%20%EC%A0%84%EC%B2%A0%20%EC%88%98%EC%9D%B8%C2%B7%EB%B6%84%EB%8B%B9%EC%84%A0,https://www.data.go.kr/data/15041062/fileData.do,국가철도공단 수인선 환승정보 미리보기,,
future_network,원인재,수인분당선,연수,인천1호선,동춘,2-2,,verified,namu_station_or_line,https://namu.wiki/w/%EC%88%98%EB%8F%84%EA%B6%8C%20%EC%A0%84%EC%B2%A0%20%ED%99%98%EC%8A%B9%20%EC%A0%95%EB%B3%B4/%EC%88%98%EB%8F%84%EA%B6%8C%20%EC%A0%84%EC%B2%A0%20%EC%88%98%EC%9D%B8%C2%B7%EB%B6%84%EB%8B%B9%EC%84%A0,https://www.data.go.kr/data/15041062/fileData.do,국가철도공단 수인선 환승정보 미리보기,,
future_network,원인재,수인분당선,연수,인천1호선,신연수,2-2,,verified,namu_station_or_line,https://namu.wiki/w/%EC%88%98%EB%8F%84%EA%B6%8C%20%EC%A0%84%EC%B2%A0%20%ED%99%98%EC%8A%B9%20%EC%A0%95%EB%B3%B4/%EC%88%98%EB%8F%84%EA%B6%8C%20%EC%A0%84%EC%B2%A0%20%EC%88%98%EC%9D%B8%C2%B7%EB%B6%84%EB%8B%B9%EC%84%A0,https://www.data.go.kr/data/15041062/fileData.do,국가철도공단 수인선 환승정보 미리보기,,
future_network,원인재,인천1호선,동춘,수인분당선,남동인더스파크,,,needs_verification,topology_scaffold,https://namu.wiki/w/%EC%88%98%EB%8F%84%EA%B6%8C%20%EC%A0%84%EC%B2%A0%20%ED%99%98%EC%8A%B9%20%EC%A0%95%EB%B3%B4,,,,
future_network,원인재,인천1호선,동춘,수인분당선,연수,,,needs_verification,topology_scaffold,https://namu.wiki/w/%EC%88%98%EB%8F%84%EA%B6%8C%20%EC%A0%84%EC%B2%A0%20%ED%99%98%EC%8A%B9%20%EC%A0%95%EB%B3%B4,,,,
future_network,원인재,인천1호선,신연수,수인분당선,남동인더스파크,,,needs_verification,topology_scaffold,https://namu.wiki/w/%EC%88%98%EB%8F%84%EA%B6%8C%20%EC%A0%84%EC%B2%A0%20%ED%99%98%EC%8A%B9%20%EC%A0%95%EB%B3%B4,,,,
future_network,원인재,인천1호선,신연수,수인분당선,연수,,,needs_verification,topology_scaffold,https://namu.wiki/w/%EC%88%98%EB%8F%84%EA%B6%8C%20%EC%A0%84%EC%B2%A0%20%ED%99%98%EC%8A%B9%20%EC%A0%95%EB%B3%B4,,,,
future_network,인천시청,인천1호선,간석오거리,인천2호선,석바위시장,8-4,,verified,namu_station_or_line,https://namu.wiki/w/%EC%88%98%EB%8F%84%EA%B6%8C%20%EC%A0%84%EC%B2%A0%20%ED%99%98%EC%8A%B9%20%EC%A0%95%EB%B3%B4,https://namu.moe/w/%EC%9D%B8%EC%B2%9C%EC%8B%9C%EC%B2%AD%EC%97%AD,인천1호선 검단호수공원 방면 → 인천2호선,,
future_network,인천시청,인천1호선,간석오거리,인천2호선,석천사거리,8-4,,verified,namu_station_or_line,https://namu.wiki/w/%EC%88%98%EB%8F%84%EA%B6%8C%20%EC%A0%84%EC%B2%A0%20%ED%99%98%EC%8A%B9%20%EC%A0%95%EB%B3%B4,https://namu.moe/w/%EC%9D%B8%EC%B2%9C%EC%8B%9C%EC%B2%AD%EC%97%AD,인천1호선 검단호수공원 방면 → 인천2호선,,
future_network,인천시청,인천1호선,예술회관,인천2호선,석바위시장,1-1,,verified,namu_station_or_line,https://namu.wiki/w/%EC%88%98%EB%8F%84%EA%B6%8C%20%EC%A0%84%EC%B2%A0%20%ED%99%98%EC%8A%B9%20%EC%A0%95%EB%B3%B4,https://namu.moe/w/%EC%9D%B8%EC%B2%9C%EC%8B%9C%EC%B2%AD%EC%97%AD,인천1호선 송도달빛축제공원 방면 → 인천2호선,,
future_network,인천시청,인천1호선,예술회관,인천2호선,석천사거리,1-1,,verified,namu_station_or_line,https://namu.wiki/w/%EC%88%98%EB%8F%84%EA%B6%8C%20%EC%A0%84%EC%B2%A0%20%ED%99%98%EC%8A%B9%20%EC%A0%95%EB%B3%B4,https://namu.moe/w/%EC%9D%B8%EC%B2%9C%EC%8B%9C%EC%B2%AD%EC%97%AD,인천1호선 송도달빛축제공원 방면 → 인천2호선,,
future_network,인천시청,인천2호선,석바위시장,인천1호선,간석오거리,2-3,,verified,namu_station,https://namu.wiki/w/%EC%88%98%EB%8F%84%EA%B6%8C%20%EC%A0%84%EC%B2%A0%20%ED%99%98%EC%8A%B9%20%EC%A0%95%EB%B3%B4,https://namu.moe/w/%EC%9D%B8%EC%B2%9C%EC%8B%9C%EC%B2%AD%EC%97%AD,,,
future_network,인천시청,인천2호선,석바위시장,인천1호선,예술회관,2-3,,verified,namu_station,https://namu.wiki/w/%EC%88%98%EB%8F%84%EA%B6%8C%20%EC%A0%84%EC%B2%A0%20%ED%99%98%EC%8A%B9%20%EC%A0%95%EB%B3%B4,https://namu.moe/w/%EC%9D%B8%EC%B2%9C%EC%8B%9C%EC%B2%AD%EC%97%AD,,,
future_network,인천시청,인천2호선,석천사거리,인천1호선,간석오거리,1-1,,verified,namu_station,https://namu.wiki/w/%EC%88%98%EB%8F%84%EA%B6%8C%20%EC%A0%84%EC%B2%A0%20%ED%99%98%EC%8A%B9%20%EC%A0%95%EB%B3%B4,https://namu.moe/w/%EC%9D%B8%EC%B2%9C%EC%8B%9C%EC%B2%AD%EC%97%AD,,,
future_network,인천시청,인천2호선,석천사거리,인천1호선,예술회관,1-1,,verified,namu_station,https://namu.wiki/w/%EC%88%98%EB%8F%84%EA%B6%8C%20%EC%A0%84%EC%B2%A0%20%ED%99%98%EC%8A%B9%20%EC%A0%95%EB%B3%B4,https://namu.moe/w/%EC%9D%B8%EC%B2%9C%EC%8B%9C%EC%B2%AD%EC%97%AD,,,
future_network,주안,1호선,간석,인천2호선,시민공원,,,needs_verification,topology_scaffold,https://namu.wiki/w/%EC%88%98%EB%8F%84%EA%B6%8C%20%EC%A0%84%EC%B2%A0%20%ED%99%98%EC%8A%B9%20%EC%A0%95%EB%B3%B4/%EC%88%98%EB%8F%84%EA%B6%8C%20%EC%A0%84%EC%B2%A0%201%ED%98%B8%EC%84%A0,,,,
future_network,주안,1호선,간석,인천2호선,주안국가산단,,,needs_verification,topology_scaffold,https://namu.wiki/w/%EC%88%98%EB%8F%84%EA%B6%8C%20%EC%A0%84%EC%B2%A0%20%ED%99%98%EC%8A%B9%20%EC%A0%95%EB%B3%B4/%EC%88%98%EB%8F%84%EA%B6%8C%20%EC%A0%84%EC%B2%A0%201%ED%98%B8%EC%84%A0,,,,
future_network,주안,1호선,도화,인천2호선,시민공원,,,needs_verification,topology_scaffold,https://namu.wiki/w/%EC%88%98%EB%8F%84%EA%B6%8C%20%EC%A0%84%EC%B2%A0%20%ED%99%98%EC%8A%B9%20%EC%A0%95%EB%B3%B4/%EC%88%98%EB%8F%84%EA%B6%8C%20%EC%A0%84%EC%B2%A0%201%ED%98%B8%EC%84%A0,,,,
future_network,주안,1호선,도화,인천2호선,주안국가산단,,,needs_verification,topology_scaffold,https://namu.wiki/w/%EC%88%98%EB%8F%84%EA%B6%8C%20%EC%A0%84%EC%B2%A0%20%ED%99%98%EC%8A%B9%20%EC%A0%95%EB%B3%B4/%EC%88%98%EB%8F%84%EA%B6%8C%20%EC%A0%84%EC%B2%A0%201%ED%98%B8%EC%84%A0,,,,
future_network,주안,인천2호선,시민공원,1호선,간석,,,needs_verification,topology_scaffold,https://namu.wiki/w/%EC%88%98%EB%8F%84%EA%B6%8C%20%EC%A0%84%EC%B2%A0%20%ED%99%98%EC%8A%B9%20%EC%A0%95%EB%B3%B4,,,,
future_network,주안,인천2호선,시민공원,1호선,도화,,,needs_verification,topology_scaffold,https://namu.wiki/w/%EC%88%98%EB%8F%84%EA%B6%8C%20%EC%A0%84%EC%B2%A0%20%ED%99%98%EC%8A%B9%20%EC%A0%95%EB%B3%B4,,,,
future_network,주안,인천2호선,주안국가산단,1호선,간석,,,needs_verification,topology_scaffold,https://namu.wiki/w/%EC%88%98%EB%8F%84%EA%B6%8C%20%EC%A0%84%EC%B2%A0%20%ED%99%98%EC%8A%B9%20%EC%A0%95%EB%B3%B4,,,,
future_network,주안,인천2호선,주안국가산단,1호선,도화,,,needs_verification,topology_scaffold,https://namu.wiki/w/%EC%88%98%EB%8F%84%EA%B6%8C%20%EC%A0%84%EC%B2%A0%20%ED%99%98%EC%8A%B9%20%EC%A0%95%EB%B3%B4,,,,
future_network,회룡,1호선,망월사,의정부경전철,범골,,,needs_verification,topology_scaffold,https://namu.wiki/w/%EC%88%98%EB%8F%84%EA%B6%8C%20%EC%A0%84%EC%B2%A0%20%ED%99%98%EC%8A%B9%20%EC%A0%95%EB%B3%B4/%EC%88%98%EB%8F%84%EA%B6%8C%20%EC%A0%84%EC%B2%A0%201%ED%98%B8%EC%84%A0,,,,
future_network,회룡,1호선,의정부,의정부경전철,범골,,,needs_verification,topology_scaffold,https://namu.wiki/w/%EC%88%98%EB%8F%84%EA%B6%8C%20%EC%A0%84%EC%B2%A0%20%ED%99%98%EC%8A%B9%20%EC%A0%95%EB%B3%B4/%EC%88%98%EB%8F%84%EA%B6%8C%20%EC%A0%84%EC%B2%A0%201%ED%98%B8%EC%84%A0,,,,
future_network,회룡,의정부경전철,범골,1호선,망월사,,,needs_verification,topology_scaffold,https://namu.wiki/w/%EC%88%98%EB%8F%84%EA%B6%8C%20%EC%A0%84%EC%B2%A0%20%ED%99%98%EC%8A%B9%20%EC%A0%95%EB%B3%B4,,,,
future_network,회룡,의정부경전철,범골,1호선,의정부,,,needs_verification,topology_scaffold,https://namu.wiki/w/%EC%88%98%EB%8F%84%EA%B6%8C%20%EC%A0%84%EC%B2%A0%20%ED%99%98%EC%8A%B9%20%EC%A0%95%EB%B3%B4,,,,
